ISO-10303-21;
HEADER;
/* Generated by software containing ST-Developer
 * from STEP Tools, Inc. (www.steptools.com) 
 */
/* OPTION: using custom schema-name function */

FILE_DESCRIPTION(
/* description */ (''),
/* implementation_level */ '2;1');

FILE_NAME(
/* name */ '100072334ugm000_b.stp',
/* time_stamp */ '2022-04-26T16:29:27+02:00',
/* author */ (''),
/* organization */ (''),
/* preprocessor_version */ 'ST-DEVELOPER v16.7',
/* originating_system */ 'SIEMENS PLM Software NX 1911',
/* authorisation */ '');

FILE_SCHEMA (('AUTOMOTIVE_DESIGN { 1 0 10303 214 3 1 1 1 }'));
ENDSEC;

DATA;
#10=SHAPE_REPRESENTATION_RELATIONSHIP('None',
'relationship between 100072334ugm000_b-None and 100072334ugm000_b-Non
e',#22,#11);
#11=ADVANCED_BREP_SHAPE_REPRESENTATION('100072334ugm000_b-None',(#376),
#14841);
#12=SHAPE_DEFINITION_REPRESENTATION(#13,#22);
#13=PRODUCT_DEFINITION_SHAPE('','',#14);
#14=PRODUCT_DEFINITION(' ','',#16,#15);
#15=PRODUCT_DEFINITION_CONTEXT('part definition',#21,'design');
#16=PRODUCT_DEFINITION_FORMATION_WITH_SPECIFIED_SOURCE(' ',' ',#18,
 .NOT_KNOWN.);
#17=PRODUCT_RELATED_PRODUCT_CATEGORY('part','',(#18));
#18=PRODUCT('100072334ugm000_b','100072334ugm000_b',' ',(#19));
#19=PRODUCT_CONTEXT(' ',#21,'mechanical');
#20=APPLICATION_PROTOCOL_DEFINITION('international standard',
'automotive_design',2010,#21);
#21=APPLICATION_CONTEXT(
'core data for automotive mechanical design processes');
#22=SHAPE_REPRESENTATION('100072334ugm000_b-None',(#7788),#14841);
#23=OVER_RIDING_STYLED_ITEM('',(#75),#2437,#73);
#24=OVER_RIDING_STYLED_ITEM('',(#76),#2438,#73);
#25=OVER_RIDING_STYLED_ITEM('',(#77),#2439,#73);
#26=OVER_RIDING_STYLED_ITEM('',(#78),#2440,#73);
#27=OVER_RIDING_STYLED_ITEM('',(#79),#2441,#73);
#28=OVER_RIDING_STYLED_ITEM('',(#80),#2442,#73);
#29=OVER_RIDING_STYLED_ITEM('',(#81),#2443,#73);
#30=OVER_RIDING_STYLED_ITEM('',(#82),#2444,#73);
#31=OVER_RIDING_STYLED_ITEM('',(#83),#2445,#73);
#32=OVER_RIDING_STYLED_ITEM('',(#84),#2446,#73);
#33=OVER_RIDING_STYLED_ITEM('',(#85),#2447,#73);
#34=OVER_RIDING_STYLED_ITEM('',(#86),#2460,#73);
#35=OVER_RIDING_STYLED_ITEM('',(#87),#2461,#73);
#36=OVER_RIDING_STYLED_ITEM('',(#88),#2462,#73);
#37=OVER_RIDING_STYLED_ITEM('',(#89),#2463,#73);
#38=OVER_RIDING_STYLED_ITEM('',(#90),#2464,#73);
#39=OVER_RIDING_STYLED_ITEM('',(#91),#2465,#73);
#40=OVER_RIDING_STYLED_ITEM('',(#92),#2466,#73);
#41=OVER_RIDING_STYLED_ITEM('',(#93),#2467,#73);
#42=OVER_RIDING_STYLED_ITEM('',(#94),#2468,#73);
#43=OVER_RIDING_STYLED_ITEM('',(#95),#2469,#73);
#44=OVER_RIDING_STYLED_ITEM('',(#96),#2470,#73);
#45=OVER_RIDING_STYLED_ITEM('',(#97),#2471,#73);
#46=OVER_RIDING_STYLED_ITEM('',(#98),#2472,#73);
#47=OVER_RIDING_STYLED_ITEM('',(#99),#2473,#73);
#48=OVER_RIDING_STYLED_ITEM('',(#100),#2474,#73);
#49=OVER_RIDING_STYLED_ITEM('',(#101),#2475,#73);
#50=OVER_RIDING_STYLED_ITEM('',(#102),#2476,#73);
#51=OVER_RIDING_STYLED_ITEM('',(#103),#2477,#73);
#52=OVER_RIDING_STYLED_ITEM('',(#104),#2478,#73);
#53=OVER_RIDING_STYLED_ITEM('',(#105),#2479,#73);
#54=OVER_RIDING_STYLED_ITEM('',(#106),#2480,#73);
#55=OVER_RIDING_STYLED_ITEM('',(#107),#2481,#73);
#56=OVER_RIDING_STYLED_ITEM('',(#108),#2482,#73);
#57=OVER_RIDING_STYLED_ITEM('',(#109),#2483,#73);
#58=OVER_RIDING_STYLED_ITEM('',(#110),#2484,#73);
#59=OVER_RIDING_STYLED_ITEM('',(#111),#2485,#73);
#60=OVER_RIDING_STYLED_ITEM('',(#112),#2486,#73);
#61=OVER_RIDING_STYLED_ITEM('',(#113),#2487,#73);
#62=OVER_RIDING_STYLED_ITEM('',(#114),#2488,#73);
#63=OVER_RIDING_STYLED_ITEM('',(#115),#2489,#73);
#64=OVER_RIDING_STYLED_ITEM('',(#116),#2490,#73);
#65=OVER_RIDING_STYLED_ITEM('',(#117),#2491,#73);
#66=OVER_RIDING_STYLED_ITEM('',(#118),#2492,#73);
#67=OVER_RIDING_STYLED_ITEM('',(#119),#2493,#73);
#68=OVER_RIDING_STYLED_ITEM('',(#120),#2494,#73);
#69=OVER_RIDING_STYLED_ITEM('',(#121),#2495,#73);
#70=OVER_RIDING_STYLED_ITEM('',(#122),#2496,#73);
#71=OVER_RIDING_STYLED_ITEM('',(#123),#2497,#73);
#72=PRESENTATION_LAYER_ASSIGNMENT('1','Layer 1',(#376));
#73=STYLED_ITEM('',(#74),#376);
#74=PRESENTATION_STYLE_ASSIGNMENT((#124));
#75=PRESENTATION_STYLE_ASSIGNMENT((#125));
#76=PRESENTATION_STYLE_ASSIGNMENT((#126));
#77=PRESENTATION_STYLE_ASSIGNMENT((#127));
#78=PRESENTATION_STYLE_ASSIGNMENT((#128));
#79=PRESENTATION_STYLE_ASSIGNMENT((#129));
#80=PRESENTATION_STYLE_ASSIGNMENT((#130));
#81=PRESENTATION_STYLE_ASSIGNMENT((#131));
#82=PRESENTATION_STYLE_ASSIGNMENT((#132));
#83=PRESENTATION_STYLE_ASSIGNMENT((#133));
#84=PRESENTATION_STYLE_ASSIGNMENT((#134));
#85=PRESENTATION_STYLE_ASSIGNMENT((#135));
#86=PRESENTATION_STYLE_ASSIGNMENT((#136));
#87=PRESENTATION_STYLE_ASSIGNMENT((#137));
#88=PRESENTATION_STYLE_ASSIGNMENT((#138));
#89=PRESENTATION_STYLE_ASSIGNMENT((#139));
#90=PRESENTATION_STYLE_ASSIGNMENT((#140));
#91=PRESENTATION_STYLE_ASSIGNMENT((#141));
#92=PRESENTATION_STYLE_ASSIGNMENT((#142));
#93=PRESENTATION_STYLE_ASSIGNMENT((#143));
#94=PRESENTATION_STYLE_ASSIGNMENT((#144));
#95=PRESENTATION_STYLE_ASSIGNMENT((#145));
#96=PRESENTATION_STYLE_ASSIGNMENT((#146));
#97=PRESENTATION_STYLE_ASSIGNMENT((#147));
#98=PRESENTATION_STYLE_ASSIGNMENT((#148));
#99=PRESENTATION_STYLE_ASSIGNMENT((#149));
#100=PRESENTATION_STYLE_ASSIGNMENT((#150));
#101=PRESENTATION_STYLE_ASSIGNMENT((#151));
#102=PRESENTATION_STYLE_ASSIGNMENT((#152));
#103=PRESENTATION_STYLE_ASSIGNMENT((#153));
#104=PRESENTATION_STYLE_ASSIGNMENT((#154));
#105=PRESENTATION_STYLE_ASSIGNMENT((#155));
#106=PRESENTATION_STYLE_ASSIGNMENT((#156));
#107=PRESENTATION_STYLE_ASSIGNMENT((#157));
#108=PRESENTATION_STYLE_ASSIGNMENT((#158));
#109=PRESENTATION_STYLE_ASSIGNMENT((#159));
#110=PRESENTATION_STYLE_ASSIGNMENT((#160));
#111=PRESENTATION_STYLE_ASSIGNMENT((#161));
#112=PRESENTATION_STYLE_ASSIGNMENT((#162));
#113=PRESENTATION_STYLE_ASSIGNMENT((#163));
#114=PRESENTATION_STYLE_ASSIGNMENT((#164));
#115=PRESENTATION_STYLE_ASSIGNMENT((#165));
#116=PRESENTATION_STYLE_ASSIGNMENT((#166));
#117=PRESENTATION_STYLE_ASSIGNMENT((#167));
#118=PRESENTATION_STYLE_ASSIGNMENT((#168));
#119=PRESENTATION_STYLE_ASSIGNMENT((#169));
#120=PRESENTATION_STYLE_ASSIGNMENT((#170));
#121=PRESENTATION_STYLE_ASSIGNMENT((#171));
#122=PRESENTATION_STYLE_ASSIGNMENT((#172));
#123=PRESENTATION_STYLE_ASSIGNMENT((#173));
#124=SURFACE_STYLE_USAGE(.BOTH.,#174);
#125=SURFACE_STYLE_USAGE(.BOTH.,#175);
#126=SURFACE_STYLE_USAGE(.BOTH.,#176);
#127=SURFACE_STYLE_USAGE(.BOTH.,#177);
#128=SURFACE_STYLE_USAGE(.BOTH.,#178);
#129=SURFACE_STYLE_USAGE(.BOTH.,#179);
#130=SURFACE_STYLE_USAGE(.BOTH.,#180);
#131=SURFACE_STYLE_USAGE(.BOTH.,#181);
#132=SURFACE_STYLE_USAGE(.BOTH.,#182);
#133=SURFACE_STYLE_USAGE(.BOTH.,#183);
#134=SURFACE_STYLE_USAGE(.BOTH.,#184);
#135=SURFACE_STYLE_USAGE(.BOTH.,#185);
#136=SURFACE_STYLE_USAGE(.BOTH.,#186);
#137=SURFACE_STYLE_USAGE(.BOTH.,#187);
#138=SURFACE_STYLE_USAGE(.BOTH.,#188);
#139=SURFACE_STYLE_USAGE(.BOTH.,#189);
#140=SURFACE_STYLE_USAGE(.BOTH.,#190);
#141=SURFACE_STYLE_USAGE(.BOTH.,#191);
#142=SURFACE_STYLE_USAGE(.BOTH.,#192);
#143=SURFACE_STYLE_USAGE(.BOTH.,#193);
#144=SURFACE_STYLE_USAGE(.BOTH.,#194);
#145=SURFACE_STYLE_USAGE(.BOTH.,#195);
#146=SURFACE_STYLE_USAGE(.BOTH.,#196);
#147=SURFACE_STYLE_USAGE(.BOTH.,#197);
#148=SURFACE_STYLE_USAGE(.BOTH.,#198);
#149=SURFACE_STYLE_USAGE(.BOTH.,#199);
#150=SURFACE_STYLE_USAGE(.BOTH.,#200);
#151=SURFACE_STYLE_USAGE(.BOTH.,#201);
#152=SURFACE_STYLE_USAGE(.BOTH.,#202);
#153=SURFACE_STYLE_USAGE(.BOTH.,#203);
#154=SURFACE_STYLE_USAGE(.BOTH.,#204);
#155=SURFACE_STYLE_USAGE(.BOTH.,#205);
#156=SURFACE_STYLE_USAGE(.BOTH.,#206);
#157=SURFACE_STYLE_USAGE(.BOTH.,#207);
#158=SURFACE_STYLE_USAGE(.BOTH.,#208);
#159=SURFACE_STYLE_USAGE(.BOTH.,#209);
#160=SURFACE_STYLE_USAGE(.BOTH.,#210);
#161=SURFACE_STYLE_USAGE(.BOTH.,#211);
#162=SURFACE_STYLE_USAGE(.BOTH.,#212);
#163=SURFACE_STYLE_USAGE(.BOTH.,#213);
#164=SURFACE_STYLE_USAGE(.BOTH.,#214);
#165=SURFACE_STYLE_USAGE(.BOTH.,#215);
#166=SURFACE_STYLE_USAGE(.BOTH.,#216);
#167=SURFACE_STYLE_USAGE(.BOTH.,#217);
#168=SURFACE_STYLE_USAGE(.BOTH.,#218);
#169=SURFACE_STYLE_USAGE(.BOTH.,#219);
#170=SURFACE_STYLE_USAGE(.BOTH.,#220);
#171=SURFACE_STYLE_USAGE(.BOTH.,#221);
#172=SURFACE_STYLE_USAGE(.BOTH.,#222);
#173=SURFACE_STYLE_USAGE(.BOTH.,#223);
#174=SURFACE_SIDE_STYLE('',(#224));
#175=SURFACE_SIDE_STYLE('',(#225));
#176=SURFACE_SIDE_STYLE('',(#226));
#177=SURFACE_SIDE_STYLE('',(#227));
#178=SURFACE_SIDE_STYLE('',(#228));
#179=SURFACE_SIDE_STYLE('',(#229));
#180=SURFACE_SIDE_STYLE('',(#230));
#181=SURFACE_SIDE_STYLE('',(#231));
#182=SURFACE_SIDE_STYLE('',(#232));
#183=SURFACE_SIDE_STYLE('',(#233));
#184=SURFACE_SIDE_STYLE('',(#234));
#185=SURFACE_SIDE_STYLE('',(#235));
#186=SURFACE_SIDE_STYLE('',(#236));
#187=SURFACE_SIDE_STYLE('',(#237));
#188=SURFACE_SIDE_STYLE('',(#238));
#189=SURFACE_SIDE_STYLE('',(#239));
#190=SURFACE_SIDE_STYLE('',(#240));
#191=SURFACE_SIDE_STYLE('',(#241));
#192=SURFACE_SIDE_STYLE('',(#242));
#193=SURFACE_SIDE_STYLE('',(#243));
#194=SURFACE_SIDE_STYLE('',(#244));
#195=SURFACE_SIDE_STYLE('',(#245));
#196=SURFACE_SIDE_STYLE('',(#246));
#197=SURFACE_SIDE_STYLE('',(#247));
#198=SURFACE_SIDE_STYLE('',(#248));
#199=SURFACE_SIDE_STYLE('',(#249));
#200=SURFACE_SIDE_STYLE('',(#250));
#201=SURFACE_SIDE_STYLE('',(#251));
#202=SURFACE_SIDE_STYLE('',(#252));
#203=SURFACE_SIDE_STYLE('',(#253));
#204=SURFACE_SIDE_STYLE('',(#254));
#205=SURFACE_SIDE_STYLE('',(#255));
#206=SURFACE_SIDE_STYLE('',(#256));
#207=SURFACE_SIDE_STYLE('',(#257));
#208=SURFACE_SIDE_STYLE('',(#258));
#209=SURFACE_SIDE_STYLE('',(#259));
#210=SURFACE_SIDE_STYLE('',(#260));
#211=SURFACE_SIDE_STYLE('',(#261));
#212=SURFACE_SIDE_STYLE('',(#262));
#213=SURFACE_SIDE_STYLE('',(#263));
#214=SURFACE_SIDE_STYLE('',(#264));
#215=SURFACE_SIDE_STYLE('',(#265));
#216=SURFACE_SIDE_STYLE('',(#266));
#217=SURFACE_SIDE_STYLE('',(#267));
#218=SURFACE_SIDE_STYLE('',(#268));
#219=SURFACE_SIDE_STYLE('',(#269));
#220=SURFACE_SIDE_STYLE('',(#270));
#221=SURFACE_SIDE_STYLE('',(#271));
#222=SURFACE_SIDE_STYLE('',(#272));
#223=SURFACE_SIDE_STYLE('',(#273));
#224=SURFACE_STYLE_FILL_AREA(#274);
#225=SURFACE_STYLE_FILL_AREA(#275);
#226=SURFACE_STYLE_FILL_AREA(#276);
#227=SURFACE_STYLE_FILL_AREA(#277);
#228=SURFACE_STYLE_FILL_AREA(#278);
#229=SURFACE_STYLE_FILL_AREA(#279);
#230=SURFACE_STYLE_FILL_AREA(#280);
#231=SURFACE_STYLE_FILL_AREA(#281);
#232=SURFACE_STYLE_FILL_AREA(#282);
#233=SURFACE_STYLE_FILL_AREA(#283);
#234=SURFACE_STYLE_FILL_AREA(#284);
#235=SURFACE_STYLE_FILL_AREA(#285);
#236=SURFACE_STYLE_FILL_AREA(#286);
#237=SURFACE_STYLE_FILL_AREA(#287);
#238=SURFACE_STYLE_FILL_AREA(#288);
#239=SURFACE_STYLE_FILL_AREA(#289);
#240=SURFACE_STYLE_FILL_AREA(#290);
#241=SURFACE_STYLE_FILL_AREA(#291);
#242=SURFACE_STYLE_FILL_AREA(#292);
#243=SURFACE_STYLE_FILL_AREA(#293);
#244=SURFACE_STYLE_FILL_AREA(#294);
#245=SURFACE_STYLE_FILL_AREA(#295);
#246=SURFACE_STYLE_FILL_AREA(#296);
#247=SURFACE_STYLE_FILL_AREA(#297);
#248=SURFACE_STYLE_FILL_AREA(#298);
#249=SURFACE_STYLE_FILL_AREA(#299);
#250=SURFACE_STYLE_FILL_AREA(#300);
#251=SURFACE_STYLE_FILL_AREA(#301);
#252=SURFACE_STYLE_FILL_AREA(#302);
#253=SURFACE_STYLE_FILL_AREA(#303);
#254=SURFACE_STYLE_FILL_AREA(#304);
#255=SURFACE_STYLE_FILL_AREA(#305);
#256=SURFACE_STYLE_FILL_AREA(#306);
#257=SURFACE_STYLE_FILL_AREA(#307);
#258=SURFACE_STYLE_FILL_AREA(#308);
#259=SURFACE_STYLE_FILL_AREA(#309);
#260=SURFACE_STYLE_FILL_AREA(#310);
#261=SURFACE_STYLE_FILL_AREA(#311);
#262=SURFACE_STYLE_FILL_AREA(#312);
#263=SURFACE_STYLE_FILL_AREA(#313);
#264=SURFACE_STYLE_FILL_AREA(#314);
#265=SURFACE_STYLE_FILL_AREA(#315);
#266=SURFACE_STYLE_FILL_AREA(#316);
#267=SURFACE_STYLE_FILL_AREA(#317);
#268=SURFACE_STYLE_FILL_AREA(#318);
#269=SURFACE_STYLE_FILL_AREA(#319);
#270=SURFACE_STYLE_FILL_AREA(#320);
#271=SURFACE_STYLE_FILL_AREA(#321);
#272=SURFACE_STYLE_FILL_AREA(#322);
#273=SURFACE_STYLE_FILL_AREA(#323);
#274=FILL_AREA_STYLE('',(#324));
#275=FILL_AREA_STYLE('',(#325));
#276=FILL_AREA_STYLE('',(#326));
#277=FILL_AREA_STYLE('',(#327));
#278=FILL_AREA_STYLE('',(#328));
#279=FILL_AREA_STYLE('',(#329));
#280=FILL_AREA_STYLE('',(#330));
#281=FILL_AREA_STYLE('',(#331));
#282=FILL_AREA_STYLE('',(#332));
#283=FILL_AREA_STYLE('',(#333));
#284=FILL_AREA_STYLE('',(#334));
#285=FILL_AREA_STYLE('',(#335));
#286=FILL_AREA_STYLE('',(#336));
#287=FILL_AREA_STYLE('',(#337));
#288=FILL_AREA_STYLE('',(#338));
#289=FILL_AREA_STYLE('',(#339));
#290=FILL_AREA_STYLE('',(#340));
#291=FILL_AREA_STYLE('',(#341));
#292=FILL_AREA_STYLE('',(#342));
#293=FILL_AREA_STYLE('',(#343));
#294=FILL_AREA_STYLE('',(#344));
#295=FILL_AREA_STYLE('',(#345));
#296=FILL_AREA_STYLE('',(#346));
#297=FILL_AREA_STYLE('',(#347));
#298=FILL_AREA_STYLE('',(#348));
#299=FILL_AREA_STYLE('',(#349));
#300=FILL_AREA_STYLE('',(#350));
#301=FILL_AREA_STYLE('',(#351));
#302=FILL_AREA_STYLE('',(#352));
#303=FILL_AREA_STYLE('',(#353));
#304=FILL_AREA_STYLE('',(#354));
#305=FILL_AREA_STYLE('',(#355));
#306=FILL_AREA_STYLE('',(#356));
#307=FILL_AREA_STYLE('',(#357));
#308=FILL_AREA_STYLE('',(#358));
#309=FILL_AREA_STYLE('',(#359));
#310=FILL_AREA_STYLE('',(#360));
#311=FILL_AREA_STYLE('',(#361));
#312=FILL_AREA_STYLE('',(#362));
#313=FILL_AREA_STYLE('',(#363));
#314=FILL_AREA_STYLE('',(#364));
#315=FILL_AREA_STYLE('',(#365));
#316=FILL_AREA_STYLE('',(#366));
#317=FILL_AREA_STYLE('',(#367));
#318=FILL_AREA_STYLE('',(#368));
#319=FILL_AREA_STYLE('',(#369));
#320=FILL_AREA_STYLE('',(#370));
#321=FILL_AREA_STYLE('',(#371));
#322=FILL_AREA_STYLE('',(#372));
#323=FILL_AREA_STYLE('',(#373));
#324=FILL_AREA_STYLE_COLOUR('',#374);
#325=FILL_AREA_STYLE_COLOUR('',#375);
#326=FILL_AREA_STYLE_COLOUR('',#375);
#327=FILL_AREA_STYLE_COLOUR('',#375);
#328=FILL_AREA_STYLE_COLOUR('',#375);
#329=FILL_AREA_STYLE_COLOUR('',#375);
#330=FILL_AREA_STYLE_COLOUR('',#375);
#331=FILL_AREA_STYLE_COLOUR('',#375);
#332=FILL_AREA_STYLE_COLOUR('',#375);
#333=FILL_AREA_STYLE_COLOUR('',#375);
#334=FILL_AREA_STYLE_COLOUR('',#375);
#335=FILL_AREA_STYLE_COLOUR('',#375);
#336=FILL_AREA_STYLE_COLOUR('',#375);
#337=FILL_AREA_STYLE_COLOUR('',#375);
#338=FILL_AREA_STYLE_COLOUR('',#375);
#339=FILL_AREA_STYLE_COLOUR('',#375);
#340=FILL_AREA_STYLE_COLOUR('',#375);
#341=FILL_AREA_STYLE_COLOUR('',#375);
#342=FILL_AREA_STYLE_COLOUR('',#375);
#343=FILL_AREA_STYLE_COLOUR('',#375);
#344=FILL_AREA_STYLE_COLOUR('',#375);
#345=FILL_AREA_STYLE_COLOUR('',#375);
#346=FILL_AREA_STYLE_COLOUR('',#375);
#347=FILL_AREA_STYLE_COLOUR('',#375);
#348=FILL_AREA_STYLE_COLOUR('',#375);
#349=FILL_AREA_STYLE_COLOUR('',#375);
#350=FILL_AREA_STYLE_COLOUR('',#375);
#351=FILL_AREA_STYLE_COLOUR('',#375);
#352=FILL_AREA_STYLE_COLOUR('',#375);
#353=FILL_AREA_STYLE_COLOUR('',#375);
#354=FILL_AREA_STYLE_COLOUR('',#375);
#355=FILL_AREA_STYLE_COLOUR('',#375);
#356=FILL_AREA_STYLE_COLOUR('',#375);
#357=FILL_AREA_STYLE_COLOUR('',#375);
#358=FILL_AREA_STYLE_COLOUR('',#375);
#359=FILL_AREA_STYLE_COLOUR('',#375);
#360=FILL_AREA_STYLE_COLOUR('',#375);
#361=FILL_AREA_STYLE_COLOUR('',#375);
#362=FILL_AREA_STYLE_COLOUR('',#375);
#363=FILL_AREA_STYLE_COLOUR('',#375);
#364=FILL_AREA_STYLE_COLOUR('',#375);
#365=FILL_AREA_STYLE_COLOUR('',#375);
#366=FILL_AREA_STYLE_COLOUR('',#375);
#367=FILL_AREA_STYLE_COLOUR('',#375);
#368=FILL_AREA_STYLE_COLOUR('',#375);
#369=FILL_AREA_STYLE_COLOUR('',#375);
#370=FILL_AREA_STYLE_COLOUR('',#375);
#371=FILL_AREA_STYLE_COLOUR('',#375);
#372=FILL_AREA_STYLE_COLOUR('',#375);
#373=FILL_AREA_STYLE_COLOUR('',#375);
#374=COLOUR_RGB('LIGHT_BLUE',0.,0.65999847409781,1.);
#375=COLOUR_RGB('GOLDEN_ORANGE',1.,0.65999847409781,0.);
#376=MANIFOLD_SOLID_BREP('',#377);
#377=CLOSED_SHELL('',(#1875,#1876,#1877,#1878,#1879,#1880,#1881,#1882,#1883,
#1884,#1885,#1886,#1887,#1888,#1889,#1890,#1891,#1892,#1893,#1894,#1895,
#1896,#1897,#1898,#1899,#1900,#1901,#1902,#1903,#1904,#1905,#1906,#1907,
#1908,#1909,#1910,#1911,#1912,#1913,#1914,#1915,#1916,#1917,#1918,#1919,
#1920,#1921,#1922,#1923,#1924,#1925,#1926,#1927,#1928,#1929,#1930,#1931,
#1932,#1933,#1934,#1935,#1936,#1937,#1938,#1939,#1940,#1941,#1942,#1943,
#1944,#1945,#1946,#1947,#1948,#1949,#1950,#1951,#1952,#1953,#1954,#1955,
#1956,#1957,#1958,#1959,#1960,#1961,#1962,#1963,#1964,#1965,#1966,#1967,
#1968,#1969,#1970,#1971,#1972,#1973,#1974,#1975,#1976,#1977,#1978,#1979,
#1980,#1981,#1982,#1983,#1984,#1985,#1986,#1987,#1988,#1989,#1990,#1991,
#1992,#1993,#1994,#1995,#1996,#1997,#1998,#1999,#2000,#2001,#2002,#2003,
#2004,#2005,#2006,#2007,#2008,#2009,#2010,#2011,#2012,#2013,#2014,#2015,
#2016,#2017,#2018,#2019,#2020,#2021,#2022,#2023,#2024,#2025,#2026,#2027,
#2028,#2029,#2030,#2031,#2032,#2033,#2034,#2035,#2036,#2037,#2038,#2039,
#2040,#2041,#2042,#2043,#2044,#2045,#2046,#2047,#2048,#2049,#2050,#2051,
#2052,#2053,#2054,#2055,#2056,#2057,#2058,#2059,#2060,#2061,#2062,#2063,
#2064,#2065,#2066,#2067,#2068,#2069,#2070,#2071,#2072,#2073,#2074,#2075,
#2076,#2077,#2078,#2079,#2080,#2081,#2082,#2083,#2084,#2085,#2086,#2087,
#2088,#2089,#2090,#2091,#2092,#2093,#2094,#2095,#2096,#2097,#2098,#2099,
#2100,#2101,#2102,#2103,#2104,#2105,#2106,#2107,#2108,#2109,#2110,#2111,
#2112,#2113,#2114,#2115,#2116,#2117,#2118,#2119,#2120,#2121,#2122,#2123,
#2124,#2125,#2126,#2127,#2128,#2129,#2130,#2131,#2132,#2133,#2134,#2135,
#2136,#2137,#2138,#2139,#2140,#2141,#2142,#2143,#2144,#2145,#2146,#2147,
#2148,#2149,#2150,#2151,#2152,#2153,#2154,#2155,#2156,#2157,#2158,#2159,
#2160,#2161,#2162,#2163,#2164,#2165,#2166,#2167,#2168,#2169,#2170,#2171,
#2172,#2173,#2174,#2175,#2176,#2177,#2178,#2179,#2180,#2181,#2182,#2183,
#2184,#2185,#2186,#2187,#2188,#2189,#2190,#2191,#2192,#2193,#2194,#2195,
#2196,#2197,#2198,#2199,#2200,#2201,#2202,#2203,#2204,#2205,#2206,#2207,
#2208,#2209,#2210,#2211,#2212,#2213,#2214,#2215,#2216,#2217,#2218,#2219,
#2220,#2221,#2222,#2223,#2224,#2225,#2226,#2227,#2228,#2229,#2230,#2231,
#2232,#2233,#2234,#2235,#2236,#2237,#2238,#2239,#2240,#2241,#2242,#2243,
#2244,#2245,#2246,#2247,#2248,#2249,#2250,#2251,#2252,#2253,#2254,#2255,
#2256,#2257,#2258,#2259,#2260,#2261,#2262,#2263,#2264,#2265,#2266,#2267,
#2268,#2269,#2270,#2271,#2272,#2273,#2274,#2275,#2276,#2277,#2278,#2279,
#2280,#2281,#2282,#2283,#2284,#2285,#2286,#2287,#2288,#2289,#2290,#2291,
#2292,#2293,#2294,#2295,#2296,#2297,#2298,#2299,#2300,#2301,#2302,#2303,
#2304,#2305,#2306,#2307,#2308,#2309,#2310,#2311,#2312,#2313,#2314,#2315,
#2316,#2317,#2318,#2319,#2320,#2321,#2322,#2323,#2324,#2325,#2326,#2327,
#2328,#2329,#2330,#2331,#2332,#2333,#2334,#2335,#2336,#2337,#2338,#2339,
#2340,#2341,#2342,#2343,#2344,#2345,#2346,#2347,#2348,#2349,#2350,#2351,
#2352,#2353,#2354,#2355,#2356,#2357,#2358,#2359,#2360,#2361,#2362,#2363,
#2364,#2365,#2366,#2367,#2368,#2369,#2370,#2371,#2372,#2373,#2374,#2375,
#2376,#2377,#2378,#2379,#2380,#2381,#2382,#2383,#2384,#2385,#2386,#2387,
#2388,#2389,#2390,#2391,#2392,#2393,#2394,#2395,#2396,#2397,#2398,#2399,
#2400,#2401,#2402,#2403,#2404,#2405,#2406,#2407,#2408,#2409,#2410,#2411,
#2412,#2413,#2414,#2415,#2416,#2417,#2418,#2419,#2420,#2421,#2422,#2423,
#2424,#2425,#2426,#2427,#2428,#2429,#2430,#2431,#2432,#2433,#2434,#2435,
#2436,#2437,#2438,#2439,#2440,#2441,#2442,#2443,#2444,#2445,#2446,#2447,
#2448,#2449,#2450,#2451,#2452,#2453,#2454,#2455,#2456,#2457,#2458,#2459,
#2460,#2461,#2462,#2463,#2464,#2465,#2466,#2467,#2468,#2469,#2470,#2471,
#2472,#2473,#2474,#2475,#2476,#2477,#2478,#2479,#2480,#2481,#2482,#2483,
#2484,#2485,#2486,#2487,#2488,#2489,#2490,#2491,#2492,#2493,#2494,#2495,
#2496,#2497,#2498,#2499));
#378=LINE('',#14554,#494);
#379=LINE('',#14557,#495);
#380=LINE('',#14559,#496);
#381=LINE('',#14561,#497);
#382=LINE('',#14573,#498);
#383=LINE('',#14576,#499);
#384=LINE('',#14578,#500);
#385=LINE('',#14580,#501);
#386=LINE('',#14582,#502);
#387=LINE('',#14584,#503);
#388=LINE('',#14586,#504);
#389=LINE('',#14588,#505);
#390=LINE('',#14590,#506);
#391=LINE('',#14592,#507);
#392=LINE('',#14595,#508);
#393=LINE('',#14596,#509);
#394=LINE('',#14598,#510);
#395=LINE('',#14601,#511);
#396=LINE('',#14603,#512);
#397=LINE('',#14605,#513);
#398=LINE('',#14607,#514);
#399=LINE('',#14609,#515);
#400=LINE('',#14610,#516);
#401=LINE('',#14612,#517);
#402=LINE('',#14614,#518);
#403=LINE('',#14616,#519);
#404=LINE('',#14618,#520);
#405=LINE('',#14619,#521);
#406=LINE('',#14621,#522);
#407=LINE('',#14623,#523);
#408=LINE('',#14625,#524);
#409=LINE('',#14627,#525);
#410=LINE('',#14629,#526);
#411=LINE('',#14667,#527);
#412=LINE('',#14670,#528);
#413=LINE('',#14672,#529);
#414=LINE('',#14674,#530);
#415=LINE('',#14676,#531);
#416=LINE('',#14679,#532);
#417=LINE('',#14680,#533);
#418=LINE('',#14682,#534);
#419=LINE('',#14684,#535);
#420=LINE('',#14686,#536);
#421=LINE('',#14688,#537);
#422=LINE('',#14690,#538);
#423=LINE('',#14692,#539);
#424=LINE('',#14694,#540);
#425=LINE('',#14696,#541);
#426=LINE('',#14698,#542);
#427=LINE('',#14700,#543);
#428=LINE('',#14703,#544);
#429=LINE('',#14705,#545);
#430=LINE('',#14707,#546);
#431=LINE('',#14709,#547);
#432=LINE('',#14711,#548);
#433=LINE('',#14713,#549);
#434=LINE('',#14715,#550);
#435=LINE('',#14716,#551);
#436=LINE('',#14718,#552);
#437=LINE('',#14720,#553);
#438=LINE('',#14722,#554);
#439=LINE('',#14724,#555);
#440=LINE('',#14726,#556);
#441=LINE('',#14728,#557);
#442=LINE('',#14730,#558);
#443=LINE('',#14732,#559);
#444=LINE('',#14734,#560);
#445=LINE('',#14736,#561);
#446=LINE('',#14738,#562);
#447=LINE('',#14740,#563);
#448=LINE('',#14742,#564);
#449=LINE('',#14744,#565);
#450=LINE('',#14746,#566);
#451=LINE('',#14748,#567);
#452=LINE('',#14750,#568);
#453=LINE('',#14752,#569);
#454=LINE('',#14754,#570);
#455=LINE('',#14756,#571);
#456=LINE('',#14758,#572);
#457=LINE('',#14760,#573);
#458=LINE('',#14763,#574);
#459=LINE('',#14764,#575);
#460=LINE('',#14766,#576);
#461=LINE('',#14768,#577);
#462=LINE('',#14770,#578);
#463=LINE('',#14772,#579);
#464=LINE('',#14774,#580);
#465=LINE('',#14776,#581);
#466=LINE('',#14778,#582);
#467=LINE('',#14780,#583);
#468=LINE('',#14783,#584);
#469=LINE('',#14785,#585);
#470=LINE('',#14787,#586);
#471=LINE('',#14789,#587);
#472=LINE('',#14791,#588);
#473=LINE('',#14792,#589);
#474=LINE('',#14794,#590);
#475=LINE('',#14796,#591);
#476=LINE('',#14798,#592);
#477=LINE('',#14800,#593);
#478=LINE('',#14802,#594);
#479=LINE('',#14804,#595);
#480=LINE('',#14806,#596);
#481=LINE('',#14808,#597);
#482=LINE('',#14810,#598);
#483=LINE('',#14812,#599);
#484=LINE('',#14814,#600);
#485=LINE('',#14816,#601);
#486=LINE('',#14818,#602);
#487=LINE('',#14821,#603);
#488=LINE('',#14822,#604);
#489=LINE('',#14824,#605);
#490=LINE('',#14826,#606);
#491=LINE('',#14828,#607);
#492=LINE('',#14830,#608);
#493=LINE('',#14832,#609);
#494=VECTOR('',#11244,1.);
#495=VECTOR('',#11245,1.);
#496=VECTOR('',#11246,1.);
#497=VECTOR('',#11247,1.);
#498=VECTOR('',#11262,1.);
#499=VECTOR('',#11263,1.);
#500=VECTOR('',#11264,1.);
#501=VECTOR('',#11265,1.);
#502=VECTOR('',#11266,1.);
#503=VECTOR('',#11267,1.);
#504=VECTOR('',#11270,1.);
#505=VECTOR('',#11271,1.);
#506=VECTOR('',#11272,1.);
#507=VECTOR('',#11275,1.);
#508=VECTOR('',#11276,1.);
#509=VECTOR('',#11277,1.);
#510=VECTOR('',#11280,1.);
#511=VECTOR('',#11281,1.);
#512=VECTOR('',#11282,1.);
#513=VECTOR('',#11283,1.);
#514=VECTOR('',#11286,1.);
#515=VECTOR('',#11287,1.);
#516=VECTOR('',#11288,1.);
#517=VECTOR('',#11289,1.);
#518=VECTOR('',#11292,1.);
#519=VECTOR('',#11293,1.);
#520=VECTOR('',#11296,1.);
#521=VECTOR('',#11297,1.);
#522=VECTOR('',#11298,1.);
#523=VECTOR('',#11299,1.);
#524=VECTOR('',#11300,1.);
#525=VECTOR('',#11303,1.);
#526=VECTOR('',#11304,1.);
#527=VECTOR('',#11355,1.);
#528=VECTOR('',#11356,1.);
#529=VECTOR('',#11357,1.);
#530=VECTOR('',#11358,1.);
#531=VECTOR('',#11361,1.);
#532=VECTOR('',#11362,1.);
#533=VECTOR('',#11363,1.);
#534=VECTOR('',#11364,1.);
#535=VECTOR('',#11367,1.);
#536=VECTOR('',#11368,1.);
#537=VECTOR('',#11371,1.);
#538=VECTOR('',#11372,1.);
#539=VECTOR('',#11373,1.);
#540=VECTOR('',#11376,1.);
#541=VECTOR('',#11377,1.);
#542=VECTOR('',#11378,1.);
#543=VECTOR('',#11381,1.);
#544=VECTOR('',#11382,1.);
#545=VECTOR('',#11383,1.);
#546=VECTOR('',#11384,1.);
#547=VECTOR('',#11387,1.);
#548=VECTOR('',#11388,1.);
#549=VECTOR('',#11389,1.);
#550=VECTOR('',#11392,1.);
#551=VECTOR('',#11393,1.);
#552=VECTOR('',#11394,1.);
#553=VECTOR('',#11397,1.);
#554=VECTOR('',#11398,1.);
#555=VECTOR('',#11401,1.);
#556=VECTOR('',#11404,1.);
#557=VECTOR('',#11405,1.);
#558=VECTOR('',#11408,1.);
#559=VECTOR('',#11411,1.);
#560=VECTOR('',#11414,1.);
#561=VECTOR('',#11415,1.);
#562=VECTOR('',#11418,1.);
#563=VECTOR('',#11419,1.);
#564=VECTOR('',#11420,1.);
#565=VECTOR('',#11423,1.);
#566=VECTOR('',#11424,1.);
#567=VECTOR('',#11427,1.);
#568=VECTOR('',#11428,1.);
#569=VECTOR('',#11431,1.);
#570=VECTOR('',#11432,1.);
#571=VECTOR('',#11435,1.);
#572=VECTOR('',#11436,1.);
#573=VECTOR('',#11439,1.);
#574=VECTOR('',#11440,1.);
#575=VECTOR('',#11441,1.);
#576=VECTOR('',#11444,1.);
#577=VECTOR('',#11447,1.);
#578=VECTOR('',#11448,1.);
#579=VECTOR('',#11451,1.);
#580=VECTOR('',#11454,1.);
#581=VECTOR('',#11455,1.);
#582=VECTOR('',#11458,1.);
#583=VECTOR('',#11461,1.);
#584=VECTOR('',#11462,1.);
#585=VECTOR('',#11463,1.);
#586=VECTOR('',#11464,1.);
#587=VECTOR('',#11467,1.);
#588=VECTOR('',#11468,1.);
#589=VECTOR('',#11469,1.);
#590=VECTOR('',#11472,1.);
#591=VECTOR('',#11473,1.);
#592=VECTOR('',#11476,1.);
#593=VECTOR('',#11477,1.);
#594=VECTOR('',#11480,1.);
#595=VECTOR('',#11483,1.);
#596=VECTOR('',#11484,1.);
#597=VECTOR('',#11487,1.);
#598=VECTOR('',#11488,1.);
#599=VECTOR('',#11491,1.);
#600=VECTOR('',#11492,1.);
#601=VECTOR('',#11493,1.);
#602=VECTOR('',#11496,1.);
#603=VECTOR('',#11497,1.);
#604=VECTOR('',#11498,1.);
#605=VECTOR('',#11501,1.);
#606=VECTOR('',#11502,1.);
#607=VECTOR('',#11505,1.);
#608=VECTOR('',#11506,1.);
#609=VECTOR('',#11509,1.);
#610=SPHERICAL_SURFACE('',#7805,0.30000000000002);
#611=SPHERICAL_SURFACE('',#7813,0.300000000000019);
#612=SPHERICAL_SURFACE('',#7821,0.300000000000019);
#613=SPHERICAL_SURFACE('',#7841,0.30000000000002);
#614=SPHERICAL_SURFACE('',#7849,0.300000000000019);
#615=SPHERICAL_SURFACE('',#7857,0.300000000000019);
#616=SPHERICAL_SURFACE('',#7877,0.30000000000002);
#617=SPHERICAL_SURFACE('',#7885,0.300000000000019);
#618=SPHERICAL_SURFACE('',#7893,0.300000000000019);
#619=SPHERICAL_SURFACE('',#7913,0.30000000000002);
#620=SPHERICAL_SURFACE('',#7921,0.300000000000019);
#621=SPHERICAL_SURFACE('',#7929,0.300000000000019);
#622=SPHERICAL_SURFACE('',#7949,0.30000000000002);
#623=SPHERICAL_SURFACE('',#7957,0.300000000000019);
#624=SPHERICAL_SURFACE('',#7965,0.300000000000019);
#625=SPHERICAL_SURFACE('',#7985,0.30000000000002);
#626=SPHERICAL_SURFACE('',#7993,0.300000000000019);
#627=SPHERICAL_SURFACE('',#8001,0.300000000000019);
#628=SPHERICAL_SURFACE('',#8021,0.30000000000002);
#629=SPHERICAL_SURFACE('',#8029,0.300000000000019);
#630=SPHERICAL_SURFACE('',#8037,0.300000000000019);
#631=SPHERICAL_SURFACE('',#8057,0.30000000000002);
#632=SPHERICAL_SURFACE('',#8065,0.300000000000019);
#633=SPHERICAL_SURFACE('',#8073,0.300000000000019);
#634=SPHERICAL_SURFACE('',#8093,0.30000000000002);
#635=SPHERICAL_SURFACE('',#8101,0.300000000000019);
#636=SPHERICAL_SURFACE('',#8109,0.300000000000019);
#637=SPHERICAL_SURFACE('',#8129,0.30000000000002);
#638=SPHERICAL_SURFACE('',#8137,0.300000000000019);
#639=SPHERICAL_SURFACE('',#8145,0.300000000000019);
#640=SPHERICAL_SURFACE('',#8165,0.30000000000002);
#641=SPHERICAL_SURFACE('',#8173,0.300000000000019);
#642=SPHERICAL_SURFACE('',#8181,0.300000000000019);
#643=SPHERICAL_SURFACE('',#8201,0.30000000000002);
#644=SPHERICAL_SURFACE('',#8209,0.300000000000019);
#645=SPHERICAL_SURFACE('',#8217,0.300000000000019);
#646=SPHERICAL_SURFACE('',#8237,0.30000000000002);
#647=SPHERICAL_SURFACE('',#8245,0.300000000000019);
#648=SPHERICAL_SURFACE('',#8253,0.300000000000019);
#649=SPHERICAL_SURFACE('',#8273,0.30000000000002);
#650=SPHERICAL_SURFACE('',#8281,0.300000000000019);
#651=SPHERICAL_SURFACE('',#8289,0.300000000000019);
#652=SPHERICAL_SURFACE('',#8309,0.30000000000002);
#653=SPHERICAL_SURFACE('',#8317,0.300000000000019);
#654=SPHERICAL_SURFACE('',#8325,0.300000000000019);
#655=SPHERICAL_SURFACE('',#8345,0.30000000000002);
#656=SPHERICAL_SURFACE('',#8353,0.300000000000019);
#657=SPHERICAL_SURFACE('',#8361,0.300000000000019);
#658=SPHERICAL_SURFACE('',#8381,0.30000000000002);
#659=SPHERICAL_SURFACE('',#8389,0.300000000000019);
#660=SPHERICAL_SURFACE('',#8397,0.300000000000019);
#661=SPHERICAL_SURFACE('',#8417,0.30000000000002);
#662=SPHERICAL_SURFACE('',#8425,0.300000000000019);
#663=SPHERICAL_SURFACE('',#8433,0.300000000000019);
#664=SPHERICAL_SURFACE('',#8453,0.30000000000002);
#665=SPHERICAL_SURFACE('',#8461,0.300000000000019);
#666=SPHERICAL_SURFACE('',#8469,0.300000000000019);
#667=SPHERICAL_SURFACE('',#8489,0.30000000000002);
#668=SPHERICAL_SURFACE('',#8497,0.300000000000019);
#669=SPHERICAL_SURFACE('',#8505,0.300000000000019);
#670=SPHERICAL_SURFACE('',#8525,0.30000000000002);
#671=SPHERICAL_SURFACE('',#8533,0.300000000000019);
#672=SPHERICAL_SURFACE('',#8541,0.300000000000019);
#673=SPHERICAL_SURFACE('',#8561,0.30000000000002);
#674=SPHERICAL_SURFACE('',#8569,0.300000000000019);
#675=SPHERICAL_SURFACE('',#8577,0.300000000000019);
#676=SPHERICAL_SURFACE('',#8597,0.30000000000002);
#677=SPHERICAL_SURFACE('',#8605,0.300000000000019);
#678=SPHERICAL_SURFACE('',#8613,0.300000000000019);
#679=SPHERICAL_SURFACE('',#8633,0.30000000000002);
#680=SPHERICAL_SURFACE('',#8641,0.300000000000019);
#681=SPHERICAL_SURFACE('',#8649,0.300000000000019);
#682=SPHERICAL_SURFACE('',#8669,0.30000000000002);
#683=SPHERICAL_SURFACE('',#8677,0.300000000000019);
#684=SPHERICAL_SURFACE('',#8685,0.300000000000019);
#685=SPHERICAL_SURFACE('',#8705,0.30000000000002);
#686=SPHERICAL_SURFACE('',#8713,0.300000000000019);
#687=SPHERICAL_SURFACE('',#8721,0.300000000000019);
#688=SPHERICAL_SURFACE('',#8741,0.30000000000002);
#689=SPHERICAL_SURFACE('',#8749,0.300000000000019);
#690=SPHERICAL_SURFACE('',#8757,0.300000000000019);
#691=SPHERICAL_SURFACE('',#8777,0.30000000000002);
#692=SPHERICAL_SURFACE('',#8785,0.300000000000019);
#693=SPHERICAL_SURFACE('',#8793,0.300000000000019);
#694=SPHERICAL_SURFACE('',#8813,0.30000000000002);
#695=SPHERICAL_SURFACE('',#8821,0.300000000000019);
#696=SPHERICAL_SURFACE('',#8829,0.300000000000019);
#697=SPHERICAL_SURFACE('',#8849,0.30000000000002);
#698=SPHERICAL_SURFACE('',#8857,0.300000000000019);
#699=SPHERICAL_SURFACE('',#8865,0.300000000000019);
#700=SPHERICAL_SURFACE('',#8878,0.300000000000019);
#701=SPHERICAL_SURFACE('',#8886,0.300000000000019);
#702=SPHERICAL_SURFACE('',#8894,0.30000000000002);
#703=SPHERICAL_SURFACE('',#8902,0.300000000000002);
#704=SPHERICAL_SURFACE('',#8910,0.300000000000002);
#705=SPHERICAL_SURFACE('',#8993,0.300000000000004);
#706=B_SPLINE_CURVE_WITH_KNOTS('',3,(#11544,#11545,#11546,#11547,#11548,
#11549,#11550,#11551,#11552,#11553,#11554,#11555,#11556,#11557),
 .UNSPECIFIED.,.F.,.F.,(4,2,2,2,2,2,4),(0.,0.250000000000002,0.500000000000004,
0.750000000000006,0.812500000000005,0.875000000000003,1.),.UNSPECIFIED.);
#707=B_SPLINE_CURVE_WITH_KNOTS('',3,(#11575,#11576,#11577,#11578,#11579,
#11580,#11581,#11582,#11583,#11584,#11585,#11586,#11587,#11588),
 .UNSPECIFIED.,.F.,.F.,(4,2,2,2,2,2,4),(0.,0.25,0.500000000000001,0.750000000000002,
0.812500000000001,0.875000000000001,1.),.UNSPECIFIED.);
#708=B_SPLINE_CURVE_WITH_KNOTS('',3,(#11601,#11602,#11603,#11604,#11605,
#11606,#11607,#11608,#11609,#11610,#11611,#11612,#11613,#11614),
 .UNSPECIFIED.,.F.,.F.,(4,2,2,2,2,2,4),(0.,0.25,0.5,0.75,0.8125,0.875,1.),
 .UNSPECIFIED.);
#709=B_SPLINE_CURVE_WITH_KNOTS('',3,(#11640,#11641,#11642,#11643,#11644,
#11645,#11646,#11647,#11648,#11649,#11650,#11651,#11652,#11653),
 .UNSPECIFIED.,.F.,.F.,(4,2,2,2,2,2,4),(0.,0.250000000000002,0.500000000000003,
0.750000000000005,0.812500000000003,0.875000000000001,1.),.UNSPECIFIED.);
#710=B_SPLINE_CURVE_WITH_KNOTS('',3,(#11671,#11672,#11673,#11674,#11675,
#11676,#11677,#11678,#11679,#11680,#11681,#11682,#11683,#11684),
 .UNSPECIFIED.,.F.,.F.,(4,2,2,2,2,2,4),(0.,0.25,0.5,0.75,0.8125,0.874999999999999,
1.),.UNSPECIFIED.);
#711=B_SPLINE_CURVE_WITH_KNOTS('',3,(#11697,#11698,#11699,#11700,#11701,
#11702,#11703,#11704,#11705,#11706,#11707,#11708,#11709,#11710),
 .UNSPECIFIED.,.F.,.F.,(4,2,2,2,2,2,4),(0.,0.250000000000001,0.500000000000002,
0.750000000000003,0.812500000000003,0.875000000000002,1.),.UNSPECIFIED.);
#712=B_SPLINE_CURVE_WITH_KNOTS('',3,(#11736,#11737,#11738,#11739,#11740,
#11741,#11742,#11743,#11744,#11745,#11746,#11747,#11748,#11749),
 .UNSPECIFIED.,.F.,.F.,(4,2,2,2,2,2,4),(0.,0.250000000000002,0.500000000000003,
0.750000000000005,0.812500000000003,0.875000000000001,1.),.UNSPECIFIED.);
#713=B_SPLINE_CURVE_WITH_KNOTS('',3,(#11767,#11768,#11769,#11770,#11771,
#11772,#11773,#11774,#11775,#11776,#11777,#11778,#11779,#11780),
 .UNSPECIFIED.,.F.,.F.,(4,2,2,2,2,2,4),(0.,0.25,0.5,0.75,0.8125,0.874999999999999,
1.),.UNSPECIFIED.);
#714=B_SPLINE_CURVE_WITH_KNOTS('',3,(#11793,#11794,#11795,#11796,#11797,
#11798,#11799,#11800,#11801,#11802,#11803,#11804,#11805,#11806),
 .UNSPECIFIED.,.F.,.F.,(4,2,2,2,2,2,4),(0.,0.250000000000001,0.500000000000002,
0.750000000000003,0.812500000000003,0.875000000000002,1.),.UNSPECIFIED.);
#715=B_SPLINE_CURVE_WITH_KNOTS('',3,(#11832,#11833,#11834,#11835,#11836,
#11837,#11838,#11839,#11840,#11841,#11842,#11843,#11844,#11845),
 .UNSPECIFIED.,.F.,.F.,(4,2,2,2,2,2,4),(0.,0.250000000000002,0.500000000000003,
0.750000000000005,0.812500000000003,0.875000000000001,1.),.UNSPECIFIED.);
#716=B_SPLINE_CURVE_WITH_KNOTS('',3,(#11863,#11864,#11865,#11866,#11867,
#11868,#11869,#11870,#11871,#11872,#11873,#11874,#11875,#11876),
 .UNSPECIFIED.,.F.,.F.,(4,2,2,2,2,2,4),(0.,0.25,0.5,0.75,0.8125,0.874999999999999,
1.),.UNSPECIFIED.);
#717=B_SPLINE_CURVE_WITH_KNOTS('',3,(#11889,#11890,#11891,#11892,#11893,
#11894,#11895,#11896,#11897,#11898,#11899,#11900,#11901,#11902),
 .UNSPECIFIED.,.F.,.F.,(4,2,2,2,2,2,4),(0.,0.250000000000001,0.500000000000002,
0.750000000000003,0.812500000000003,0.875000000000002,1.),.UNSPECIFIED.);
#718=B_SPLINE_CURVE_WITH_KNOTS('',3,(#11928,#11929,#11930,#11931,#11932,
#11933,#11934,#11935,#11936,#11937,#11938,#11939,#11940,#11941),
 .UNSPECIFIED.,.F.,.F.,(4,2,2,2,2,2,4),(0.,0.25,0.5,0.75,0.812500000000001,
0.875000000000002,1.),.UNSPECIFIED.);
#719=B_SPLINE_CURVE_WITH_KNOTS('',3,(#11959,#11960,#11961,#11962,#11963,
#11964,#11965,#11966,#11967,#11968,#11969,#11970,#11971,#11972),
 .UNSPECIFIED.,.F.,.F.,(4,2,2,2,2,2,4),(0.,0.25,0.5,0.749999999999999,0.812499999999999,
0.875,1.),.UNSPECIFIED.);
#720=B_SPLINE_CURVE_WITH_KNOTS('',3,(#11985,#11986,#11987,#11988,#11989,
#11990,#11991,#11992,#11993,#11994,#11995,#11996,#11997,#11998),
 .UNSPECIFIED.,.F.,.F.,(4,2,2,2,2,2,4),(0.,0.249999999999999,0.499999999999998,
0.749999999999997,0.812499999999998,0.874999999999999,1.),.UNSPECIFIED.);
#721=B_SPLINE_CURVE_WITH_KNOTS('',3,(#12024,#12025,#12026,#12027,#12028,
#12029,#12030,#12031,#12032,#12033,#12034,#12035,#12036,#12037),
 .UNSPECIFIED.,.F.,.F.,(4,2,2,2,2,2,4),(0.,0.25,0.5,0.75,0.812500000000001,
0.875000000000002,1.),.UNSPECIFIED.);
#722=B_SPLINE_CURVE_WITH_KNOTS('',3,(#12055,#12056,#12057,#12058,#12059,
#12060,#12061,#12062,#12063,#12064,#12065,#12066,#12067,#12068),
 .UNSPECIFIED.,.F.,.F.,(4,2,2,2,2,2,4),(0.,0.25,0.5,0.749999999999999,0.812499999999999,
0.875,1.),.UNSPECIFIED.);
#723=B_SPLINE_CURVE_WITH_KNOTS('',3,(#12081,#12082,#12083,#12084,#12085,
#12086,#12087,#12088,#12089,#12090,#12091,#12092,#12093,#12094),
 .UNSPECIFIED.,.F.,.F.,(4,2,2,2,2,2,4),(0.,0.249999999999999,0.499999999999998,
0.749999999999997,0.812499999999998,0.874999999999999,1.),.UNSPECIFIED.);
#724=B_SPLINE_CURVE_WITH_KNOTS('',3,(#12120,#12121,#12122,#12123,#12124,
#12125,#12126,#12127,#12128,#12129,#12130,#12131,#12132,#12133),
 .UNSPECIFIED.,.F.,.F.,(4,2,2,2,2,2,4),(0.,0.25,0.5,0.75,0.812500000000001,
0.875000000000002,1.),.UNSPECIFIED.);
#725=B_SPLINE_CURVE_WITH_KNOTS('',3,(#12151,#12152,#12153,#12154,#12155,
#12156,#12157,#12158,#12159,#12160,#12161,#12162,#12163,#12164),
 .UNSPECIFIED.,.F.,.F.,(4,2,2,2,2,2,4),(0.,0.25,0.5,0.749999999999999,0.812499999999999,
0.875,1.),.UNSPECIFIED.);
#726=B_SPLINE_CURVE_WITH_KNOTS('',3,(#12177,#12178,#12179,#12180,#12181,
#12182,#12183,#12184,#12185,#12186,#12187,#12188,#12189,#12190),
 .UNSPECIFIED.,.F.,.F.,(4,2,2,2,2,2,4),(0.,0.249999999999999,0.499999999999998,
0.749999999999997,0.812499999999998,0.874999999999999,1.),.UNSPECIFIED.);
#727=B_SPLINE_CURVE_WITH_KNOTS('',3,(#12216,#12217,#12218,#12219,#12220,
#12221,#12222,#12223,#12224,#12225,#12226,#12227,#12228,#12229),
 .UNSPECIFIED.,.F.,.F.,(4,2,2,2,2,2,4),(0.,0.25,0.5,0.75,0.812500000000001,
0.875000000000002,1.),.UNSPECIFIED.);
#728=B_SPLINE_CURVE_WITH_KNOTS('',3,(#12247,#12248,#12249,#12250,#12251,
#12252,#12253,#12254,#12255,#12256,#12257,#12258,#12259,#12260),
 .UNSPECIFIED.,.F.,.F.,(4,2,2,2,2,2,4),(0.,0.25,0.5,0.749999999999999,0.812499999999999,
0.875,1.),.UNSPECIFIED.);
#729=B_SPLINE_CURVE_WITH_KNOTS('',3,(#12273,#12274,#12275,#12276,#12277,
#12278,#12279,#12280,#12281,#12282,#12283,#12284,#12285,#12286),
 .UNSPECIFIED.,.F.,.F.,(4,2,2,2,2,2,4),(0.,0.249999999999999,0.499999999999998,
0.749999999999997,0.812499999999998,0.874999999999999,1.),.UNSPECIFIED.);
#730=B_SPLINE_CURVE_WITH_KNOTS('',3,(#12312,#12313,#12314,#12315,#12316,
#12317,#12318,#12319,#12320,#12321,#12322,#12323,#12324,#12325),
 .UNSPECIFIED.,.F.,.F.,(4,2,2,2,2,2,4),(0.,0.25,0.5,0.75,0.812500000000001,
0.875000000000002,1.),.UNSPECIFIED.);
#731=B_SPLINE_CURVE_WITH_KNOTS('',3,(#12343,#12344,#12345,#12346,#12347,
#12348,#12349,#12350,#12351,#12352,#12353,#12354,#12355,#12356),
 .UNSPECIFIED.,.F.,.F.,(4,2,2,2,2,2,4),(0.,0.25,0.5,0.749999999999999,0.812499999999999,
0.875,1.),.UNSPECIFIED.);
#732=B_SPLINE_CURVE_WITH_KNOTS('',3,(#12369,#12370,#12371,#12372,#12373,
#12374,#12375,#12376,#12377,#12378,#12379,#12380,#12381,#12382),
 .UNSPECIFIED.,.F.,.F.,(4,2,2,2,2,2,4),(0.,0.249999999999999,0.499999999999998,
0.749999999999997,0.812499999999998,0.874999999999999,1.),.UNSPECIFIED.);
#733=B_SPLINE_CURVE_WITH_KNOTS('',3,(#12408,#12409,#12410,#12411,#12412,
#12413,#12414,#12415,#12416,#12417,#12418,#12419,#12420,#12421),
 .UNSPECIFIED.,.F.,.F.,(4,2,2,2,2,2,4),(0.,0.25,0.5,0.75,0.812500000000001,
0.875000000000002,1.),.UNSPECIFIED.);
#734=B_SPLINE_CURVE_WITH_KNOTS('',3,(#12439,#12440,#12441,#12442,#12443,
#12444,#12445,#12446,#12447,#12448,#12449,#12450,#12451,#12452),
 .UNSPECIFIED.,.F.,.F.,(4,2,2,2,2,2,4),(0.,0.25,0.5,0.749999999999999,0.812499999999999,
0.875,1.),.UNSPECIFIED.);
#735=B_SPLINE_CURVE_WITH_KNOTS('',3,(#12465,#12466,#12467,#12468,#12469,
#12470,#12471,#12472,#12473,#12474,#12475,#12476,#12477,#12478),
 .UNSPECIFIED.,.F.,.F.,(4,2,2,2,2,2,4),(0.,0.249999999999999,0.499999999999998,
0.749999999999997,0.812499999999998,0.874999999999999,1.),.UNSPECIFIED.);
#736=B_SPLINE_CURVE_WITH_KNOTS('',3,(#12504,#12505,#12506,#12507,#12508,
#12509,#12510,#12511,#12512,#12513,#12514,#12515,#12516,#12517),
 .UNSPECIFIED.,.F.,.F.,(4,2,2,2,2,2,4),(0.,0.250000000000012,0.500000000000024,
0.750000000000036,0.812500000000029,0.875000000000021,1.),.UNSPECIFIED.);
#737=B_SPLINE_CURVE_WITH_KNOTS('',3,(#12535,#12536,#12537,#12538,#12539,
#12540,#12541,#12542,#12543,#12544,#12545,#12546,#12547,#12548),
 .UNSPECIFIED.,.F.,.F.,(4,2,2,2,2,2,4),(0.,0.25,0.5,0.749999999999999,0.812499999999999,
0.875,1.),.UNSPECIFIED.);
#738=B_SPLINE_CURVE_WITH_KNOTS('',3,(#12561,#12562,#12563,#12564,#12565,
#12566,#12567,#12568,#12569,#12570,#12571,#12572,#12573,#12574),
 .UNSPECIFIED.,.F.,.F.,(4,2,2,2,2,2,4),(0.,0.249999999999992,0.499999999999984,
0.749999999999976,0.812499999999982,0.874999999999988,1.),.UNSPECIFIED.);
#739=B_SPLINE_CURVE_WITH_KNOTS('',3,(#12600,#12601,#12602,#12603,#12604,
#12605,#12606,#12607,#12608,#12609,#12610,#12611,#12612,#12613),
 .UNSPECIFIED.,.F.,.F.,(4,2,2,2,2,2,4),(0.,0.250000000000012,0.500000000000024,
0.750000000000036,0.812500000000029,0.875000000000021,1.),.UNSPECIFIED.);
#740=B_SPLINE_CURVE_WITH_KNOTS('',3,(#12631,#12632,#12633,#12634,#12635,
#12636,#12637,#12638,#12639,#12640,#12641,#12642,#12643,#12644),
 .UNSPECIFIED.,.F.,.F.,(4,2,2,2,2,2,4),(0.,0.25,0.5,0.749999999999999,0.812499999999999,
0.875,1.),.UNSPECIFIED.);
#741=B_SPLINE_CURVE_WITH_KNOTS('',3,(#12657,#12658,#12659,#12660,#12661,
#12662,#12663,#12664,#12665,#12666,#12667,#12668,#12669,#12670),
 .UNSPECIFIED.,.F.,.F.,(4,2,2,2,2,2,4),(0.,0.249999999999992,0.499999999999984,
0.749999999999976,0.812499999999982,0.874999999999988,1.),.UNSPECIFIED.);
#742=B_SPLINE_CURVE_WITH_KNOTS('',3,(#12696,#12697,#12698,#12699,#12700,
#12701,#12702,#12703,#12704,#12705,#12706,#12707,#12708,#12709),
 .UNSPECIFIED.,.F.,.F.,(4,2,2,2,2,2,4),(0.,0.250000000000012,0.500000000000024,
0.750000000000036,0.812500000000029,0.875000000000021,1.),.UNSPECIFIED.);
#743=B_SPLINE_CURVE_WITH_KNOTS('',3,(#12727,#12728,#12729,#12730,#12731,
#12732,#12733,#12734,#12735,#12736,#12737,#12738,#12739,#12740),
 .UNSPECIFIED.,.F.,.F.,(4,2,2,2,2,2,4),(0.,0.25,0.5,0.749999999999999,0.812499999999999,
0.875,1.),.UNSPECIFIED.);
#744=B_SPLINE_CURVE_WITH_KNOTS('',3,(#12753,#12754,#12755,#12756,#12757,
#12758,#12759,#12760,#12761,#12762,#12763,#12764,#12765,#12766),
 .UNSPECIFIED.,.F.,.F.,(4,2,2,2,2,2,4),(0.,0.249999999999992,0.499999999999984,
0.749999999999976,0.812499999999982,0.874999999999988,1.),.UNSPECIFIED.);
#745=B_SPLINE_CURVE_WITH_KNOTS('',3,(#12792,#12793,#12794,#12795,#12796,
#12797,#12798,#12799,#12800,#12801,#12802,#12803,#12804,#12805),
 .UNSPECIFIED.,.F.,.F.,(4,2,2,2,2,2,4),(0.,0.250000000000012,0.500000000000024,
0.750000000000036,0.812500000000029,0.875000000000021,1.),.UNSPECIFIED.);
#746=B_SPLINE_CURVE_WITH_KNOTS('',3,(#12823,#12824,#12825,#12826,#12827,
#12828,#12829,#12830,#12831,#12832,#12833,#12834,#12835,#12836),
 .UNSPECIFIED.,.F.,.F.,(4,2,2,2,2,2,4),(0.,0.25,0.5,0.749999999999999,0.812499999999999,
0.875,1.),.UNSPECIFIED.);
#747=B_SPLINE_CURVE_WITH_KNOTS('',3,(#12849,#12850,#12851,#12852,#12853,
#12854,#12855,#12856,#12857,#12858,#12859,#12860,#12861,#12862),
 .UNSPECIFIED.,.F.,.F.,(4,2,2,2,2,2,4),(0.,0.249999999999992,0.499999999999984,
0.749999999999976,0.812499999999982,0.874999999999988,1.),.UNSPECIFIED.);
#748=B_SPLINE_CURVE_WITH_KNOTS('',3,(#12888,#12889,#12890,#12891,#12892,
#12893,#12894,#12895,#12896,#12897,#12898,#12899,#12900,#12901),
 .UNSPECIFIED.,.F.,.F.,(4,2,2,2,2,2,4),(0.,0.250000000000012,0.500000000000024,
0.750000000000036,0.812500000000029,0.875000000000021,1.),.UNSPECIFIED.);
#749=B_SPLINE_CURVE_WITH_KNOTS('',3,(#12919,#12920,#12921,#12922,#12923,
#12924,#12925,#12926,#12927,#12928,#12929,#12930,#12931,#12932),
 .UNSPECIFIED.,.F.,.F.,(4,2,2,2,2,2,4),(0.,0.25,0.5,0.749999999999999,0.812499999999999,
0.875,1.),.UNSPECIFIED.);
#750=B_SPLINE_CURVE_WITH_KNOTS('',3,(#12945,#12946,#12947,#12948,#12949,
#12950,#12951,#12952,#12953,#12954,#12955,#12956,#12957,#12958),
 .UNSPECIFIED.,.F.,.F.,(4,2,2,2,2,2,4),(0.,0.249999999999992,0.499999999999984,
0.749999999999976,0.812499999999982,0.874999999999988,1.),.UNSPECIFIED.);
#751=B_SPLINE_CURVE_WITH_KNOTS('',3,(#12984,#12985,#12986,#12987,#12988,
#12989,#12990,#12991,#12992,#12993,#12994,#12995,#12996,#12997),
 .UNSPECIFIED.,.F.,.F.,(4,2,2,2,2,2,4),(0.,0.250000000000012,0.500000000000024,
0.750000000000036,0.812500000000029,0.875000000000021,1.),.UNSPECIFIED.);
#752=B_SPLINE_CURVE_WITH_KNOTS('',3,(#13015,#13016,#13017,#13018,#13019,
#13020,#13021,#13022,#13023,#13024,#13025,#13026,#13027,#13028),
 .UNSPECIFIED.,.F.,.F.,(4,2,2,2,2,2,4),(0.,0.25,0.5,0.749999999999999,0.812499999999999,
0.875,1.),.UNSPECIFIED.);
#753=B_SPLINE_CURVE_WITH_KNOTS('',3,(#13041,#13042,#13043,#13044,#13045,
#13046,#13047,#13048,#13049,#13050,#13051,#13052,#13053,#13054),
 .UNSPECIFIED.,.F.,.F.,(4,2,2,2,2,2,4),(0.,0.249999999999992,0.499999999999984,
0.749999999999976,0.812499999999982,0.874999999999988,1.),.UNSPECIFIED.);
#754=B_SPLINE_CURVE_WITH_KNOTS('',3,(#13080,#13081,#13082,#13083,#13084,
#13085,#13086,#13087,#13088,#13089,#13090,#13091,#13092,#13093),
 .UNSPECIFIED.,.F.,.F.,(4,2,2,2,2,2,4),(0.,0.250000000000012,0.500000000000024,
0.750000000000036,0.812500000000029,0.875000000000021,1.),.UNSPECIFIED.);
#755=B_SPLINE_CURVE_WITH_KNOTS('',3,(#13111,#13112,#13113,#13114,#13115,
#13116,#13117,#13118,#13119,#13120,#13121,#13122,#13123,#13124),
 .UNSPECIFIED.,.F.,.F.,(4,2,2,2,2,2,4),(0.,0.25,0.5,0.749999999999999,0.812499999999999,
0.875,1.),.UNSPECIFIED.);
#756=B_SPLINE_CURVE_WITH_KNOTS('',3,(#13137,#13138,#13139,#13140,#13141,
#13142,#13143,#13144,#13145,#13146,#13147,#13148,#13149,#13150),
 .UNSPECIFIED.,.F.,.F.,(4,2,2,2,2,2,4),(0.,0.249999999999992,0.499999999999984,
0.749999999999976,0.812499999999982,0.874999999999988,1.),.UNSPECIFIED.);
#757=B_SPLINE_CURVE_WITH_KNOTS('',3,(#13176,#13177,#13178,#13179,#13180,
#13181,#13182,#13183,#13184,#13185,#13186,#13187,#13188,#13189),
 .UNSPECIFIED.,.F.,.F.,(4,2,2,2,2,2,4),(0.,0.250000000000012,0.500000000000024,
0.750000000000036,0.812500000000029,0.875000000000021,1.),.UNSPECIFIED.);
#758=B_SPLINE_CURVE_WITH_KNOTS('',3,(#13207,#13208,#13209,#13210,#13211,
#13212,#13213,#13214,#13215,#13216,#13217,#13218,#13219,#13220),
 .UNSPECIFIED.,.F.,.F.,(4,2,2,2,2,2,4),(0.,0.25,0.5,0.749999999999999,0.812499999999999,
0.875,1.),.UNSPECIFIED.);
#759=B_SPLINE_CURVE_WITH_KNOTS('',3,(#13233,#13234,#13235,#13236,#13237,
#13238,#13239,#13240,#13241,#13242,#13243,#13244,#13245,#13246),
 .UNSPECIFIED.,.F.,.F.,(4,2,2,2,2,2,4),(0.,0.249999999999992,0.499999999999984,
0.749999999999976,0.812499999999982,0.874999999999988,1.),.UNSPECIFIED.);
#760=B_SPLINE_CURVE_WITH_KNOTS('',3,(#13272,#13273,#13274,#13275,#13276,
#13277,#13278,#13279,#13280,#13281,#13282,#13283,#13284,#13285),
 .UNSPECIFIED.,.F.,.F.,(4,2,2,2,2,2,4),(0.,0.249999999999998,0.499999999999995,
0.749999999999993,0.812499999999993,0.874999999999993,1.),.UNSPECIFIED.);
#761=B_SPLINE_CURVE_WITH_KNOTS('',3,(#13303,#13304,#13305,#13306,#13307,
#13308,#13309,#13310,#13311,#13312,#13313,#13314,#13315,#13316),
 .UNSPECIFIED.,.F.,.F.,(4,2,2,2,2,2,4),(0.,0.25,0.5,0.749999999999999,0.812499999999999,
0.875,1.),.UNSPECIFIED.);
#762=B_SPLINE_CURVE_WITH_KNOTS('',3,(#13329,#13330,#13331,#13332,#13333,
#13334,#13335,#13336,#13337,#13338,#13339,#13340,#13341,#13342),
 .UNSPECIFIED.,.F.,.F.,(4,2,2,2,2,2,4),(0.,0.250000000000003,0.500000000000006,
0.750000000000009,0.812500000000007,0.875000000000005,1.),.UNSPECIFIED.);
#763=B_SPLINE_CURVE_WITH_KNOTS('',3,(#13368,#13369,#13370,#13371,#13372,
#13373,#13374,#13375,#13376,#13377,#13378,#13379,#13380,#13381),
 .UNSPECIFIED.,.F.,.F.,(4,2,2,2,2,2,4),(0.,0.249999999999998,0.499999999999995,
0.749999999999993,0.812499999999993,0.874999999999993,1.),.UNSPECIFIED.);
#764=B_SPLINE_CURVE_WITH_KNOTS('',3,(#13399,#13400,#13401,#13402,#13403,
#13404,#13405,#13406,#13407,#13408,#13409,#13410,#13411,#13412),
 .UNSPECIFIED.,.F.,.F.,(4,2,2,2,2,2,4),(0.,0.25,0.5,0.749999999999999,0.812499999999999,
0.875,1.),.UNSPECIFIED.);
#765=B_SPLINE_CURVE_WITH_KNOTS('',3,(#13425,#13426,#13427,#13428,#13429,
#13430,#13431,#13432,#13433,#13434,#13435,#13436,#13437,#13438),
 .UNSPECIFIED.,.F.,.F.,(4,2,2,2,2,2,4),(0.,0.250000000000003,0.500000000000006,
0.750000000000009,0.812500000000007,0.875000000000005,1.),.UNSPECIFIED.);
#766=B_SPLINE_CURVE_WITH_KNOTS('',3,(#13464,#13465,#13466,#13467,#13468,
#13469,#13470,#13471,#13472,#13473,#13474,#13475,#13476,#13477),
 .UNSPECIFIED.,.F.,.F.,(4,2,2,2,2,2,4),(0.,0.249999999999998,0.499999999999995,
0.749999999999993,0.812499999999993,0.874999999999993,1.),.UNSPECIFIED.);
#767=B_SPLINE_CURVE_WITH_KNOTS('',3,(#13495,#13496,#13497,#13498,#13499,
#13500,#13501,#13502,#13503,#13504,#13505,#13506,#13507,#13508),
 .UNSPECIFIED.,.F.,.F.,(4,2,2,2,2,2,4),(0.,0.25,0.5,0.749999999999999,0.812499999999999,
0.875,1.),.UNSPECIFIED.);
#768=B_SPLINE_CURVE_WITH_KNOTS('',3,(#13521,#13522,#13523,#13524,#13525,
#13526,#13527,#13528,#13529,#13530,#13531,#13532,#13533,#13534),
 .UNSPECIFIED.,.F.,.F.,(4,2,2,2,2,2,4),(0.,0.250000000000003,0.500000000000006,
0.750000000000009,0.812500000000007,0.875000000000005,1.),.UNSPECIFIED.);
#769=B_SPLINE_CURVE_WITH_KNOTS('',3,(#13560,#13561,#13562,#13563,#13564,
#13565,#13566,#13567,#13568,#13569,#13570,#13571,#13572,#13573),
 .UNSPECIFIED.,.F.,.F.,(4,2,2,2,2,2,4),(0.,0.249999999999998,0.499999999999995,
0.749999999999993,0.812499999999993,0.874999999999993,1.),.UNSPECIFIED.);
#770=B_SPLINE_CURVE_WITH_KNOTS('',3,(#13591,#13592,#13593,#13594,#13595,
#13596,#13597,#13598,#13599,#13600,#13601,#13602,#13603,#13604),
 .UNSPECIFIED.,.F.,.F.,(4,2,2,2,2,2,4),(0.,0.25,0.5,0.749999999999999,0.812499999999999,
0.875,1.),.UNSPECIFIED.);
#771=B_SPLINE_CURVE_WITH_KNOTS('',3,(#13617,#13618,#13619,#13620,#13621,
#13622,#13623,#13624,#13625,#13626,#13627,#13628,#13629,#13630),
 .UNSPECIFIED.,.F.,.F.,(4,2,2,2,2,2,4),(0.,0.250000000000003,0.500000000000006,
0.750000000000009,0.812500000000007,0.875000000000005,1.),.UNSPECIFIED.);
#772=B_SPLINE_CURVE_WITH_KNOTS('',3,(#13656,#13657,#13658,#13659,#13660,
#13661,#13662,#13663,#13664,#13665,#13666,#13667,#13668,#13669),
 .UNSPECIFIED.,.F.,.F.,(4,2,2,2,2,2,4),(0.,0.250000000000005,0.500000000000011,
0.750000000000016,0.812500000000015,0.875000000000015,1.),.UNSPECIFIED.);
#773=B_SPLINE_CURVE_WITH_KNOTS('',3,(#13687,#13688,#13689,#13690,#13691,
#13692,#13693,#13694,#13695,#13696,#13697,#13698,#13699,#13700),
 .UNSPECIFIED.,.F.,.F.,(4,2,2,2,2,2,4),(0.,0.25,0.5,0.749999999999999,0.812499999999999,
0.875,1.),.UNSPECIFIED.);
#774=B_SPLINE_CURVE_WITH_KNOTS('',3,(#13713,#13714,#13715,#13716,#13717,
#13718,#13719,#13720,#13721,#13722,#13723,#13724,#13725,#13726),
 .UNSPECIFIED.,.F.,.F.,(4,2,2,2,2,2,4),(0.,0.250000000000006,0.500000000000012,
0.750000000000018,0.812500000000013,0.875000000000009,1.),.UNSPECIFIED.);
#775=B_SPLINE_CURVE_WITH_KNOTS('',3,(#13752,#13753,#13754,#13755,#13756,
#13757,#13758,#13759,#13760,#13761,#13762,#13763,#13764,#13765),
 .UNSPECIFIED.,.F.,.F.,(4,2,2,2,2,2,4),(0.,0.249999999999999,0.499999999999997,
0.749999999999996,0.812499999999993,0.874999999999991,1.),.UNSPECIFIED.);
#776=B_SPLINE_CURVE_WITH_KNOTS('',3,(#13783,#13784,#13785,#13786,#13787,
#13788,#13789,#13790,#13791,#13792,#13793,#13794,#13795,#13796),
 .UNSPECIFIED.,.F.,.F.,(4,2,2,2,2,2,4),(0.,0.25,0.5,0.749999999999999,0.812499999999999,
0.875,1.),.UNSPECIFIED.);
#777=B_SPLINE_CURVE_WITH_KNOTS('',3,(#13809,#13810,#13811,#13812,#13813,
#13814,#13815,#13816,#13817,#13818,#13819,#13820,#13821,#13822),
 .UNSPECIFIED.,.F.,.F.,(4,2,2,2,2,2,4),(0.,0.250000000000006,0.500000000000012,
0.750000000000018,0.812500000000013,0.875000000000009,1.),.UNSPECIFIED.);
#778=B_SPLINE_CURVE_WITH_KNOTS('',3,(#13848,#13849,#13850,#13851,#13852,
#13853,#13854,#13855,#13856,#13857,#13858,#13859,#13860,#13861),
 .UNSPECIFIED.,.F.,.F.,(4,2,2,2,2,2,4),(0.,0.250000000000005,0.500000000000011,
0.750000000000016,0.812500000000015,0.875000000000015,1.),.UNSPECIFIED.);
#779=B_SPLINE_CURVE_WITH_KNOTS('',3,(#13879,#13880,#13881,#13882,#13883,
#13884,#13885,#13886,#13887,#13888,#13889,#13890,#13891,#13892),
 .UNSPECIFIED.,.F.,.F.,(4,2,2,2,2,2,4),(0.,0.25,0.5,0.749999999999999,0.812499999999999,
0.875,1.),.UNSPECIFIED.);
#780=B_SPLINE_CURVE_WITH_KNOTS('',3,(#13905,#13906,#13907,#13908,#13909,
#13910,#13911,#13912,#13913,#13914,#13915,#13916,#13917,#13918),
 .UNSPECIFIED.,.F.,.F.,(4,2,2,2,2,2,4),(0.,0.250000000000006,0.500000000000012,
0.750000000000018,0.812500000000013,0.875000000000009,1.),.UNSPECIFIED.);
#781=B_SPLINE_CURVE_WITH_KNOTS('',3,(#13944,#13945,#13946,#13947,#13948,
#13949,#13950,#13951,#13952,#13953,#13954,#13955,#13956,#13957),
 .UNSPECIFIED.,.F.,.F.,(4,2,2,2,2,2,4),(0.,0.249999999999999,0.499999999999997,
0.749999999999996,0.812499999999993,0.874999999999991,1.),.UNSPECIFIED.);
#782=B_SPLINE_CURVE_WITH_KNOTS('',3,(#13975,#13976,#13977,#13978,#13979,
#13980,#13981,#13982,#13983,#13984,#13985,#13986,#13987,#13988),
 .UNSPECIFIED.,.F.,.F.,(4,2,2,2,2,2,4),(0.,0.25,0.5,0.749999999999999,0.812499999999999,
0.875,1.),.UNSPECIFIED.);
#783=B_SPLINE_CURVE_WITH_KNOTS('',3,(#14001,#14002,#14003,#14004,#14005,
#14006,#14007,#14008,#14009,#14010,#14011,#14012,#14013,#14014),
 .UNSPECIFIED.,.F.,.F.,(4,2,2,2,2,2,4),(0.,0.250000000000006,0.500000000000012,
0.750000000000018,0.812500000000013,0.875000000000009,1.),.UNSPECIFIED.);
#784=B_SPLINE_CURVE_WITH_KNOTS('',3,(#14040,#14041,#14042,#14043,#14044,
#14045,#14046,#14047,#14048,#14049,#14050,#14051,#14052,#14053),
 .UNSPECIFIED.,.F.,.F.,(4,2,2,2,2,2,4),(0.,0.250000000000005,0.500000000000011,
0.750000000000016,0.812500000000015,0.875000000000015,1.),.UNSPECIFIED.);
#785=B_SPLINE_CURVE_WITH_KNOTS('',3,(#14071,#14072,#14073,#14074,#14075,
#14076,#14077,#14078,#14079,#14080,#14081,#14082,#14083,#14084),
 .UNSPECIFIED.,.F.,.F.,(4,2,2,2,2,2,4),(0.,0.25,0.5,0.749999999999999,0.812499999999999,
0.875,1.),.UNSPECIFIED.);
#786=B_SPLINE_CURVE_WITH_KNOTS('',3,(#14097,#14098,#14099,#14100,#14101,
#14102,#14103,#14104,#14105,#14106,#14107,#14108,#14109,#14110),
 .UNSPECIFIED.,.F.,.F.,(4,2,2,2,2,2,4),(0.,0.250000000000006,0.500000000000012,
0.750000000000018,0.812500000000013,0.875000000000009,1.),.UNSPECIFIED.);
#787=B_SPLINE_CURVE_WITH_KNOTS('',3,(#14136,#14137,#14138,#14139,#14140,
#14141,#14142,#14143,#14144,#14145,#14146,#14147,#14148,#14149),
 .UNSPECIFIED.,.F.,.F.,(4,2,2,2,2,2,4),(0.,0.249999999999999,0.499999999999997,
0.749999999999996,0.812499999999993,0.874999999999991,1.),.UNSPECIFIED.);
#788=B_SPLINE_CURVE_WITH_KNOTS('',3,(#14167,#14168,#14169,#14170,#14171,
#14172,#14173,#14174,#14175,#14176,#14177,#14178,#14179,#14180),
 .UNSPECIFIED.,.F.,.F.,(4,2,2,2,2,2,4),(0.,0.25,0.5,0.749999999999999,0.812499999999999,
0.875,1.),.UNSPECIFIED.);
#789=B_SPLINE_CURVE_WITH_KNOTS('',3,(#14193,#14194,#14195,#14196,#14197,
#14198,#14199,#14200,#14201,#14202,#14203,#14204,#14205,#14206),
 .UNSPECIFIED.,.F.,.F.,(4,2,2,2,2,2,4),(0.,0.250000000000006,0.500000000000012,
0.750000000000018,0.812500000000013,0.875000000000009,1.),.UNSPECIFIED.);
#790=B_SPLINE_CURVE_WITH_KNOTS('',3,(#14232,#14233,#14234,#14235,#14236,
#14237,#14238,#14239,#14240,#14241,#14242,#14243,#14244,#14245),
 .UNSPECIFIED.,.F.,.F.,(4,2,2,2,2,2,4),(0.,0.250000000000005,0.500000000000011,
0.750000000000016,0.812500000000015,0.875000000000015,1.),.UNSPECIFIED.);
#791=B_SPLINE_CURVE_WITH_KNOTS('',3,(#14263,#14264,#14265,#14266,#14267,
#14268,#14269,#14270,#14271,#14272,#14273,#14274,#14275,#14276),
 .UNSPECIFIED.,.F.,.F.,(4,2,2,2,2,2,4),(0.,0.25,0.5,0.749999999999999,0.812499999999999,
0.875,1.),.UNSPECIFIED.);
#792=B_SPLINE_CURVE_WITH_KNOTS('',3,(#14289,#14290,#14291,#14292,#14293,
#14294,#14295,#14296,#14297,#14298,#14299,#14300,#14301,#14302),
 .UNSPECIFIED.,.F.,.F.,(4,2,2,2,2,2,4),(0.,0.250000000000006,0.500000000000012,
0.750000000000018,0.812500000000013,0.875000000000009,1.),.UNSPECIFIED.);
#793=B_SPLINE_CURVE_WITH_KNOTS('',3,(#14328,#14329,#14330,#14331,#14332,
#14333,#14334,#14335,#14336,#14337,#14338,#14339,#14340,#14341),
 .UNSPECIFIED.,.F.,.F.,(4,2,2,2,2,2,4),(0.,0.249999999999999,0.499999999999997,
0.749999999999996,0.812499999999993,0.874999999999991,1.),.UNSPECIFIED.);
#794=B_SPLINE_CURVE_WITH_KNOTS('',3,(#14359,#14360,#14361,#14362,#14363,
#14364,#14365,#14366,#14367,#14368,#14369,#14370,#14371,#14372),
 .UNSPECIFIED.,.F.,.F.,(4,2,2,2,2,2,4),(0.,0.25,0.5,0.749999999999999,0.812499999999999,
0.875,1.),.UNSPECIFIED.);
#795=B_SPLINE_CURVE_WITH_KNOTS('',3,(#14385,#14386,#14387,#14388,#14389,
#14390,#14391,#14392,#14393,#14394,#14395,#14396,#14397,#14398),
 .UNSPECIFIED.,.F.,.F.,(4,2,2,2,2,2,4),(0.,0.250000000000006,0.500000000000012,
0.750000000000018,0.812500000000013,0.875000000000009,1.),.UNSPECIFIED.);
#796=B_SPLINE_CURVE_WITH_KNOTS('',3,(#14406,#14407,#14408,#14409,#14410,
#14411,#14412,#14413,#14414,#14415,#14416,#14417,#14418,#14419),
 .UNSPECIFIED.,.F.,.F.,(4,2,2,2,2,2,4),(0.,0.25,0.5,0.750000000000001,0.8125,
0.874999999999999,1.),.UNSPECIFIED.);
#797=B_SPLINE_CURVE_WITH_KNOTS('',3,(#14427,#14428,#14429,#14430,#14431,
#14432,#14433,#14434,#14435,#14436,#14437,#14438,#14439,#14440),
 .UNSPECIFIED.,.F.,.F.,(4,2,2,2,2,2,4),(0.,0.250000000000006,0.500000000000012,
0.750000000000018,0.812500000000013,0.875000000000009,1.),.UNSPECIFIED.);
#798=B_SPLINE_CURVE_WITH_KNOTS('',3,(#14453,#14454,#14455,#14456,#14457,
#14458,#14459,#14460,#14461,#14462,#14463,#14464,#14465,#14466),
 .UNSPECIFIED.,.F.,.F.,(4,2,2,2,2,2,4),(0.,0.25,0.5,0.749999999999999,0.812499999999999,
0.875,1.),.UNSPECIFIED.);
#799=B_SPLINE_CURVE_WITH_KNOTS('',3,(#14479,#14480,#14481,#14482,#14483,
#14484,#14485,#14486,#14487,#14488,#14489,#14490,#14491,#14492),
 .UNSPECIFIED.,.F.,.F.,(4,2,2,2,2,2,4),(0.,0.250000000000005,0.500000000000011,
0.750000000000016,0.812500000000015,0.875000000000015,1.),.UNSPECIFIED.);
#800=B_SPLINE_CURVE_WITH_KNOTS('',3,(#14505,#14506,#14507,#14508,#14509,
#14510,#14511,#14512,#14513,#14514,#14515,#14516,#14517,#14518),
 .UNSPECIFIED.,.F.,.F.,(4,2,2,2,2,2,4),(0.,0.25,0.5,0.750000000000001,0.8125,
0.875,1.),.UNSPECIFIED.);
#801=B_SPLINE_CURVE_WITH_KNOTS('',3,(#14531,#14532,#14533,#14534,#14535,
#14536,#14537,#14538,#14539,#14540,#14541,#14542,#14543,#14544),
 .UNSPECIFIED.,.F.,.F.,(4,2,2,2,2,2,4),(0.,0.250000000000001,0.500000000000002,
0.750000000000004,0.812500000000003,0.875000000000003,1.),.UNSPECIFIED.);
#802=CYLINDRICAL_SURFACE('',#7792,0.299999999999999);
#803=CYLINDRICAL_SURFACE('',#7796,0.299999999999999);
#804=CYLINDRICAL_SURFACE('',#7800,0.3);
#805=CYLINDRICAL_SURFACE('',#7803,0.299999999999999);
#806=CYLINDRICAL_SURFACE('',#7807,0.299999999999996);
#807=CYLINDRICAL_SURFACE('',#7815,0.299999999999999);
#808=CYLINDRICAL_SURFACE('',#7816,0.299999999999995);
#809=CYLINDRICAL_SURFACE('',#7822,0.299999999999995);
#810=CYLINDRICAL_SURFACE('',#7824,0.3);
#811=CYLINDRICAL_SURFACE('',#7828,0.299999999999999);
#812=CYLINDRICAL_SURFACE('',#7832,0.299999999999999);
#813=CYLINDRICAL_SURFACE('',#7836,0.3);
#814=CYLINDRICAL_SURFACE('',#7839,0.299999999999999);
#815=CYLINDRICAL_SURFACE('',#7843,0.299999999999996);
#816=CYLINDRICAL_SURFACE('',#7851,0.299999999999999);
#817=CYLINDRICAL_SURFACE('',#7852,0.299999999999995);
#818=CYLINDRICAL_SURFACE('',#7858,0.299999999999995);
#819=CYLINDRICAL_SURFACE('',#7860,0.3);
#820=CYLINDRICAL_SURFACE('',#7864,0.299999999999999);
#821=CYLINDRICAL_SURFACE('',#7868,0.299999999999999);
#822=CYLINDRICAL_SURFACE('',#7872,0.3);
#823=CYLINDRICAL_SURFACE('',#7875,0.299999999999999);
#824=CYLINDRICAL_SURFACE('',#7879,0.299999999999996);
#825=CYLINDRICAL_SURFACE('',#7887,0.299999999999999);
#826=CYLINDRICAL_SURFACE('',#7888,0.299999999999995);
#827=CYLINDRICAL_SURFACE('',#7894,0.299999999999995);
#828=CYLINDRICAL_SURFACE('',#7896,0.3);
#829=CYLINDRICAL_SURFACE('',#7900,0.299999999999999);
#830=CYLINDRICAL_SURFACE('',#7904,0.299999999999999);
#831=CYLINDRICAL_SURFACE('',#7908,0.3);
#832=CYLINDRICAL_SURFACE('',#7911,0.299999999999999);
#833=CYLINDRICAL_SURFACE('',#7915,0.299999999999996);
#834=CYLINDRICAL_SURFACE('',#7923,0.299999999999999);
#835=CYLINDRICAL_SURFACE('',#7924,0.299999999999995);
#836=CYLINDRICAL_SURFACE('',#7930,0.299999999999995);
#837=CYLINDRICAL_SURFACE('',#7932,0.3);
#838=CYLINDRICAL_SURFACE('',#7936,0.299999999999999);
#839=CYLINDRICAL_SURFACE('',#7940,0.299999999999999);
#840=CYLINDRICAL_SURFACE('',#7944,0.3);
#841=CYLINDRICAL_SURFACE('',#7947,0.299999999999999);
#842=CYLINDRICAL_SURFACE('',#7951,0.299999999999996);
#843=CYLINDRICAL_SURFACE('',#7959,0.299999999999999);
#844=CYLINDRICAL_SURFACE('',#7960,0.299999999999995);
#845=CYLINDRICAL_SURFACE('',#7966,0.299999999999995);
#846=CYLINDRICAL_SURFACE('',#7968,0.3);
#847=CYLINDRICAL_SURFACE('',#7972,0.299999999999999);
#848=CYLINDRICAL_SURFACE('',#7976,0.299999999999999);
#849=CYLINDRICAL_SURFACE('',#7980,0.3);
#850=CYLINDRICAL_SURFACE('',#7983,0.299999999999999);
#851=CYLINDRICAL_SURFACE('',#7987,0.299999999999996);
#852=CYLINDRICAL_SURFACE('',#7995,0.299999999999999);
#853=CYLINDRICAL_SURFACE('',#7996,0.299999999999995);
#854=CYLINDRICAL_SURFACE('',#8002,0.299999999999995);
#855=CYLINDRICAL_SURFACE('',#8004,0.3);
#856=CYLINDRICAL_SURFACE('',#8008,0.299999999999999);
#857=CYLINDRICAL_SURFACE('',#8012,0.299999999999999);
#858=CYLINDRICAL_SURFACE('',#8016,0.3);
#859=CYLINDRICAL_SURFACE('',#8019,0.299999999999999);
#860=CYLINDRICAL_SURFACE('',#8023,0.299999999999996);
#861=CYLINDRICAL_SURFACE('',#8031,0.299999999999999);
#862=CYLINDRICAL_SURFACE('',#8032,0.299999999999995);
#863=CYLINDRICAL_SURFACE('',#8038,0.299999999999995);
#864=CYLINDRICAL_SURFACE('',#8040,0.3);
#865=CYLINDRICAL_SURFACE('',#8044,0.299999999999999);
#866=CYLINDRICAL_SURFACE('',#8048,0.299999999999999);
#867=CYLINDRICAL_SURFACE('',#8052,0.3);
#868=CYLINDRICAL_SURFACE('',#8055,0.299999999999999);
#869=CYLINDRICAL_SURFACE('',#8059,0.299999999999996);
#870=CYLINDRICAL_SURFACE('',#8067,0.299999999999999);
#871=CYLINDRICAL_SURFACE('',#8068,0.299999999999995);
#872=CYLINDRICAL_SURFACE('',#8074,0.299999999999995);
#873=CYLINDRICAL_SURFACE('',#8076,0.3);
#874=CYLINDRICAL_SURFACE('',#8080,0.299999999999999);
#875=CYLINDRICAL_SURFACE('',#8084,0.299999999999999);
#876=CYLINDRICAL_SURFACE('',#8088,0.3);
#877=CYLINDRICAL_SURFACE('',#8091,0.299999999999999);
#878=CYLINDRICAL_SURFACE('',#8095,0.299999999999996);
#879=CYLINDRICAL_SURFACE('',#8103,0.299999999999999);
#880=CYLINDRICAL_SURFACE('',#8104,0.299999999999995);
#881=CYLINDRICAL_SURFACE('',#8110,0.299999999999995);
#882=CYLINDRICAL_SURFACE('',#8112,0.3);
#883=CYLINDRICAL_SURFACE('',#8116,0.299999999999999);
#884=CYLINDRICAL_SURFACE('',#8120,0.299999999999999);
#885=CYLINDRICAL_SURFACE('',#8124,0.3);
#886=CYLINDRICAL_SURFACE('',#8127,0.299999999999999);
#887=CYLINDRICAL_SURFACE('',#8131,0.299999999999996);
#888=CYLINDRICAL_SURFACE('',#8139,0.299999999999999);
#889=CYLINDRICAL_SURFACE('',#8140,0.299999999999995);
#890=CYLINDRICAL_SURFACE('',#8146,0.299999999999995);
#891=CYLINDRICAL_SURFACE('',#8148,0.3);
#892=CYLINDRICAL_SURFACE('',#8152,0.299999999999999);
#893=CYLINDRICAL_SURFACE('',#8156,0.299999999999999);
#894=CYLINDRICAL_SURFACE('',#8160,0.3);
#895=CYLINDRICAL_SURFACE('',#8163,0.299999999999999);
#896=CYLINDRICAL_SURFACE('',#8167,0.299999999999996);
#897=CYLINDRICAL_SURFACE('',#8175,0.299999999999999);
#898=CYLINDRICAL_SURFACE('',#8176,0.299999999999995);
#899=CYLINDRICAL_SURFACE('',#8182,0.299999999999995);
#900=CYLINDRICAL_SURFACE('',#8184,0.3);
#901=CYLINDRICAL_SURFACE('',#8188,0.299999999999999);
#902=CYLINDRICAL_SURFACE('',#8192,0.299999999999999);
#903=CYLINDRICAL_SURFACE('',#8196,0.3);
#904=CYLINDRICAL_SURFACE('',#8199,0.299999999999999);
#905=CYLINDRICAL_SURFACE('',#8203,0.299999999999996);
#906=CYLINDRICAL_SURFACE('',#8211,0.299999999999999);
#907=CYLINDRICAL_SURFACE('',#8212,0.299999999999995);
#908=CYLINDRICAL_SURFACE('',#8218,0.299999999999995);
#909=CYLINDRICAL_SURFACE('',#8220,0.3);
#910=CYLINDRICAL_SURFACE('',#8224,0.299999999999999);
#911=CYLINDRICAL_SURFACE('',#8228,0.299999999999999);
#912=CYLINDRICAL_SURFACE('',#8232,0.3);
#913=CYLINDRICAL_SURFACE('',#8235,0.299999999999999);
#914=CYLINDRICAL_SURFACE('',#8239,0.299999999999996);
#915=CYLINDRICAL_SURFACE('',#8247,0.299999999999999);
#916=CYLINDRICAL_SURFACE('',#8248,0.299999999999995);
#917=CYLINDRICAL_SURFACE('',#8254,0.299999999999995);
#918=CYLINDRICAL_SURFACE('',#8256,0.3);
#919=CYLINDRICAL_SURFACE('',#8260,0.299999999999999);
#920=CYLINDRICAL_SURFACE('',#8264,0.299999999999999);
#921=CYLINDRICAL_SURFACE('',#8268,0.3);
#922=CYLINDRICAL_SURFACE('',#8271,0.299999999999999);
#923=CYLINDRICAL_SURFACE('',#8275,0.299999999999996);
#924=CYLINDRICAL_SURFACE('',#8283,0.299999999999999);
#925=CYLINDRICAL_SURFACE('',#8284,0.299999999999995);
#926=CYLINDRICAL_SURFACE('',#8290,0.299999999999995);
#927=CYLINDRICAL_SURFACE('',#8292,0.3);
#928=CYLINDRICAL_SURFACE('',#8296,0.299999999999999);
#929=CYLINDRICAL_SURFACE('',#8300,0.299999999999999);
#930=CYLINDRICAL_SURFACE('',#8304,0.3);
#931=CYLINDRICAL_SURFACE('',#8307,0.299999999999999);
#932=CYLINDRICAL_SURFACE('',#8311,0.299999999999996);
#933=CYLINDRICAL_SURFACE('',#8319,0.299999999999999);
#934=CYLINDRICAL_SURFACE('',#8320,0.299999999999995);
#935=CYLINDRICAL_SURFACE('',#8326,0.299999999999995);
#936=CYLINDRICAL_SURFACE('',#8328,0.3);
#937=CYLINDRICAL_SURFACE('',#8332,0.299999999999999);
#938=CYLINDRICAL_SURFACE('',#8336,0.299999999999999);
#939=CYLINDRICAL_SURFACE('',#8340,0.3);
#940=CYLINDRICAL_SURFACE('',#8343,0.299999999999999);
#941=CYLINDRICAL_SURFACE('',#8347,0.299999999999996);
#942=CYLINDRICAL_SURFACE('',#8355,0.299999999999999);
#943=CYLINDRICAL_SURFACE('',#8356,0.299999999999995);
#944=CYLINDRICAL_SURFACE('',#8362,0.299999999999995);
#945=CYLINDRICAL_SURFACE('',#8364,0.3);
#946=CYLINDRICAL_SURFACE('',#8368,0.299999999999999);
#947=CYLINDRICAL_SURFACE('',#8372,0.299999999999999);
#948=CYLINDRICAL_SURFACE('',#8376,0.3);
#949=CYLINDRICAL_SURFACE('',#8379,0.299999999999999);
#950=CYLINDRICAL_SURFACE('',#8383,0.299999999999996);
#951=CYLINDRICAL_SURFACE('',#8391,0.299999999999999);
#952=CYLINDRICAL_SURFACE('',#8392,0.299999999999995);
#953=CYLINDRICAL_SURFACE('',#8398,0.299999999999995);
#954=CYLINDRICAL_SURFACE('',#8400,0.3);
#955=CYLINDRICAL_SURFACE('',#8404,0.299999999999999);
#956=CYLINDRICAL_SURFACE('',#8408,0.299999999999999);
#957=CYLINDRICAL_SURFACE('',#8412,0.3);
#958=CYLINDRICAL_SURFACE('',#8415,0.299999999999999);
#959=CYLINDRICAL_SURFACE('',#8419,0.299999999999996);
#960=CYLINDRICAL_SURFACE('',#8427,0.299999999999999);
#961=CYLINDRICAL_SURFACE('',#8428,0.299999999999995);
#962=CYLINDRICAL_SURFACE('',#8434,0.299999999999995);
#963=CYLINDRICAL_SURFACE('',#8436,0.3);
#964=CYLINDRICAL_SURFACE('',#8440,0.299999999999999);
#965=CYLINDRICAL_SURFACE('',#8444,0.299999999999999);
#966=CYLINDRICAL_SURFACE('',#8448,0.3);
#967=CYLINDRICAL_SURFACE('',#8451,0.299999999999999);
#968=CYLINDRICAL_SURFACE('',#8455,0.299999999999996);
#969=CYLINDRICAL_SURFACE('',#8463,0.299999999999999);
#970=CYLINDRICAL_SURFACE('',#8464,0.299999999999995);
#971=CYLINDRICAL_SURFACE('',#8470,0.299999999999995);
#972=CYLINDRICAL_SURFACE('',#8472,0.3);
#973=CYLINDRICAL_SURFACE('',#8476,0.299999999999999);
#974=CYLINDRICAL_SURFACE('',#8480,0.299999999999999);
#975=CYLINDRICAL_SURFACE('',#8484,0.3);
#976=CYLINDRICAL_SURFACE('',#8487,0.299999999999999);
#977=CYLINDRICAL_SURFACE('',#8491,0.299999999999996);
#978=CYLINDRICAL_SURFACE('',#8499,0.299999999999999);
#979=CYLINDRICAL_SURFACE('',#8500,0.299999999999995);
#980=CYLINDRICAL_SURFACE('',#8506,0.299999999999995);
#981=CYLINDRICAL_SURFACE('',#8508,0.3);
#982=CYLINDRICAL_SURFACE('',#8512,0.299999999999999);
#983=CYLINDRICAL_SURFACE('',#8516,0.299999999999999);
#984=CYLINDRICAL_SURFACE('',#8520,0.3);
#985=CYLINDRICAL_SURFACE('',#8523,0.299999999999999);
#986=CYLINDRICAL_SURFACE('',#8527,0.299999999999996);
#987=CYLINDRICAL_SURFACE('',#8535,0.299999999999999);
#988=CYLINDRICAL_SURFACE('',#8536,0.299999999999995);
#989=CYLINDRICAL_SURFACE('',#8542,0.299999999999995);
#990=CYLINDRICAL_SURFACE('',#8544,0.3);
#991=CYLINDRICAL_SURFACE('',#8548,0.299999999999999);
#992=CYLINDRICAL_SURFACE('',#8552,0.299999999999999);
#993=CYLINDRICAL_SURFACE('',#8556,0.3);
#994=CYLINDRICAL_SURFACE('',#8559,0.299999999999999);
#995=CYLINDRICAL_SURFACE('',#8563,0.299999999999996);
#996=CYLINDRICAL_SURFACE('',#8571,0.299999999999999);
#997=CYLINDRICAL_SURFACE('',#8572,0.299999999999995);
#998=CYLINDRICAL_SURFACE('',#8578,0.299999999999995);
#999=CYLINDRICAL_SURFACE('',#8580,0.3);
#1000=CYLINDRICAL_SURFACE('',#8584,0.299999999999999);
#1001=CYLINDRICAL_SURFACE('',#8588,0.299999999999999);
#1002=CYLINDRICAL_SURFACE('',#8592,0.3);
#1003=CYLINDRICAL_SURFACE('',#8595,0.299999999999999);
#1004=CYLINDRICAL_SURFACE('',#8599,0.299999999999996);
#1005=CYLINDRICAL_SURFACE('',#8607,0.299999999999999);
#1006=CYLINDRICAL_SURFACE('',#8608,0.299999999999995);
#1007=CYLINDRICAL_SURFACE('',#8614,0.299999999999995);
#1008=CYLINDRICAL_SURFACE('',#8616,0.3);
#1009=CYLINDRICAL_SURFACE('',#8620,0.299999999999999);
#1010=CYLINDRICAL_SURFACE('',#8624,0.299999999999999);
#1011=CYLINDRICAL_SURFACE('',#8628,0.3);
#1012=CYLINDRICAL_SURFACE('',#8631,0.299999999999999);
#1013=CYLINDRICAL_SURFACE('',#8635,0.299999999999996);
#1014=CYLINDRICAL_SURFACE('',#8643,0.299999999999999);
#1015=CYLINDRICAL_SURFACE('',#8644,0.299999999999995);
#1016=CYLINDRICAL_SURFACE('',#8650,0.299999999999995);
#1017=CYLINDRICAL_SURFACE('',#8652,0.3);
#1018=CYLINDRICAL_SURFACE('',#8656,0.299999999999999);
#1019=CYLINDRICAL_SURFACE('',#8660,0.299999999999999);
#1020=CYLINDRICAL_SURFACE('',#8664,0.3);
#1021=CYLINDRICAL_SURFACE('',#8667,0.299999999999999);
#1022=CYLINDRICAL_SURFACE('',#8671,0.299999999999996);
#1023=CYLINDRICAL_SURFACE('',#8679,0.299999999999999);
#1024=CYLINDRICAL_SURFACE('',#8680,0.299999999999995);
#1025=CYLINDRICAL_SURFACE('',#8686,0.299999999999995);
#1026=CYLINDRICAL_SURFACE('',#8688,0.3);
#1027=CYLINDRICAL_SURFACE('',#8692,0.299999999999999);
#1028=CYLINDRICAL_SURFACE('',#8696,0.299999999999999);
#1029=CYLINDRICAL_SURFACE('',#8700,0.3);
#1030=CYLINDRICAL_SURFACE('',#8703,0.299999999999999);
#1031=CYLINDRICAL_SURFACE('',#8707,0.299999999999996);
#1032=CYLINDRICAL_SURFACE('',#8715,0.299999999999999);
#1033=CYLINDRICAL_SURFACE('',#8716,0.299999999999995);
#1034=CYLINDRICAL_SURFACE('',#8722,0.299999999999995);
#1035=CYLINDRICAL_SURFACE('',#8724,0.3);
#1036=CYLINDRICAL_SURFACE('',#8728,0.299999999999999);
#1037=CYLINDRICAL_SURFACE('',#8732,0.299999999999999);
#1038=CYLINDRICAL_SURFACE('',#8736,0.3);
#1039=CYLINDRICAL_SURFACE('',#8739,0.299999999999999);
#1040=CYLINDRICAL_SURFACE('',#8743,0.299999999999996);
#1041=CYLINDRICAL_SURFACE('',#8751,0.299999999999999);
#1042=CYLINDRICAL_SURFACE('',#8752,0.299999999999995);
#1043=CYLINDRICAL_SURFACE('',#8758,0.299999999999995);
#1044=CYLINDRICAL_SURFACE('',#8760,0.3);
#1045=CYLINDRICAL_SURFACE('',#8764,0.299999999999999);
#1046=CYLINDRICAL_SURFACE('',#8768,0.299999999999999);
#1047=CYLINDRICAL_SURFACE('',#8772,0.3);
#1048=CYLINDRICAL_SURFACE('',#8775,0.299999999999999);
#1049=CYLINDRICAL_SURFACE('',#8779,0.299999999999996);
#1050=CYLINDRICAL_SURFACE('',#8787,0.299999999999999);
#1051=CYLINDRICAL_SURFACE('',#8788,0.299999999999995);
#1052=CYLINDRICAL_SURFACE('',#8794,0.299999999999995);
#1053=CYLINDRICAL_SURFACE('',#8796,0.3);
#1054=CYLINDRICAL_SURFACE('',#8800,0.299999999999999);
#1055=CYLINDRICAL_SURFACE('',#8804,0.299999999999999);
#1056=CYLINDRICAL_SURFACE('',#8808,0.3);
#1057=CYLINDRICAL_SURFACE('',#8811,0.299999999999999);
#1058=CYLINDRICAL_SURFACE('',#8815,0.299999999999996);
#1059=CYLINDRICAL_SURFACE('',#8823,0.299999999999999);
#1060=CYLINDRICAL_SURFACE('',#8824,0.299999999999995);
#1061=CYLINDRICAL_SURFACE('',#8830,0.299999999999995);
#1062=CYLINDRICAL_SURFACE('',#8832,0.3);
#1063=CYLINDRICAL_SURFACE('',#8836,0.299999999999999);
#1064=CYLINDRICAL_SURFACE('',#8840,0.299999999999999);
#1065=CYLINDRICAL_SURFACE('',#8844,0.3);
#1066=CYLINDRICAL_SURFACE('',#8847,0.299999999999999);
#1067=CYLINDRICAL_SURFACE('',#8851,0.299999999999996);
#1068=CYLINDRICAL_SURFACE('',#8859,0.299999999999999);
#1069=CYLINDRICAL_SURFACE('',#8860,0.299999999999995);
#1070=CYLINDRICAL_SURFACE('',#8866,0.299999999999995);
#1071=CYLINDRICAL_SURFACE('',#8868,0.3);
#1072=CYLINDRICAL_SURFACE('',#8872,0.299999999999999);
#1073=CYLINDRICAL_SURFACE('',#8876,0.299999999999995);
#1074=CYLINDRICAL_SURFACE('',#8880,0.3);
#1075=CYLINDRICAL_SURFACE('',#8884,0.299999999999995);
#1076=CYLINDRICAL_SURFACE('',#8888,0.299999999999999);
#1077=CYLINDRICAL_SURFACE('',#8892,0.299999999999996);
#1078=CYLINDRICAL_SURFACE('',#8896,0.299999999999999);
#1079=CYLINDRICAL_SURFACE('',#8900,0.299999999999998);
#1080=CYLINDRICAL_SURFACE('',#8904,0.299999999999999);
#1081=CYLINDRICAL_SURFACE('',#8908,0.299999999999998);
#1082=CYLINDRICAL_SURFACE('',#8912,0.299999999999998);
#1083=CYLINDRICAL_SURFACE('',#8916,1.25);
#1084=CYLINDRICAL_SURFACE('',#8919,1.25000000000002);
#1085=CYLINDRICAL_SURFACE('',#8931,0.3);
#1086=CYLINDRICAL_SURFACE('',#8935,0.299999999999999);
#1087=CYLINDRICAL_SURFACE('',#8939,0.299999999999999);
#1088=CYLINDRICAL_SURFACE('',#8943,0.299999999999999);
#1089=CYLINDRICAL_SURFACE('',#8947,0.299999999999998);
#1090=CYLINDRICAL_SURFACE('',#8951,0.3);
#1091=CYLINDRICAL_SURFACE('',#8992,0.3);
#1092=FACE_BOUND('',#3069,.T.);
#1093=FACE_BOUND('',#3070,.T.);
#1094=FACE_BOUND('',#3072,.T.);
#1095=FACE_BOUND('',#3073,.T.);
#1096=FACE_BOUND('',#3075,.T.);
#1097=FACE_BOUND('',#3076,.T.);
#1098=FACE_BOUND('',#3077,.T.);
#1099=FACE_BOUND('',#3078,.T.);
#1100=FACE_BOUND('',#3080,.T.);
#1101=FACE_BOUND('',#3081,.T.);
#1102=FACE_BOUND('',#3085,.T.);
#1103=FACE_BOUND('',#3086,.T.);
#1104=FACE_BOUND('',#3087,.T.);
#1105=FACE_BOUND('',#3088,.T.);
#1106=FACE_BOUND('',#3091,.T.);
#1107=FACE_BOUND('',#3092,.T.);
#1108=FACE_BOUND('',#3093,.T.);
#1109=FACE_BOUND('',#3094,.T.);
#1110=FACE_BOUND('',#3096,.T.);
#1111=FACE_BOUND('',#3097,.T.);
#1112=FACE_BOUND('',#3099,.T.);
#1113=FACE_BOUND('',#3100,.T.);
#1114=FACE_BOUND('',#3102,.T.);
#1115=FACE_BOUND('',#3103,.T.);
#1116=FACE_BOUND('',#3104,.T.);
#1117=FACE_BOUND('',#3105,.T.);
#1118=FACE_BOUND('',#3107,.T.);
#1119=FACE_BOUND('',#3108,.T.);
#1120=FACE_BOUND('',#3112,.T.);
#1121=FACE_BOUND('',#3113,.T.);
#1122=FACE_BOUND('',#3114,.T.);
#1123=FACE_BOUND('',#3115,.T.);
#1124=FACE_BOUND('',#3118,.T.);
#1125=FACE_BOUND('',#3119,.T.);
#1126=FACE_BOUND('',#3120,.T.);
#1127=FACE_BOUND('',#3121,.T.);
#1128=FACE_BOUND('',#3123,.T.);
#1129=FACE_BOUND('',#3124,.T.);
#1130=FACE_BOUND('',#3126,.T.);
#1131=FACE_BOUND('',#3127,.T.);
#1132=FACE_BOUND('',#3129,.T.);
#1133=FACE_BOUND('',#3130,.T.);
#1134=FACE_BOUND('',#3131,.T.);
#1135=FACE_BOUND('',#3132,.T.);
#1136=FACE_BOUND('',#3134,.T.);
#1137=FACE_BOUND('',#3135,.T.);
#1138=FACE_BOUND('',#3139,.T.);
#1139=FACE_BOUND('',#3140,.T.);
#1140=FACE_BOUND('',#3141,.T.);
#1141=FACE_BOUND('',#3142,.T.);
#1142=FACE_BOUND('',#3145,.T.);
#1143=FACE_BOUND('',#3146,.T.);
#1144=FACE_BOUND('',#3147,.T.);
#1145=FACE_BOUND('',#3148,.T.);
#1146=FACE_BOUND('',#3150,.T.);
#1147=FACE_BOUND('',#3151,.T.);
#1148=FACE_BOUND('',#3153,.T.);
#1149=FACE_BOUND('',#3154,.T.);
#1150=FACE_BOUND('',#3156,.T.);
#1151=FACE_BOUND('',#3157,.T.);
#1152=FACE_BOUND('',#3158,.T.);
#1153=FACE_BOUND('',#3159,.T.);
#1154=FACE_BOUND('',#3161,.T.);
#1155=FACE_BOUND('',#3162,.T.);
#1156=FACE_BOUND('',#3166,.T.);
#1157=FACE_BOUND('',#3167,.T.);
#1158=FACE_BOUND('',#3168,.T.);
#1159=FACE_BOUND('',#3169,.T.);
#1160=FACE_BOUND('',#3172,.T.);
#1161=FACE_BOUND('',#3173,.T.);
#1162=FACE_BOUND('',#3174,.T.);
#1163=FACE_BOUND('',#3175,.T.);
#1164=FACE_BOUND('',#3177,.T.);
#1165=FACE_BOUND('',#3178,.T.);
#1166=FACE_BOUND('',#3180,.T.);
#1167=FACE_BOUND('',#3181,.T.);
#1168=FACE_BOUND('',#3183,.T.);
#1169=FACE_BOUND('',#3184,.T.);
#1170=FACE_BOUND('',#3185,.T.);
#1171=FACE_BOUND('',#3186,.T.);
#1172=FACE_BOUND('',#3188,.T.);
#1173=FACE_BOUND('',#3189,.T.);
#1174=FACE_BOUND('',#3193,.T.);
#1175=FACE_BOUND('',#3194,.T.);
#1176=FACE_BOUND('',#3195,.T.);
#1177=FACE_BOUND('',#3196,.T.);
#1178=FACE_BOUND('',#3199,.T.);
#1179=FACE_BOUND('',#3200,.T.);
#1180=FACE_BOUND('',#3201,.T.);
#1181=FACE_BOUND('',#3202,.T.);
#1182=FACE_BOUND('',#3204,.T.);
#1183=FACE_BOUND('',#3205,.T.);
#1184=FACE_BOUND('',#3207,.T.);
#1185=FACE_BOUND('',#3208,.T.);
#1186=FACE_BOUND('',#3210,.T.);
#1187=FACE_BOUND('',#3211,.T.);
#1188=FACE_BOUND('',#3212,.T.);
#1189=FACE_BOUND('',#3213,.T.);
#1190=FACE_BOUND('',#3215,.T.);
#1191=FACE_BOUND('',#3216,.T.);
#1192=FACE_BOUND('',#3220,.T.);
#1193=FACE_BOUND('',#3221,.T.);
#1194=FACE_BOUND('',#3222,.T.);
#1195=FACE_BOUND('',#3223,.T.);
#1196=FACE_BOUND('',#3226,.T.);
#1197=FACE_BOUND('',#3227,.T.);
#1198=FACE_BOUND('',#3228,.T.);
#1199=FACE_BOUND('',#3229,.T.);
#1200=FACE_BOUND('',#3231,.T.);
#1201=FACE_BOUND('',#3232,.T.);
#1202=FACE_BOUND('',#3234,.T.);
#1203=FACE_BOUND('',#3235,.T.);
#1204=FACE_BOUND('',#3237,.T.);
#1205=FACE_BOUND('',#3238,.T.);
#1206=FACE_BOUND('',#3239,.T.);
#1207=FACE_BOUND('',#3240,.T.);
#1208=FACE_BOUND('',#3242,.T.);
#1209=FACE_BOUND('',#3243,.T.);
#1210=FACE_BOUND('',#3247,.T.);
#1211=FACE_BOUND('',#3248,.T.);
#1212=FACE_BOUND('',#3249,.T.);
#1213=FACE_BOUND('',#3250,.T.);
#1214=FACE_BOUND('',#3253,.T.);
#1215=FACE_BOUND('',#3254,.T.);
#1216=FACE_BOUND('',#3255,.T.);
#1217=FACE_BOUND('',#3256,.T.);
#1218=FACE_BOUND('',#3258,.T.);
#1219=FACE_BOUND('',#3259,.T.);
#1220=FACE_BOUND('',#3261,.T.);
#1221=FACE_BOUND('',#3262,.T.);
#1222=FACE_BOUND('',#3264,.T.);
#1223=FACE_BOUND('',#3265,.T.);
#1224=FACE_BOUND('',#3266,.T.);
#1225=FACE_BOUND('',#3267,.T.);
#1226=FACE_BOUND('',#3269,.T.);
#1227=FACE_BOUND('',#3270,.T.);
#1228=FACE_BOUND('',#3274,.T.);
#1229=FACE_BOUND('',#3275,.T.);
#1230=FACE_BOUND('',#3276,.T.);
#1231=FACE_BOUND('',#3277,.T.);
#1232=FACE_BOUND('',#3280,.T.);
#1233=FACE_BOUND('',#3281,.T.);
#1234=FACE_BOUND('',#3282,.T.);
#1235=FACE_BOUND('',#3283,.T.);
#1236=FACE_BOUND('',#3285,.T.);
#1237=FACE_BOUND('',#3286,.T.);
#1238=FACE_BOUND('',#3288,.T.);
#1239=FACE_BOUND('',#3289,.T.);
#1240=FACE_BOUND('',#3291,.T.);
#1241=FACE_BOUND('',#3292,.T.);
#1242=FACE_BOUND('',#3293,.T.);
#1243=FACE_BOUND('',#3294,.T.);
#1244=FACE_BOUND('',#3296,.T.);
#1245=FACE_BOUND('',#3297,.T.);
#1246=FACE_BOUND('',#3301,.T.);
#1247=FACE_BOUND('',#3302,.T.);
#1248=FACE_BOUND('',#3303,.T.);
#1249=FACE_BOUND('',#3304,.T.);
#1250=FACE_BOUND('',#3307,.T.);
#1251=FACE_BOUND('',#3308,.T.);
#1252=FACE_BOUND('',#3309,.T.);
#1253=FACE_BOUND('',#3310,.T.);
#1254=FACE_BOUND('',#3312,.T.);
#1255=FACE_BOUND('',#3313,.T.);
#1256=FACE_BOUND('',#3315,.T.);
#1257=FACE_BOUND('',#3316,.T.);
#1258=FACE_BOUND('',#3318,.T.);
#1259=FACE_BOUND('',#3319,.T.);
#1260=FACE_BOUND('',#3320,.T.);
#1261=FACE_BOUND('',#3321,.T.);
#1262=FACE_BOUND('',#3323,.T.);
#1263=FACE_BOUND('',#3324,.T.);
#1264=FACE_BOUND('',#3328,.T.);
#1265=FACE_BOUND('',#3329,.T.);
#1266=FACE_BOUND('',#3330,.T.);
#1267=FACE_BOUND('',#3331,.T.);
#1268=FACE_BOUND('',#3334,.T.);
#1269=FACE_BOUND('',#3335,.T.);
#1270=FACE_BOUND('',#3336,.T.);
#1271=FACE_BOUND('',#3337,.T.);
#1272=FACE_BOUND('',#3339,.T.);
#1273=FACE_BOUND('',#3340,.T.);
#1274=FACE_BOUND('',#3342,.T.);
#1275=FACE_BOUND('',#3343,.T.);
#1276=FACE_BOUND('',#3345,.T.);
#1277=FACE_BOUND('',#3346,.T.);
#1278=FACE_BOUND('',#3347,.T.);
#1279=FACE_BOUND('',#3348,.T.);
#1280=FACE_BOUND('',#3350,.T.);
#1281=FACE_BOUND('',#3351,.T.);
#1282=FACE_BOUND('',#3355,.T.);
#1283=FACE_BOUND('',#3356,.T.);
#1284=FACE_BOUND('',#3357,.T.);
#1285=FACE_BOUND('',#3358,.T.);
#1286=FACE_BOUND('',#3361,.T.);
#1287=FACE_BOUND('',#3362,.T.);
#1288=FACE_BOUND('',#3363,.T.);
#1289=FACE_BOUND('',#3364,.T.);
#1290=FACE_BOUND('',#3366,.T.);
#1291=FACE_BOUND('',#3367,.T.);
#1292=FACE_BOUND('',#3369,.T.);
#1293=FACE_BOUND('',#3370,.T.);
#1294=FACE_BOUND('',#3372,.T.);
#1295=FACE_BOUND('',#3373,.T.);
#1296=FACE_BOUND('',#3374,.T.);
#1297=FACE_BOUND('',#3375,.T.);
#1298=FACE_BOUND('',#3377,.T.);
#1299=FACE_BOUND('',#3378,.T.);
#1300=FACE_BOUND('',#3382,.T.);
#1301=FACE_BOUND('',#3383,.T.);
#1302=FACE_BOUND('',#3384,.T.);
#1303=FACE_BOUND('',#3385,.T.);
#1304=FACE_BOUND('',#3388,.T.);
#1305=FACE_BOUND('',#3389,.T.);
#1306=FACE_BOUND('',#3390,.T.);
#1307=FACE_BOUND('',#3391,.T.);
#1308=FACE_BOUND('',#3393,.T.);
#1309=FACE_BOUND('',#3394,.T.);
#1310=FACE_BOUND('',#3396,.T.);
#1311=FACE_BOUND('',#3397,.T.);
#1312=FACE_BOUND('',#3399,.T.);
#1313=FACE_BOUND('',#3400,.T.);
#1314=FACE_BOUND('',#3401,.T.);
#1315=FACE_BOUND('',#3402,.T.);
#1316=FACE_BOUND('',#3404,.T.);
#1317=FACE_BOUND('',#3405,.T.);
#1318=FACE_BOUND('',#3409,.T.);
#1319=FACE_BOUND('',#3410,.T.);
#1320=FACE_BOUND('',#3411,.T.);
#1321=FACE_BOUND('',#3412,.T.);
#1322=FACE_BOUND('',#3415,.T.);
#1323=FACE_BOUND('',#3416,.T.);
#1324=FACE_BOUND('',#3417,.T.);
#1325=FACE_BOUND('',#3418,.T.);
#1326=FACE_BOUND('',#3420,.T.);
#1327=FACE_BOUND('',#3421,.T.);
#1328=FACE_BOUND('',#3423,.T.);
#1329=FACE_BOUND('',#3424,.T.);
#1330=FACE_BOUND('',#3426,.T.);
#1331=FACE_BOUND('',#3427,.T.);
#1332=FACE_BOUND('',#3428,.T.);
#1333=FACE_BOUND('',#3429,.T.);
#1334=FACE_BOUND('',#3431,.T.);
#1335=FACE_BOUND('',#3432,.T.);
#1336=FACE_BOUND('',#3436,.T.);
#1337=FACE_BOUND('',#3437,.T.);
#1338=FACE_BOUND('',#3438,.T.);
#1339=FACE_BOUND('',#3439,.T.);
#1340=FACE_BOUND('',#3442,.T.);
#1341=FACE_BOUND('',#3443,.T.);
#1342=FACE_BOUND('',#3444,.T.);
#1343=FACE_BOUND('',#3445,.T.);
#1344=FACE_BOUND('',#3447,.T.);
#1345=FACE_BOUND('',#3448,.T.);
#1346=FACE_BOUND('',#3450,.T.);
#1347=FACE_BOUND('',#3451,.T.);
#1348=FACE_BOUND('',#3453,.T.);
#1349=FACE_BOUND('',#3454,.T.);
#1350=FACE_BOUND('',#3455,.T.);
#1351=FACE_BOUND('',#3456,.T.);
#1352=FACE_BOUND('',#3458,.T.);
#1353=FACE_BOUND('',#3459,.T.);
#1354=FACE_BOUND('',#3463,.T.);
#1355=FACE_BOUND('',#3464,.T.);
#1356=FACE_BOUND('',#3465,.T.);
#1357=FACE_BOUND('',#3466,.T.);
#1358=FACE_BOUND('',#3469,.T.);
#1359=FACE_BOUND('',#3470,.T.);
#1360=FACE_BOUND('',#3471,.T.);
#1361=FACE_BOUND('',#3472,.T.);
#1362=FACE_BOUND('',#3474,.T.);
#1363=FACE_BOUND('',#3475,.T.);
#1364=FACE_BOUND('',#3477,.T.);
#1365=FACE_BOUND('',#3478,.T.);
#1366=FACE_BOUND('',#3480,.T.);
#1367=FACE_BOUND('',#3481,.T.);
#1368=FACE_BOUND('',#3482,.T.);
#1369=FACE_BOUND('',#3483,.T.);
#1370=FACE_BOUND('',#3485,.T.);
#1371=FACE_BOUND('',#3486,.T.);
#1372=FACE_BOUND('',#3490,.T.);
#1373=FACE_BOUND('',#3491,.T.);
#1374=FACE_BOUND('',#3492,.T.);
#1375=FACE_BOUND('',#3493,.T.);
#1376=FACE_BOUND('',#3496,.T.);
#1377=FACE_BOUND('',#3497,.T.);
#1378=FACE_BOUND('',#3498,.T.);
#1379=FACE_BOUND('',#3499,.T.);
#1380=FACE_BOUND('',#3501,.T.);
#1381=FACE_BOUND('',#3502,.T.);
#1382=FACE_BOUND('',#3504,.T.);
#1383=FACE_BOUND('',#3505,.T.);
#1384=FACE_BOUND('',#3507,.T.);
#1385=FACE_BOUND('',#3508,.T.);
#1386=FACE_BOUND('',#3509,.T.);
#1387=FACE_BOUND('',#3510,.T.);
#1388=FACE_BOUND('',#3512,.T.);
#1389=FACE_BOUND('',#3513,.T.);
#1390=FACE_BOUND('',#3517,.T.);
#1391=FACE_BOUND('',#3518,.T.);
#1392=FACE_BOUND('',#3519,.T.);
#1393=FACE_BOUND('',#3520,.T.);
#1394=FACE_BOUND('',#3523,.T.);
#1395=FACE_BOUND('',#3524,.T.);
#1396=FACE_BOUND('',#3525,.T.);
#1397=FACE_BOUND('',#3526,.T.);
#1398=FACE_BOUND('',#3528,.T.);
#1399=FACE_BOUND('',#3529,.T.);
#1400=FACE_BOUND('',#3531,.T.);
#1401=FACE_BOUND('',#3532,.T.);
#1402=FACE_BOUND('',#3534,.T.);
#1403=FACE_BOUND('',#3535,.T.);
#1404=FACE_BOUND('',#3536,.T.);
#1405=FACE_BOUND('',#3537,.T.);
#1406=FACE_BOUND('',#3539,.T.);
#1407=FACE_BOUND('',#3540,.T.);
#1408=FACE_BOUND('',#3544,.T.);
#1409=FACE_BOUND('',#3545,.T.);
#1410=FACE_BOUND('',#3546,.T.);
#1411=FACE_BOUND('',#3547,.T.);
#1412=FACE_BOUND('',#3550,.T.);
#1413=FACE_BOUND('',#3551,.T.);
#1414=FACE_BOUND('',#3552,.T.);
#1415=FACE_BOUND('',#3553,.T.);
#1416=FACE_BOUND('',#3555,.T.);
#1417=FACE_BOUND('',#3556,.T.);
#1418=FACE_BOUND('',#3558,.T.);
#1419=FACE_BOUND('',#3559,.T.);
#1420=FACE_BOUND('',#3561,.T.);
#1421=FACE_BOUND('',#3562,.T.);
#1422=FACE_BOUND('',#3563,.T.);
#1423=FACE_BOUND('',#3564,.T.);
#1424=FACE_BOUND('',#3566,.T.);
#1425=FACE_BOUND('',#3567,.T.);
#1426=FACE_BOUND('',#3571,.T.);
#1427=FACE_BOUND('',#3572,.T.);
#1428=FACE_BOUND('',#3573,.T.);
#1429=FACE_BOUND('',#3574,.T.);
#1430=FACE_BOUND('',#3577,.T.);
#1431=FACE_BOUND('',#3578,.T.);
#1432=FACE_BOUND('',#3579,.T.);
#1433=FACE_BOUND('',#3580,.T.);
#1434=FACE_BOUND('',#3582,.T.);
#1435=FACE_BOUND('',#3583,.T.);
#1436=FACE_BOUND('',#3585,.T.);
#1437=FACE_BOUND('',#3586,.T.);
#1438=FACE_BOUND('',#3588,.T.);
#1439=FACE_BOUND('',#3589,.T.);
#1440=FACE_BOUND('',#3590,.T.);
#1441=FACE_BOUND('',#3591,.T.);
#1442=FACE_BOUND('',#3593,.T.);
#1443=FACE_BOUND('',#3594,.T.);
#1444=FACE_BOUND('',#3598,.T.);
#1445=FACE_BOUND('',#3599,.T.);
#1446=FACE_BOUND('',#3600,.T.);
#1447=FACE_BOUND('',#3601,.T.);
#1448=FACE_BOUND('',#3604,.T.);
#1449=FACE_BOUND('',#3605,.T.);
#1450=FACE_BOUND('',#3606,.T.);
#1451=FACE_BOUND('',#3607,.T.);
#1452=FACE_BOUND('',#3609,.T.);
#1453=FACE_BOUND('',#3610,.T.);
#1454=FACE_BOUND('',#3612,.T.);
#1455=FACE_BOUND('',#3613,.T.);
#1456=FACE_BOUND('',#3615,.T.);
#1457=FACE_BOUND('',#3616,.T.);
#1458=FACE_BOUND('',#3617,.T.);
#1459=FACE_BOUND('',#3618,.T.);
#1460=FACE_BOUND('',#3620,.T.);
#1461=FACE_BOUND('',#3621,.T.);
#1462=FACE_BOUND('',#3625,.T.);
#1463=FACE_BOUND('',#3626,.T.);
#1464=FACE_BOUND('',#3627,.T.);
#1465=FACE_BOUND('',#3628,.T.);
#1466=FACE_BOUND('',#3631,.T.);
#1467=FACE_BOUND('',#3632,.T.);
#1468=FACE_BOUND('',#3633,.T.);
#1469=FACE_BOUND('',#3634,.T.);
#1470=FACE_BOUND('',#3636,.T.);
#1471=FACE_BOUND('',#3637,.T.);
#1472=FACE_BOUND('',#3639,.T.);
#1473=FACE_BOUND('',#3640,.T.);
#1474=FACE_BOUND('',#3642,.T.);
#1475=FACE_BOUND('',#3643,.T.);
#1476=FACE_BOUND('',#3644,.T.);
#1477=FACE_BOUND('',#3645,.T.);
#1478=FACE_BOUND('',#3647,.T.);
#1479=FACE_BOUND('',#3648,.T.);
#1480=FACE_BOUND('',#3652,.T.);
#1481=FACE_BOUND('',#3653,.T.);
#1482=FACE_BOUND('',#3654,.T.);
#1483=FACE_BOUND('',#3655,.T.);
#1484=FACE_BOUND('',#3658,.T.);
#1485=FACE_BOUND('',#3659,.T.);
#1486=FACE_BOUND('',#3660,.T.);
#1487=FACE_BOUND('',#3661,.T.);
#1488=FACE_BOUND('',#3663,.T.);
#1489=FACE_BOUND('',#3664,.T.);
#1490=FACE_BOUND('',#3666,.T.);
#1491=FACE_BOUND('',#3667,.T.);
#1492=FACE_BOUND('',#3669,.T.);
#1493=FACE_BOUND('',#3670,.T.);
#1494=FACE_BOUND('',#3671,.T.);
#1495=FACE_BOUND('',#3672,.T.);
#1496=FACE_BOUND('',#3674,.T.);
#1497=FACE_BOUND('',#3675,.T.);
#1498=FACE_BOUND('',#3679,.T.);
#1499=FACE_BOUND('',#3680,.T.);
#1500=FACE_BOUND('',#3681,.T.);
#1501=FACE_BOUND('',#3682,.T.);
#1502=FACE_BOUND('',#3685,.T.);
#1503=FACE_BOUND('',#3686,.T.);
#1504=FACE_BOUND('',#3687,.T.);
#1505=FACE_BOUND('',#3688,.T.);
#1506=FACE_BOUND('',#3690,.T.);
#1507=FACE_BOUND('',#3691,.T.);
#1508=FACE_BOUND('',#3693,.T.);
#1509=FACE_BOUND('',#3694,.T.);
#1510=FACE_BOUND('',#3696,.T.);
#1511=FACE_BOUND('',#3697,.T.);
#1512=FACE_BOUND('',#3698,.T.);
#1513=FACE_BOUND('',#3699,.T.);
#1514=FACE_BOUND('',#3701,.T.);
#1515=FACE_BOUND('',#3702,.T.);
#1516=FACE_BOUND('',#3706,.T.);
#1517=FACE_BOUND('',#3707,.T.);
#1518=FACE_BOUND('',#3708,.T.);
#1519=FACE_BOUND('',#3709,.T.);
#1520=FACE_BOUND('',#3712,.T.);
#1521=FACE_BOUND('',#3713,.T.);
#1522=FACE_BOUND('',#3714,.T.);
#1523=FACE_BOUND('',#3715,.T.);
#1524=FACE_BOUND('',#3717,.T.);
#1525=FACE_BOUND('',#3718,.T.);
#1526=FACE_BOUND('',#3720,.T.);
#1527=FACE_BOUND('',#3721,.T.);
#1528=FACE_BOUND('',#3723,.T.);
#1529=FACE_BOUND('',#3724,.T.);
#1530=FACE_BOUND('',#3725,.T.);
#1531=FACE_BOUND('',#3726,.T.);
#1532=FACE_BOUND('',#3728,.T.);
#1533=FACE_BOUND('',#3729,.T.);
#1534=FACE_BOUND('',#3733,.T.);
#1535=FACE_BOUND('',#3734,.T.);
#1536=FACE_BOUND('',#3735,.T.);
#1537=FACE_BOUND('',#3736,.T.);
#1538=FACE_BOUND('',#3739,.T.);
#1539=FACE_BOUND('',#3740,.T.);
#1540=FACE_BOUND('',#3741,.T.);
#1541=FACE_BOUND('',#3742,.T.);
#1542=FACE_BOUND('',#3744,.T.);
#1543=FACE_BOUND('',#3745,.T.);
#1544=FACE_BOUND('',#3747,.T.);
#1545=FACE_BOUND('',#3748,.T.);
#1546=FACE_BOUND('',#3750,.T.);
#1547=FACE_BOUND('',#3751,.T.);
#1548=FACE_BOUND('',#3752,.T.);
#1549=FACE_BOUND('',#3753,.T.);
#1550=FACE_BOUND('',#3755,.T.);
#1551=FACE_BOUND('',#3756,.T.);
#1552=FACE_BOUND('',#3760,.T.);
#1553=FACE_BOUND('',#3761,.T.);
#1554=FACE_BOUND('',#3762,.T.);
#1555=FACE_BOUND('',#3763,.T.);
#1556=FACE_BOUND('',#3766,.T.);
#1557=FACE_BOUND('',#3767,.T.);
#1558=FACE_BOUND('',#3768,.T.);
#1559=FACE_BOUND('',#3769,.T.);
#1560=FACE_BOUND('',#3771,.T.);
#1561=FACE_BOUND('',#3772,.T.);
#1562=FACE_BOUND('',#3774,.T.);
#1563=FACE_BOUND('',#3775,.T.);
#1564=FACE_BOUND('',#3777,.T.);
#1565=FACE_BOUND('',#3778,.T.);
#1566=FACE_BOUND('',#3779,.T.);
#1567=FACE_BOUND('',#3780,.T.);
#1568=FACE_BOUND('',#3782,.T.);
#1569=FACE_BOUND('',#3783,.T.);
#1570=FACE_BOUND('',#3787,.T.);
#1571=FACE_BOUND('',#3788,.T.);
#1572=FACE_BOUND('',#3789,.T.);
#1573=FACE_BOUND('',#3790,.T.);
#1574=FACE_BOUND('',#3793,.T.);
#1575=FACE_BOUND('',#3794,.T.);
#1576=FACE_BOUND('',#3795,.T.);
#1577=FACE_BOUND('',#3796,.T.);
#1578=FACE_BOUND('',#3798,.T.);
#1579=FACE_BOUND('',#3799,.T.);
#1580=FACE_BOUND('',#3801,.T.);
#1581=FACE_BOUND('',#3802,.T.);
#1582=FACE_BOUND('',#3804,.T.);
#1583=FACE_BOUND('',#3805,.T.);
#1584=FACE_BOUND('',#3806,.T.);
#1585=FACE_BOUND('',#3807,.T.);
#1586=FACE_BOUND('',#3809,.T.);
#1587=FACE_BOUND('',#3810,.T.);
#1588=FACE_BOUND('',#3814,.T.);
#1589=FACE_BOUND('',#3815,.T.);
#1590=FACE_BOUND('',#3816,.T.);
#1591=FACE_BOUND('',#3817,.T.);
#1592=FACE_BOUND('',#3820,.T.);
#1593=FACE_BOUND('',#3821,.T.);
#1594=FACE_BOUND('',#3822,.T.);
#1595=FACE_BOUND('',#3823,.T.);
#1596=FACE_BOUND('',#3825,.T.);
#1597=FACE_BOUND('',#3826,.T.);
#1598=FACE_BOUND('',#3828,.T.);
#1599=FACE_BOUND('',#3829,.T.);
#1600=FACE_BOUND('',#3831,.T.);
#1601=FACE_BOUND('',#3832,.T.);
#1602=FACE_BOUND('',#3833,.T.);
#1603=FACE_BOUND('',#3834,.T.);
#1604=FACE_BOUND('',#3836,.T.);
#1605=FACE_BOUND('',#3837,.T.);
#1606=FACE_BOUND('',#3841,.T.);
#1607=FACE_BOUND('',#3842,.T.);
#1608=FACE_BOUND('',#3843,.T.);
#1609=FACE_BOUND('',#3844,.T.);
#1610=FACE_BOUND('',#3847,.T.);
#1611=FACE_BOUND('',#3848,.T.);
#1612=FACE_BOUND('',#3849,.T.);
#1613=FACE_BOUND('',#3850,.T.);
#1614=FACE_BOUND('',#3852,.T.);
#1615=FACE_BOUND('',#3853,.T.);
#1616=FACE_BOUND('',#3855,.T.);
#1617=FACE_BOUND('',#3856,.T.);
#1618=FACE_BOUND('',#3858,.T.);
#1619=FACE_BOUND('',#3859,.T.);
#1620=FACE_BOUND('',#3860,.T.);
#1621=FACE_BOUND('',#3861,.T.);
#1622=FACE_BOUND('',#3863,.T.);
#1623=FACE_BOUND('',#3864,.T.);
#1624=FACE_BOUND('',#3868,.T.);
#1625=FACE_BOUND('',#3869,.T.);
#1626=FACE_BOUND('',#3870,.T.);
#1627=FACE_BOUND('',#3871,.T.);
#1628=FACE_BOUND('',#3874,.T.);
#1629=FACE_BOUND('',#3875,.T.);
#1630=FACE_BOUND('',#3876,.T.);
#1631=FACE_BOUND('',#3877,.T.);
#1632=FACE_BOUND('',#3879,.T.);
#1633=FACE_BOUND('',#3880,.T.);
#1634=FACE_BOUND('',#3882,.T.);
#1635=FACE_BOUND('',#3883,.T.);
#1636=FACE_BOUND('',#3885,.T.);
#1637=FACE_BOUND('',#3886,.T.);
#1638=FACE_BOUND('',#3888,.T.);
#1639=FACE_BOUND('',#3889,.T.);
#1640=FACE_BOUND('',#3891,.T.);
#1641=FACE_BOUND('',#3892,.T.);
#1642=FACE_BOUND('',#3894,.T.);
#1643=FACE_BOUND('',#3895,.T.);
#1644=FACE_BOUND('',#3897,.T.);
#1645=FACE_BOUND('',#3898,.T.);
#1646=FACE_BOUND('',#3900,.T.);
#1647=FACE_BOUND('',#3901,.T.);
#1648=FACE_BOUND('',#3903,.T.);
#1649=FACE_BOUND('',#3904,.T.);
#1650=FACE_BOUND('',#3906,.T.);
#1651=FACE_BOUND('',#3907,.T.);
#1652=FACE_BOUND('',#3909,.T.);
#1653=FACE_BOUND('',#3910,.T.);
#1654=FACE_BOUND('',#3912,.T.);
#1655=FACE_BOUND('',#3913,.T.);
#1656=FACE_BOUND('',#3914,.T.);
#1657=FACE_BOUND('',#3915,.T.);
#1658=FACE_BOUND('',#3920,.T.);
#1659=FACE_BOUND('',#3921,.T.);
#1660=FACE_BOUND('',#3922,.T.);
#1661=FACE_BOUND('',#3924,.T.);
#1662=FACE_BOUND('',#3925,.T.);
#1663=FACE_BOUND('',#3928,.T.);
#1664=FACE_BOUND('',#3929,.T.);
#1665=FACE_BOUND('',#3931,.T.);
#1666=FACE_BOUND('',#3932,.T.);
#1667=FACE_BOUND('',#3934,.T.);
#1668=FACE_BOUND('',#3935,.T.);
#1669=FACE_BOUND('',#3937,.T.);
#1670=FACE_BOUND('',#3938,.T.);
#1671=FACE_BOUND('',#3940,.T.);
#1672=FACE_BOUND('',#3941,.T.);
#1673=FACE_BOUND('',#3943,.T.);
#1674=FACE_BOUND('',#3944,.T.);
#1675=FACE_BOUND('',#3955,.T.);
#1676=FACE_BOUND('',#3956,.T.);
#1677=FACE_BOUND('',#3957,.T.);
#1678=FACE_BOUND('',#3958,.T.);
#1679=FACE_BOUND('',#3959,.T.);
#1680=FACE_BOUND('',#3960,.T.);
#1681=FACE_BOUND('',#3961,.T.);
#1682=FACE_BOUND('',#3962,.T.);
#1683=FACE_BOUND('',#3963,.T.);
#1684=FACE_BOUND('',#3964,.T.);
#1685=FACE_BOUND('',#3965,.T.);
#1686=FACE_BOUND('',#3966,.T.);
#1687=FACE_BOUND('',#3967,.T.);
#1688=FACE_BOUND('',#3968,.T.);
#1689=FACE_BOUND('',#3969,.T.);
#1690=FACE_BOUND('',#3970,.T.);
#1691=FACE_BOUND('',#3971,.T.);
#1692=FACE_BOUND('',#3972,.T.);
#1693=FACE_BOUND('',#3973,.T.);
#1694=FACE_BOUND('',#3974,.T.);
#1695=FACE_BOUND('',#3975,.T.);
#1696=FACE_BOUND('',#3976,.T.);
#1697=FACE_BOUND('',#3977,.T.);
#1698=FACE_BOUND('',#3978,.T.);
#1699=FACE_BOUND('',#3979,.T.);
#1700=FACE_BOUND('',#3980,.T.);
#1701=FACE_BOUND('',#3981,.T.);
#1702=FACE_BOUND('',#3982,.T.);
#1703=FACE_BOUND('',#3983,.T.);
#1704=FACE_BOUND('',#3984,.T.);
#1705=FACE_BOUND('',#3985,.T.);
#1706=FACE_BOUND('',#3986,.T.);
#1707=FACE_BOUND('',#3987,.T.);
#1708=FACE_BOUND('',#3988,.T.);
#1709=FACE_BOUND('',#3989,.T.);
#1710=FACE_BOUND('',#3990,.T.);
#1711=FACE_BOUND('',#3991,.T.);
#1712=FACE_BOUND('',#3992,.T.);
#1713=FACE_BOUND('',#3993,.T.);
#1714=FACE_BOUND('',#3994,.T.);
#1715=FACE_BOUND('',#3995,.T.);
#1716=FACE_BOUND('',#3996,.T.);
#1717=FACE_BOUND('',#3997,.T.);
#1718=FACE_BOUND('',#3998,.T.);
#1719=FACE_BOUND('',#3999,.T.);
#1720=FACE_BOUND('',#4000,.T.);
#1721=FACE_BOUND('',#4001,.T.);
#1722=FACE_BOUND('',#4002,.T.);
#1723=FACE_BOUND('',#4003,.T.);
#1724=FACE_BOUND('',#4004,.T.);
#1725=FACE_BOUND('',#4005,.T.);
#1726=FACE_BOUND('',#4006,.T.);
#1727=FACE_BOUND('',#4007,.T.);
#1728=FACE_BOUND('',#4008,.T.);
#1729=FACE_BOUND('',#4009,.T.);
#1730=FACE_BOUND('',#4010,.T.);
#1731=FACE_BOUND('',#4011,.T.);
#1732=FACE_BOUND('',#4012,.T.);
#1733=FACE_BOUND('',#4013,.T.);
#1734=FACE_BOUND('',#4014,.T.);
#1735=FACE_BOUND('',#4015,.T.);
#1736=FACE_BOUND('',#4016,.T.);
#1737=FACE_BOUND('',#4017,.T.);
#1738=FACE_BOUND('',#4018,.T.);
#1739=FACE_BOUND('',#4019,.T.);
#1740=FACE_BOUND('',#4020,.T.);
#1741=FACE_BOUND('',#4021,.T.);
#1742=FACE_BOUND('',#4022,.T.);
#1743=FACE_BOUND('',#4023,.T.);
#1744=FACE_BOUND('',#4024,.T.);
#1745=FACE_BOUND('',#4025,.T.);
#1746=FACE_BOUND('',#4026,.T.);
#1747=FACE_BOUND('',#4027,.T.);
#1748=FACE_BOUND('',#4028,.T.);
#1749=FACE_BOUND('',#4029,.T.);
#1750=FACE_BOUND('',#4030,.T.);
#1751=FACE_BOUND('',#4031,.T.);
#1752=FACE_BOUND('',#4032,.T.);
#1753=FACE_BOUND('',#4033,.T.);
#1754=FACE_BOUND('',#4034,.T.);
#1755=FACE_BOUND('',#4035,.T.);
#1756=FACE_BOUND('',#4036,.T.);
#1757=FACE_BOUND('',#4037,.T.);
#1758=FACE_BOUND('',#4038,.T.);
#1759=FACE_BOUND('',#4039,.T.);
#1760=FACE_BOUND('',#4040,.T.);
#1761=FACE_BOUND('',#4041,.T.);
#1762=FACE_BOUND('',#4042,.T.);
#1763=FACE_BOUND('',#4043,.T.);
#1764=FACE_BOUND('',#4044,.T.);
#1765=FACE_BOUND('',#4045,.T.);
#1766=FACE_BOUND('',#4046,.T.);
#1767=FACE_BOUND('',#4047,.T.);
#1768=FACE_BOUND('',#4048,.T.);
#1769=FACE_BOUND('',#4049,.T.);
#1770=FACE_BOUND('',#4050,.T.);
#1771=FACE_BOUND('',#4051,.T.);
#1772=FACE_BOUND('',#4066,.T.);
#1773=FACE_BOUND('',#4067,.T.);
#1774=FACE_BOUND('',#4078,.T.);
#1775=FACE_BOUND('',#4079,.T.);
#1776=FACE_BOUND('',#4080,.T.);
#1777=FACE_BOUND('',#4081,.T.);
#1778=FACE_BOUND('',#4082,.T.);
#1779=FACE_BOUND('',#4083,.T.);
#1780=FACE_BOUND('',#4084,.T.);
#1781=FACE_BOUND('',#4085,.T.);
#1782=FACE_BOUND('',#4086,.T.);
#1783=FACE_BOUND('',#4087,.T.);
#1784=FACE_BOUND('',#4088,.T.);
#1785=FACE_BOUND('',#4089,.T.);
#1786=FACE_BOUND('',#4090,.T.);
#1787=FACE_BOUND('',#4091,.T.);
#1788=FACE_BOUND('',#4092,.T.);
#1789=FACE_BOUND('',#4093,.T.);
#1790=FACE_BOUND('',#4094,.T.);
#1791=FACE_BOUND('',#4095,.T.);
#1792=FACE_BOUND('',#4096,.T.);
#1793=FACE_BOUND('',#4097,.T.);
#1794=FACE_BOUND('',#4098,.T.);
#1795=FACE_BOUND('',#4099,.T.);
#1796=FACE_BOUND('',#4100,.T.);
#1797=FACE_BOUND('',#4101,.T.);
#1798=FACE_BOUND('',#4102,.T.);
#1799=FACE_BOUND('',#4103,.T.);
#1800=FACE_BOUND('',#4104,.T.);
#1801=FACE_BOUND('',#4105,.T.);
#1802=FACE_BOUND('',#4106,.T.);
#1803=FACE_BOUND('',#4107,.T.);
#1804=FACE_BOUND('',#4108,.T.);
#1805=FACE_BOUND('',#4109,.T.);
#1806=FACE_BOUND('',#4110,.T.);
#1807=FACE_BOUND('',#4111,.T.);
#1808=FACE_BOUND('',#4112,.T.);
#1809=FACE_BOUND('',#4113,.T.);
#1810=FACE_BOUND('',#4114,.T.);
#1811=FACE_BOUND('',#4115,.T.);
#1812=FACE_BOUND('',#4116,.T.);
#1813=FACE_BOUND('',#4117,.T.);
#1814=FACE_BOUND('',#4118,.T.);
#1815=FACE_BOUND('',#4119,.T.);
#1816=FACE_BOUND('',#4120,.T.);
#1817=FACE_BOUND('',#4121,.T.);
#1818=FACE_BOUND('',#4122,.T.);
#1819=FACE_BOUND('',#4123,.T.);
#1820=FACE_BOUND('',#4124,.T.);
#1821=FACE_BOUND('',#4125,.T.);
#1822=FACE_BOUND('',#4126,.T.);
#1823=FACE_BOUND('',#4127,.T.);
#1824=FACE_BOUND('',#4128,.T.);
#1825=FACE_BOUND('',#4129,.T.);
#1826=FACE_BOUND('',#4130,.T.);
#1827=FACE_BOUND('',#4131,.T.);
#1828=FACE_BOUND('',#4132,.T.);
#1829=FACE_BOUND('',#4133,.T.);
#1830=FACE_BOUND('',#4134,.T.);
#1831=FACE_BOUND('',#4135,.T.);
#1832=FACE_BOUND('',#4136,.T.);
#1833=FACE_BOUND('',#4137,.T.);
#1834=FACE_BOUND('',#4138,.T.);
#1835=FACE_BOUND('',#4139,.T.);
#1836=FACE_BOUND('',#4140,.T.);
#1837=FACE_BOUND('',#4141,.T.);
#1838=FACE_BOUND('',#4142,.T.);
#1839=FACE_BOUND('',#4143,.T.);
#1840=FACE_BOUND('',#4144,.T.);
#1841=FACE_BOUND('',#4145,.T.);
#1842=FACE_BOUND('',#4146,.T.);
#1843=FACE_BOUND('',#4147,.T.);
#1844=FACE_BOUND('',#4148,.T.);
#1845=FACE_BOUND('',#4149,.T.);
#1846=FACE_BOUND('',#4150,.T.);
#1847=FACE_BOUND('',#4151,.T.);
#1848=FACE_BOUND('',#4152,.T.);
#1849=FACE_BOUND('',#4153,.T.);
#1850=FACE_BOUND('',#4154,.T.);
#1851=FACE_BOUND('',#4155,.T.);
#1852=FACE_BOUND('',#4156,.T.);
#1853=FACE_BOUND('',#4157,.T.);
#1854=FACE_BOUND('',#4158,.T.);
#1855=FACE_BOUND('',#4159,.T.);
#1856=FACE_BOUND('',#4160,.T.);
#1857=FACE_BOUND('',#4161,.T.);
#1858=FACE_BOUND('',#4162,.T.);
#1859=FACE_BOUND('',#4163,.T.);
#1860=FACE_BOUND('',#4164,.T.);
#1861=FACE_BOUND('',#4165,.T.);
#1862=FACE_BOUND('',#4166,.T.);
#1863=FACE_BOUND('',#4167,.T.);
#1864=FACE_BOUND('',#4168,.T.);
#1865=FACE_BOUND('',#4169,.T.);
#1866=FACE_BOUND('',#4170,.T.);
#1867=FACE_BOUND('',#4171,.T.);
#1868=FACE_BOUND('',#4172,.T.);
#1869=FACE_BOUND('',#4173,.T.);
#1870=FACE_BOUND('',#4174,.T.);
#1871=FACE_BOUND('',#4175,.T.);
#1872=FACE_BOUND('',#4176,.T.);
#1873=FACE_BOUND('',#4177,.T.);
#1874=FACE_BOUND('',#4178,.T.);
#1875=ADVANCED_FACE('',(#2739),#2500,.T.);
#1876=ADVANCED_FACE('',(#1092,#1093),#802,.T.);
#1877=ADVANCED_FACE('',(#2740),#2501,.T.);
#1878=ADVANCED_FACE('',(#1094,#1095),#803,.T.);
#1879=ADVANCED_FACE('',(#2741),#2502,.T.);
#1880=ADVANCED_FACE('',(#1096,#1097),#804,.T.);
#1881=ADVANCED_FACE('',(#1098,#1099),#805,.T.);
#1882=ADVANCED_FACE('',(#2742),#610,.T.);
#1883=ADVANCED_FACE('',(#1100,#1101),#806,.T.);
#1884=ADVANCED_FACE('',(#2743),#2503,.T.);
#1885=ADVANCED_FACE('',(#2744),#2504,.T.);
#1886=ADVANCED_FACE('',(#2745),#611,.T.);
#1887=ADVANCED_FACE('',(#1102,#1103),#807,.T.);
#1888=ADVANCED_FACE('',(#1104,#1105),#808,.T.);
#1889=ADVANCED_FACE('',(#2746),#2505,.T.);
#1890=ADVANCED_FACE('',(#2747),#612,.T.);
#1891=ADVANCED_FACE('',(#1106,#1107),#809,.T.);
#1892=ADVANCED_FACE('',(#1108,#1109),#810,.T.);
#1893=ADVANCED_FACE('',(#2748),#2506,.T.);
#1894=ADVANCED_FACE('',(#1110,#1111),#811,.T.);
#1895=ADVANCED_FACE('',(#2749),#2507,.T.);
#1896=ADVANCED_FACE('',(#1112,#1113),#812,.T.);
#1897=ADVANCED_FACE('',(#2750),#2508,.T.);
#1898=ADVANCED_FACE('',(#1114,#1115),#813,.T.);
#1899=ADVANCED_FACE('',(#1116,#1117),#814,.T.);
#1900=ADVANCED_FACE('',(#2751),#613,.T.);
#1901=ADVANCED_FACE('',(#1118,#1119),#815,.T.);
#1902=ADVANCED_FACE('',(#2752),#2509,.T.);
#1903=ADVANCED_FACE('',(#2753),#2510,.T.);
#1904=ADVANCED_FACE('',(#2754),#614,.T.);
#1905=ADVANCED_FACE('',(#1120,#1121),#816,.T.);
#1906=ADVANCED_FACE('',(#1122,#1123),#817,.T.);
#1907=ADVANCED_FACE('',(#2755),#2511,.T.);
#1908=ADVANCED_FACE('',(#2756),#615,.T.);
#1909=ADVANCED_FACE('',(#1124,#1125),#818,.T.);
#1910=ADVANCED_FACE('',(#1126,#1127),#819,.T.);
#1911=ADVANCED_FACE('',(#2757),#2512,.T.);
#1912=ADVANCED_FACE('',(#1128,#1129),#820,.T.);
#1913=ADVANCED_FACE('',(#2758),#2513,.T.);
#1914=ADVANCED_FACE('',(#1130,#1131),#821,.T.);
#1915=ADVANCED_FACE('',(#2759),#2514,.T.);
#1916=ADVANCED_FACE('',(#1132,#1133),#822,.T.);
#1917=ADVANCED_FACE('',(#1134,#1135),#823,.T.);
#1918=ADVANCED_FACE('',(#2760),#616,.T.);
#1919=ADVANCED_FACE('',(#1136,#1137),#824,.T.);
#1920=ADVANCED_FACE('',(#2761),#2515,.T.);
#1921=ADVANCED_FACE('',(#2762),#2516,.T.);
#1922=ADVANCED_FACE('',(#2763),#617,.T.);
#1923=ADVANCED_FACE('',(#1138,#1139),#825,.T.);
#1924=ADVANCED_FACE('',(#1140,#1141),#826,.T.);
#1925=ADVANCED_FACE('',(#2764),#2517,.T.);
#1926=ADVANCED_FACE('',(#2765),#618,.T.);
#1927=ADVANCED_FACE('',(#1142,#1143),#827,.T.);
#1928=ADVANCED_FACE('',(#1144,#1145),#828,.T.);
#1929=ADVANCED_FACE('',(#2766),#2518,.T.);
#1930=ADVANCED_FACE('',(#1146,#1147),#829,.T.);
#1931=ADVANCED_FACE('',(#2767),#2519,.T.);
#1932=ADVANCED_FACE('',(#1148,#1149),#830,.T.);
#1933=ADVANCED_FACE('',(#2768),#2520,.T.);
#1934=ADVANCED_FACE('',(#1150,#1151),#831,.T.);
#1935=ADVANCED_FACE('',(#1152,#1153),#832,.T.);
#1936=ADVANCED_FACE('',(#2769),#619,.T.);
#1937=ADVANCED_FACE('',(#1154,#1155),#833,.T.);
#1938=ADVANCED_FACE('',(#2770),#2521,.T.);
#1939=ADVANCED_FACE('',(#2771),#2522,.T.);
#1940=ADVANCED_FACE('',(#2772),#620,.T.);
#1941=ADVANCED_FACE('',(#1156,#1157),#834,.T.);
#1942=ADVANCED_FACE('',(#1158,#1159),#835,.T.);
#1943=ADVANCED_FACE('',(#2773),#2523,.T.);
#1944=ADVANCED_FACE('',(#2774),#621,.T.);
#1945=ADVANCED_FACE('',(#1160,#1161),#836,.T.);
#1946=ADVANCED_FACE('',(#1162,#1163),#837,.T.);
#1947=ADVANCED_FACE('',(#2775),#2524,.T.);
#1948=ADVANCED_FACE('',(#1164,#1165),#838,.T.);
#1949=ADVANCED_FACE('',(#2776),#2525,.T.);
#1950=ADVANCED_FACE('',(#1166,#1167),#839,.T.);
#1951=ADVANCED_FACE('',(#2777),#2526,.T.);
#1952=ADVANCED_FACE('',(#1168,#1169),#840,.T.);
#1953=ADVANCED_FACE('',(#1170,#1171),#841,.T.);
#1954=ADVANCED_FACE('',(#2778),#622,.T.);
#1955=ADVANCED_FACE('',(#1172,#1173),#842,.T.);
#1956=ADVANCED_FACE('',(#2779),#2527,.T.);
#1957=ADVANCED_FACE('',(#2780),#2528,.T.);
#1958=ADVANCED_FACE('',(#2781),#623,.T.);
#1959=ADVANCED_FACE('',(#1174,#1175),#843,.T.);
#1960=ADVANCED_FACE('',(#1176,#1177),#844,.T.);
#1961=ADVANCED_FACE('',(#2782),#2529,.T.);
#1962=ADVANCED_FACE('',(#2783),#624,.T.);
#1963=ADVANCED_FACE('',(#1178,#1179),#845,.T.);
#1964=ADVANCED_FACE('',(#1180,#1181),#846,.T.);
#1965=ADVANCED_FACE('',(#2784),#2530,.T.);
#1966=ADVANCED_FACE('',(#1182,#1183),#847,.T.);
#1967=ADVANCED_FACE('',(#2785),#2531,.T.);
#1968=ADVANCED_FACE('',(#1184,#1185),#848,.T.);
#1969=ADVANCED_FACE('',(#2786),#2532,.T.);
#1970=ADVANCED_FACE('',(#1186,#1187),#849,.T.);
#1971=ADVANCED_FACE('',(#1188,#1189),#850,.T.);
#1972=ADVANCED_FACE('',(#2787),#625,.T.);
#1973=ADVANCED_FACE('',(#1190,#1191),#851,.T.);
#1974=ADVANCED_FACE('',(#2788),#2533,.T.);
#1975=ADVANCED_FACE('',(#2789),#2534,.T.);
#1976=ADVANCED_FACE('',(#2790),#626,.T.);
#1977=ADVANCED_FACE('',(#1192,#1193),#852,.T.);
#1978=ADVANCED_FACE('',(#1194,#1195),#853,.T.);
#1979=ADVANCED_FACE('',(#2791),#2535,.T.);
#1980=ADVANCED_FACE('',(#2792),#627,.T.);
#1981=ADVANCED_FACE('',(#1196,#1197),#854,.T.);
#1982=ADVANCED_FACE('',(#1198,#1199),#855,.T.);
#1983=ADVANCED_FACE('',(#2793),#2536,.T.);
#1984=ADVANCED_FACE('',(#1200,#1201),#856,.T.);
#1985=ADVANCED_FACE('',(#2794),#2537,.T.);
#1986=ADVANCED_FACE('',(#1202,#1203),#857,.T.);
#1987=ADVANCED_FACE('',(#2795),#2538,.T.);
#1988=ADVANCED_FACE('',(#1204,#1205),#858,.T.);
#1989=ADVANCED_FACE('',(#1206,#1207),#859,.T.);
#1990=ADVANCED_FACE('',(#2796),#628,.T.);
#1991=ADVANCED_FACE('',(#1208,#1209),#860,.T.);
#1992=ADVANCED_FACE('',(#2797),#2539,.T.);
#1993=ADVANCED_FACE('',(#2798),#2540,.T.);
#1994=ADVANCED_FACE('',(#2799),#629,.T.);
#1995=ADVANCED_FACE('',(#1210,#1211),#861,.T.);
#1996=ADVANCED_FACE('',(#1212,#1213),#862,.T.);
#1997=ADVANCED_FACE('',(#2800),#2541,.T.);
#1998=ADVANCED_FACE('',(#2801),#630,.T.);
#1999=ADVANCED_FACE('',(#1214,#1215),#863,.T.);
#2000=ADVANCED_FACE('',(#1216,#1217),#864,.T.);
#2001=ADVANCED_FACE('',(#2802),#2542,.T.);
#2002=ADVANCED_FACE('',(#1218,#1219),#865,.T.);
#2003=ADVANCED_FACE('',(#2803),#2543,.T.);
#2004=ADVANCED_FACE('',(#1220,#1221),#866,.T.);
#2005=ADVANCED_FACE('',(#2804),#2544,.T.);
#2006=ADVANCED_FACE('',(#1222,#1223),#867,.T.);
#2007=ADVANCED_FACE('',(#1224,#1225),#868,.T.);
#2008=ADVANCED_FACE('',(#2805),#631,.T.);
#2009=ADVANCED_FACE('',(#1226,#1227),#869,.T.);
#2010=ADVANCED_FACE('',(#2806),#2545,.T.);
#2011=ADVANCED_FACE('',(#2807),#2546,.T.);
#2012=ADVANCED_FACE('',(#2808),#632,.T.);
#2013=ADVANCED_FACE('',(#1228,#1229),#870,.T.);
#2014=ADVANCED_FACE('',(#1230,#1231),#871,.T.);
#2015=ADVANCED_FACE('',(#2809),#2547,.T.);
#2016=ADVANCED_FACE('',(#2810),#633,.T.);
#2017=ADVANCED_FACE('',(#1232,#1233),#872,.T.);
#2018=ADVANCED_FACE('',(#1234,#1235),#873,.T.);
#2019=ADVANCED_FACE('',(#2811),#2548,.T.);
#2020=ADVANCED_FACE('',(#1236,#1237),#874,.T.);
#2021=ADVANCED_FACE('',(#2812),#2549,.T.);
#2022=ADVANCED_FACE('',(#1238,#1239),#875,.T.);
#2023=ADVANCED_FACE('',(#2813),#2550,.T.);
#2024=ADVANCED_FACE('',(#1240,#1241),#876,.T.);
#2025=ADVANCED_FACE('',(#1242,#1243),#877,.T.);
#2026=ADVANCED_FACE('',(#2814),#634,.T.);
#2027=ADVANCED_FACE('',(#1244,#1245),#878,.T.);
#2028=ADVANCED_FACE('',(#2815),#2551,.T.);
#2029=ADVANCED_FACE('',(#2816),#2552,.T.);
#2030=ADVANCED_FACE('',(#2817),#635,.T.);
#2031=ADVANCED_FACE('',(#1246,#1247),#879,.T.);
#2032=ADVANCED_FACE('',(#1248,#1249),#880,.T.);
#2033=ADVANCED_FACE('',(#2818),#2553,.T.);
#2034=ADVANCED_FACE('',(#2819),#636,.T.);
#2035=ADVANCED_FACE('',(#1250,#1251),#881,.T.);
#2036=ADVANCED_FACE('',(#1252,#1253),#882,.T.);
#2037=ADVANCED_FACE('',(#2820),#2554,.T.);
#2038=ADVANCED_FACE('',(#1254,#1255),#883,.T.);
#2039=ADVANCED_FACE('',(#2821),#2555,.T.);
#2040=ADVANCED_FACE('',(#1256,#1257),#884,.T.);
#2041=ADVANCED_FACE('',(#2822),#2556,.T.);
#2042=ADVANCED_FACE('',(#1258,#1259),#885,.T.);
#2043=ADVANCED_FACE('',(#1260,#1261),#886,.T.);
#2044=ADVANCED_FACE('',(#2823),#637,.T.);
#2045=ADVANCED_FACE('',(#1262,#1263),#887,.T.);
#2046=ADVANCED_FACE('',(#2824),#2557,.T.);
#2047=ADVANCED_FACE('',(#2825),#2558,.T.);
#2048=ADVANCED_FACE('',(#2826),#638,.T.);
#2049=ADVANCED_FACE('',(#1264,#1265),#888,.T.);
#2050=ADVANCED_FACE('',(#1266,#1267),#889,.T.);
#2051=ADVANCED_FACE('',(#2827),#2559,.T.);
#2052=ADVANCED_FACE('',(#2828),#639,.T.);
#2053=ADVANCED_FACE('',(#1268,#1269),#890,.T.);
#2054=ADVANCED_FACE('',(#1270,#1271),#891,.T.);
#2055=ADVANCED_FACE('',(#2829),#2560,.T.);
#2056=ADVANCED_FACE('',(#1272,#1273),#892,.T.);
#2057=ADVANCED_FACE('',(#2830),#2561,.T.);
#2058=ADVANCED_FACE('',(#1274,#1275),#893,.T.);
#2059=ADVANCED_FACE('',(#2831),#2562,.T.);
#2060=ADVANCED_FACE('',(#1276,#1277),#894,.T.);
#2061=ADVANCED_FACE('',(#1278,#1279),#895,.T.);
#2062=ADVANCED_FACE('',(#2832),#640,.T.);
#2063=ADVANCED_FACE('',(#1280,#1281),#896,.T.);
#2064=ADVANCED_FACE('',(#2833),#2563,.T.);
#2065=ADVANCED_FACE('',(#2834),#2564,.T.);
#2066=ADVANCED_FACE('',(#2835),#641,.T.);
#2067=ADVANCED_FACE('',(#1282,#1283),#897,.T.);
#2068=ADVANCED_FACE('',(#1284,#1285),#898,.T.);
#2069=ADVANCED_FACE('',(#2836),#2565,.T.);
#2070=ADVANCED_FACE('',(#2837),#642,.T.);
#2071=ADVANCED_FACE('',(#1286,#1287),#899,.T.);
#2072=ADVANCED_FACE('',(#1288,#1289),#900,.T.);
#2073=ADVANCED_FACE('',(#2838),#2566,.T.);
#2074=ADVANCED_FACE('',(#1290,#1291),#901,.T.);
#2075=ADVANCED_FACE('',(#2839),#2567,.T.);
#2076=ADVANCED_FACE('',(#1292,#1293),#902,.T.);
#2077=ADVANCED_FACE('',(#2840),#2568,.T.);
#2078=ADVANCED_FACE('',(#1294,#1295),#903,.T.);
#2079=ADVANCED_FACE('',(#1296,#1297),#904,.T.);
#2080=ADVANCED_FACE('',(#2841),#643,.T.);
#2081=ADVANCED_FACE('',(#1298,#1299),#905,.T.);
#2082=ADVANCED_FACE('',(#2842),#2569,.T.);
#2083=ADVANCED_FACE('',(#2843),#2570,.T.);
#2084=ADVANCED_FACE('',(#2844),#644,.T.);
#2085=ADVANCED_FACE('',(#1300,#1301),#906,.T.);
#2086=ADVANCED_FACE('',(#1302,#1303),#907,.T.);
#2087=ADVANCED_FACE('',(#2845),#2571,.T.);
#2088=ADVANCED_FACE('',(#2846),#645,.T.);
#2089=ADVANCED_FACE('',(#1304,#1305),#908,.T.);
#2090=ADVANCED_FACE('',(#1306,#1307),#909,.T.);
#2091=ADVANCED_FACE('',(#2847),#2572,.T.);
#2092=ADVANCED_FACE('',(#1308,#1309),#910,.T.);
#2093=ADVANCED_FACE('',(#2848),#2573,.T.);
#2094=ADVANCED_FACE('',(#1310,#1311),#911,.T.);
#2095=ADVANCED_FACE('',(#2849),#2574,.T.);
#2096=ADVANCED_FACE('',(#1312,#1313),#912,.T.);
#2097=ADVANCED_FACE('',(#1314,#1315),#913,.T.);
#2098=ADVANCED_FACE('',(#2850),#646,.T.);
#2099=ADVANCED_FACE('',(#1316,#1317),#914,.T.);
#2100=ADVANCED_FACE('',(#2851),#2575,.T.);
#2101=ADVANCED_FACE('',(#2852),#2576,.T.);
#2102=ADVANCED_FACE('',(#2853),#647,.T.);
#2103=ADVANCED_FACE('',(#1318,#1319),#915,.T.);
#2104=ADVANCED_FACE('',(#1320,#1321),#916,.T.);
#2105=ADVANCED_FACE('',(#2854),#2577,.T.);
#2106=ADVANCED_FACE('',(#2855),#648,.T.);
#2107=ADVANCED_FACE('',(#1322,#1323),#917,.T.);
#2108=ADVANCED_FACE('',(#1324,#1325),#918,.T.);
#2109=ADVANCED_FACE('',(#2856),#2578,.T.);
#2110=ADVANCED_FACE('',(#1326,#1327),#919,.T.);
#2111=ADVANCED_FACE('',(#2857),#2579,.T.);
#2112=ADVANCED_FACE('',(#1328,#1329),#920,.T.);
#2113=ADVANCED_FACE('',(#2858),#2580,.T.);
#2114=ADVANCED_FACE('',(#1330,#1331),#921,.T.);
#2115=ADVANCED_FACE('',(#1332,#1333),#922,.T.);
#2116=ADVANCED_FACE('',(#2859),#649,.T.);
#2117=ADVANCED_FACE('',(#1334,#1335),#923,.T.);
#2118=ADVANCED_FACE('',(#2860),#2581,.T.);
#2119=ADVANCED_FACE('',(#2861),#2582,.T.);
#2120=ADVANCED_FACE('',(#2862),#650,.T.);
#2121=ADVANCED_FACE('',(#1336,#1337),#924,.T.);
#2122=ADVANCED_FACE('',(#1338,#1339),#925,.T.);
#2123=ADVANCED_FACE('',(#2863),#2583,.T.);
#2124=ADVANCED_FACE('',(#2864),#651,.T.);
#2125=ADVANCED_FACE('',(#1340,#1341),#926,.T.);
#2126=ADVANCED_FACE('',(#1342,#1343),#927,.T.);
#2127=ADVANCED_FACE('',(#2865),#2584,.T.);
#2128=ADVANCED_FACE('',(#1344,#1345),#928,.T.);
#2129=ADVANCED_FACE('',(#2866),#2585,.T.);
#2130=ADVANCED_FACE('',(#1346,#1347),#929,.T.);
#2131=ADVANCED_FACE('',(#2867),#2586,.T.);
#2132=ADVANCED_FACE('',(#1348,#1349),#930,.T.);
#2133=ADVANCED_FACE('',(#1350,#1351),#931,.T.);
#2134=ADVANCED_FACE('',(#2868),#652,.T.);
#2135=ADVANCED_FACE('',(#1352,#1353),#932,.T.);
#2136=ADVANCED_FACE('',(#2869),#2587,.T.);
#2137=ADVANCED_FACE('',(#2870),#2588,.T.);
#2138=ADVANCED_FACE('',(#2871),#653,.T.);
#2139=ADVANCED_FACE('',(#1354,#1355),#933,.T.);
#2140=ADVANCED_FACE('',(#1356,#1357),#934,.T.);
#2141=ADVANCED_FACE('',(#2872),#2589,.T.);
#2142=ADVANCED_FACE('',(#2873),#654,.T.);
#2143=ADVANCED_FACE('',(#1358,#1359),#935,.T.);
#2144=ADVANCED_FACE('',(#1360,#1361),#936,.T.);
#2145=ADVANCED_FACE('',(#2874),#2590,.T.);
#2146=ADVANCED_FACE('',(#1362,#1363),#937,.T.);
#2147=ADVANCED_FACE('',(#2875),#2591,.T.);
#2148=ADVANCED_FACE('',(#1364,#1365),#938,.T.);
#2149=ADVANCED_FACE('',(#2876),#2592,.T.);
#2150=ADVANCED_FACE('',(#1366,#1367),#939,.T.);
#2151=ADVANCED_FACE('',(#1368,#1369),#940,.T.);
#2152=ADVANCED_FACE('',(#2877),#655,.T.);
#2153=ADVANCED_FACE('',(#1370,#1371),#941,.T.);
#2154=ADVANCED_FACE('',(#2878),#2593,.T.);
#2155=ADVANCED_FACE('',(#2879),#2594,.T.);
#2156=ADVANCED_FACE('',(#2880),#656,.T.);
#2157=ADVANCED_FACE('',(#1372,#1373),#942,.T.);
#2158=ADVANCED_FACE('',(#1374,#1375),#943,.T.);
#2159=ADVANCED_FACE('',(#2881),#2595,.T.);
#2160=ADVANCED_FACE('',(#2882),#657,.T.);
#2161=ADVANCED_FACE('',(#1376,#1377),#944,.T.);
#2162=ADVANCED_FACE('',(#1378,#1379),#945,.T.);
#2163=ADVANCED_FACE('',(#2883),#2596,.T.);
#2164=ADVANCED_FACE('',(#1380,#1381),#946,.T.);
#2165=ADVANCED_FACE('',(#2884),#2597,.T.);
#2166=ADVANCED_FACE('',(#1382,#1383),#947,.T.);
#2167=ADVANCED_FACE('',(#2885),#2598,.T.);
#2168=ADVANCED_FACE('',(#1384,#1385),#948,.T.);
#2169=ADVANCED_FACE('',(#1386,#1387),#949,.T.);
#2170=ADVANCED_FACE('',(#2886),#658,.T.);
#2171=ADVANCED_FACE('',(#1388,#1389),#950,.T.);
#2172=ADVANCED_FACE('',(#2887),#2599,.T.);
#2173=ADVANCED_FACE('',(#2888),#2600,.T.);
#2174=ADVANCED_FACE('',(#2889),#659,.T.);
#2175=ADVANCED_FACE('',(#1390,#1391),#951,.T.);
#2176=ADVANCED_FACE('',(#1392,#1393),#952,.T.);
#2177=ADVANCED_FACE('',(#2890),#2601,.T.);
#2178=ADVANCED_FACE('',(#2891),#660,.T.);
#2179=ADVANCED_FACE('',(#1394,#1395),#953,.T.);
#2180=ADVANCED_FACE('',(#1396,#1397),#954,.T.);
#2181=ADVANCED_FACE('',(#2892),#2602,.T.);
#2182=ADVANCED_FACE('',(#1398,#1399),#955,.T.);
#2183=ADVANCED_FACE('',(#2893),#2603,.T.);
#2184=ADVANCED_FACE('',(#1400,#1401),#956,.T.);
#2185=ADVANCED_FACE('',(#2894),#2604,.T.);
#2186=ADVANCED_FACE('',(#1402,#1403),#957,.T.);
#2187=ADVANCED_FACE('',(#1404,#1405),#958,.T.);
#2188=ADVANCED_FACE('',(#2895),#661,.T.);
#2189=ADVANCED_FACE('',(#1406,#1407),#959,.T.);
#2190=ADVANCED_FACE('',(#2896),#2605,.T.);
#2191=ADVANCED_FACE('',(#2897),#2606,.T.);
#2192=ADVANCED_FACE('',(#2898),#662,.T.);
#2193=ADVANCED_FACE('',(#1408,#1409),#960,.T.);
#2194=ADVANCED_FACE('',(#1410,#1411),#961,.T.);
#2195=ADVANCED_FACE('',(#2899),#2607,.T.);
#2196=ADVANCED_FACE('',(#2900),#663,.T.);
#2197=ADVANCED_FACE('',(#1412,#1413),#962,.T.);
#2198=ADVANCED_FACE('',(#1414,#1415),#963,.T.);
#2199=ADVANCED_FACE('',(#2901),#2608,.T.);
#2200=ADVANCED_FACE('',(#1416,#1417),#964,.T.);
#2201=ADVANCED_FACE('',(#2902),#2609,.T.);
#2202=ADVANCED_FACE('',(#1418,#1419),#965,.T.);
#2203=ADVANCED_FACE('',(#2903),#2610,.T.);
#2204=ADVANCED_FACE('',(#1420,#1421),#966,.T.);
#2205=ADVANCED_FACE('',(#1422,#1423),#967,.T.);
#2206=ADVANCED_FACE('',(#2904),#664,.T.);
#2207=ADVANCED_FACE('',(#1424,#1425),#968,.T.);
#2208=ADVANCED_FACE('',(#2905),#2611,.T.);
#2209=ADVANCED_FACE('',(#2906),#2612,.T.);
#2210=ADVANCED_FACE('',(#2907),#665,.T.);
#2211=ADVANCED_FACE('',(#1426,#1427),#969,.T.);
#2212=ADVANCED_FACE('',(#1428,#1429),#970,.T.);
#2213=ADVANCED_FACE('',(#2908),#2613,.T.);
#2214=ADVANCED_FACE('',(#2909),#666,.T.);
#2215=ADVANCED_FACE('',(#1430,#1431),#971,.T.);
#2216=ADVANCED_FACE('',(#1432,#1433),#972,.T.);
#2217=ADVANCED_FACE('',(#2910),#2614,.T.);
#2218=ADVANCED_FACE('',(#1434,#1435),#973,.T.);
#2219=ADVANCED_FACE('',(#2911),#2615,.T.);
#2220=ADVANCED_FACE('',(#1436,#1437),#974,.T.);
#2221=ADVANCED_FACE('',(#2912),#2616,.T.);
#2222=ADVANCED_FACE('',(#1438,#1439),#975,.T.);
#2223=ADVANCED_FACE('',(#1440,#1441),#976,.T.);
#2224=ADVANCED_FACE('',(#2913),#667,.T.);
#2225=ADVANCED_FACE('',(#1442,#1443),#977,.T.);
#2226=ADVANCED_FACE('',(#2914),#2617,.T.);
#2227=ADVANCED_FACE('',(#2915),#2618,.T.);
#2228=ADVANCED_FACE('',(#2916),#668,.T.);
#2229=ADVANCED_FACE('',(#1444,#1445),#978,.T.);
#2230=ADVANCED_FACE('',(#1446,#1447),#979,.T.);
#2231=ADVANCED_FACE('',(#2917),#2619,.T.);
#2232=ADVANCED_FACE('',(#2918),#669,.T.);
#2233=ADVANCED_FACE('',(#1448,#1449),#980,.T.);
#2234=ADVANCED_FACE('',(#1450,#1451),#981,.T.);
#2235=ADVANCED_FACE('',(#2919),#2620,.T.);
#2236=ADVANCED_FACE('',(#1452,#1453),#982,.T.);
#2237=ADVANCED_FACE('',(#2920),#2621,.T.);
#2238=ADVANCED_FACE('',(#1454,#1455),#983,.T.);
#2239=ADVANCED_FACE('',(#2921),#2622,.T.);
#2240=ADVANCED_FACE('',(#1456,#1457),#984,.T.);
#2241=ADVANCED_FACE('',(#1458,#1459),#985,.T.);
#2242=ADVANCED_FACE('',(#2922),#670,.T.);
#2243=ADVANCED_FACE('',(#1460,#1461),#986,.T.);
#2244=ADVANCED_FACE('',(#2923),#2623,.T.);
#2245=ADVANCED_FACE('',(#2924),#2624,.T.);
#2246=ADVANCED_FACE('',(#2925),#671,.T.);
#2247=ADVANCED_FACE('',(#1462,#1463),#987,.T.);
#2248=ADVANCED_FACE('',(#1464,#1465),#988,.T.);
#2249=ADVANCED_FACE('',(#2926),#2625,.T.);
#2250=ADVANCED_FACE('',(#2927),#672,.T.);
#2251=ADVANCED_FACE('',(#1466,#1467),#989,.T.);
#2252=ADVANCED_FACE('',(#1468,#1469),#990,.T.);
#2253=ADVANCED_FACE('',(#2928),#2626,.T.);
#2254=ADVANCED_FACE('',(#1470,#1471),#991,.T.);
#2255=ADVANCED_FACE('',(#2929),#2627,.T.);
#2256=ADVANCED_FACE('',(#1472,#1473),#992,.T.);
#2257=ADVANCED_FACE('',(#2930),#2628,.T.);
#2258=ADVANCED_FACE('',(#1474,#1475),#993,.T.);
#2259=ADVANCED_FACE('',(#1476,#1477),#994,.T.);
#2260=ADVANCED_FACE('',(#2931),#673,.T.);
#2261=ADVANCED_FACE('',(#1478,#1479),#995,.T.);
#2262=ADVANCED_FACE('',(#2932),#2629,.T.);
#2263=ADVANCED_FACE('',(#2933),#2630,.T.);
#2264=ADVANCED_FACE('',(#2934),#674,.T.);
#2265=ADVANCED_FACE('',(#1480,#1481),#996,.T.);
#2266=ADVANCED_FACE('',(#1482,#1483),#997,.T.);
#2267=ADVANCED_FACE('',(#2935),#2631,.T.);
#2268=ADVANCED_FACE('',(#2936),#675,.T.);
#2269=ADVANCED_FACE('',(#1484,#1485),#998,.T.);
#2270=ADVANCED_FACE('',(#1486,#1487),#999,.T.);
#2271=ADVANCED_FACE('',(#2937),#2632,.T.);
#2272=ADVANCED_FACE('',(#1488,#1489),#1000,.T.);
#2273=ADVANCED_FACE('',(#2938),#2633,.T.);
#2274=ADVANCED_FACE('',(#1490,#1491),#1001,.T.);
#2275=ADVANCED_FACE('',(#2939),#2634,.T.);
#2276=ADVANCED_FACE('',(#1492,#1493),#1002,.T.);
#2277=ADVANCED_FACE('',(#1494,#1495),#1003,.T.);
#2278=ADVANCED_FACE('',(#2940),#676,.T.);
#2279=ADVANCED_FACE('',(#1496,#1497),#1004,.T.);
#2280=ADVANCED_FACE('',(#2941),#2635,.T.);
#2281=ADVANCED_FACE('',(#2942),#2636,.T.);
#2282=ADVANCED_FACE('',(#2943),#677,.T.);
#2283=ADVANCED_FACE('',(#1498,#1499),#1005,.T.);
#2284=ADVANCED_FACE('',(#1500,#1501),#1006,.T.);
#2285=ADVANCED_FACE('',(#2944),#2637,.T.);
#2286=ADVANCED_FACE('',(#2945),#678,.T.);
#2287=ADVANCED_FACE('',(#1502,#1503),#1007,.T.);
#2288=ADVANCED_FACE('',(#1504,#1505),#1008,.T.);
#2289=ADVANCED_FACE('',(#2946),#2638,.T.);
#2290=ADVANCED_FACE('',(#1506,#1507),#1009,.T.);
#2291=ADVANCED_FACE('',(#2947),#2639,.T.);
#2292=ADVANCED_FACE('',(#1508,#1509),#1010,.T.);
#2293=ADVANCED_FACE('',(#2948),#2640,.T.);
#2294=ADVANCED_FACE('',(#1510,#1511),#1011,.T.);
#2295=ADVANCED_FACE('',(#1512,#1513),#1012,.T.);
#2296=ADVANCED_FACE('',(#2949),#679,.T.);
#2297=ADVANCED_FACE('',(#1514,#1515),#1013,.T.);
#2298=ADVANCED_FACE('',(#2950),#2641,.T.);
#2299=ADVANCED_FACE('',(#2951),#2642,.T.);
#2300=ADVANCED_FACE('',(#2952),#680,.T.);
#2301=ADVANCED_FACE('',(#1516,#1517),#1014,.T.);
#2302=ADVANCED_FACE('',(#1518,#1519),#1015,.T.);
#2303=ADVANCED_FACE('',(#2953),#2643,.T.);
#2304=ADVANCED_FACE('',(#2954),#681,.T.);
#2305=ADVANCED_FACE('',(#1520,#1521),#1016,.T.);
#2306=ADVANCED_FACE('',(#1522,#1523),#1017,.T.);
#2307=ADVANCED_FACE('',(#2955),#2644,.T.);
#2308=ADVANCED_FACE('',(#1524,#1525),#1018,.T.);
#2309=ADVANCED_FACE('',(#2956),#2645,.T.);
#2310=ADVANCED_FACE('',(#1526,#1527),#1019,.T.);
#2311=ADVANCED_FACE('',(#2957),#2646,.T.);
#2312=ADVANCED_FACE('',(#1528,#1529),#1020,.T.);
#2313=ADVANCED_FACE('',(#1530,#1531),#1021,.T.);
#2314=ADVANCED_FACE('',(#2958),#682,.T.);
#2315=ADVANCED_FACE('',(#1532,#1533),#1022,.T.);
#2316=ADVANCED_FACE('',(#2959),#2647,.T.);
#2317=ADVANCED_FACE('',(#2960),#2648,.T.);
#2318=ADVANCED_FACE('',(#2961),#683,.T.);
#2319=ADVANCED_FACE('',(#1534,#1535),#1023,.T.);
#2320=ADVANCED_FACE('',(#1536,#1537),#1024,.T.);
#2321=ADVANCED_FACE('',(#2962),#2649,.T.);
#2322=ADVANCED_FACE('',(#2963),#684,.T.);
#2323=ADVANCED_FACE('',(#1538,#1539),#1025,.T.);
#2324=ADVANCED_FACE('',(#1540,#1541),#1026,.T.);
#2325=ADVANCED_FACE('',(#2964),#2650,.T.);
#2326=ADVANCED_FACE('',(#1542,#1543),#1027,.T.);
#2327=ADVANCED_FACE('',(#2965),#2651,.T.);
#2328=ADVANCED_FACE('',(#1544,#1545),#1028,.T.);
#2329=ADVANCED_FACE('',(#2966),#2652,.T.);
#2330=ADVANCED_FACE('',(#1546,#1547),#1029,.T.);
#2331=ADVANCED_FACE('',(#1548,#1549),#1030,.T.);
#2332=ADVANCED_FACE('',(#2967),#685,.T.);
#2333=ADVANCED_FACE('',(#1550,#1551),#1031,.T.);
#2334=ADVANCED_FACE('',(#2968),#2653,.T.);
#2335=ADVANCED_FACE('',(#2969),#2654,.T.);
#2336=ADVANCED_FACE('',(#2970),#686,.T.);
#2337=ADVANCED_FACE('',(#1552,#1553),#1032,.T.);
#2338=ADVANCED_FACE('',(#1554,#1555),#1033,.T.);
#2339=ADVANCED_FACE('',(#2971),#2655,.T.);
#2340=ADVANCED_FACE('',(#2972),#687,.T.);
#2341=ADVANCED_FACE('',(#1556,#1557),#1034,.T.);
#2342=ADVANCED_FACE('',(#1558,#1559),#1035,.T.);
#2343=ADVANCED_FACE('',(#2973),#2656,.T.);
#2344=ADVANCED_FACE('',(#1560,#1561),#1036,.T.);
#2345=ADVANCED_FACE('',(#2974),#2657,.T.);
#2346=ADVANCED_FACE('',(#1562,#1563),#1037,.T.);
#2347=ADVANCED_FACE('',(#2975),#2658,.T.);
#2348=ADVANCED_FACE('',(#1564,#1565),#1038,.T.);
#2349=ADVANCED_FACE('',(#1566,#1567),#1039,.T.);
#2350=ADVANCED_FACE('',(#2976),#688,.T.);
#2351=ADVANCED_FACE('',(#1568,#1569),#1040,.T.);
#2352=ADVANCED_FACE('',(#2977),#2659,.T.);
#2353=ADVANCED_FACE('',(#2978),#2660,.T.);
#2354=ADVANCED_FACE('',(#2979),#689,.T.);
#2355=ADVANCED_FACE('',(#1570,#1571),#1041,.T.);
#2356=ADVANCED_FACE('',(#1572,#1573),#1042,.T.);
#2357=ADVANCED_FACE('',(#2980),#2661,.T.);
#2358=ADVANCED_FACE('',(#2981),#690,.T.);
#2359=ADVANCED_FACE('',(#1574,#1575),#1043,.T.);
#2360=ADVANCED_FACE('',(#1576,#1577),#1044,.T.);
#2361=ADVANCED_FACE('',(#2982),#2662,.T.);
#2362=ADVANCED_FACE('',(#1578,#1579),#1045,.T.);
#2363=ADVANCED_FACE('',(#2983),#2663,.T.);
#2364=ADVANCED_FACE('',(#1580,#1581),#1046,.T.);
#2365=ADVANCED_FACE('',(#2984),#2664,.T.);
#2366=ADVANCED_FACE('',(#1582,#1583),#1047,.T.);
#2367=ADVANCED_FACE('',(#1584,#1585),#1048,.T.);
#2368=ADVANCED_FACE('',(#2985),#691,.T.);
#2369=ADVANCED_FACE('',(#1586,#1587),#1049,.T.);
#2370=ADVANCED_FACE('',(#2986),#2665,.T.);
#2371=ADVANCED_FACE('',(#2987),#2666,.T.);
#2372=ADVANCED_FACE('',(#2988),#692,.T.);
#2373=ADVANCED_FACE('',(#1588,#1589),#1050,.T.);
#2374=ADVANCED_FACE('',(#1590,#1591),#1051,.T.);
#2375=ADVANCED_FACE('',(#2989),#2667,.T.);
#2376=ADVANCED_FACE('',(#2990),#693,.T.);
#2377=ADVANCED_FACE('',(#1592,#1593),#1052,.T.);
#2378=ADVANCED_FACE('',(#1594,#1595),#1053,.T.);
#2379=ADVANCED_FACE('',(#2991),#2668,.T.);
#2380=ADVANCED_FACE('',(#1596,#1597),#1054,.T.);
#2381=ADVANCED_FACE('',(#2992),#2669,.T.);
#2382=ADVANCED_FACE('',(#1598,#1599),#1055,.T.);
#2383=ADVANCED_FACE('',(#2993),#2670,.T.);
#2384=ADVANCED_FACE('',(#1600,#1601),#1056,.T.);
#2385=ADVANCED_FACE('',(#1602,#1603),#1057,.T.);
#2386=ADVANCED_FACE('',(#2994),#694,.T.);
#2387=ADVANCED_FACE('',(#1604,#1605),#1058,.T.);
#2388=ADVANCED_FACE('',(#2995),#2671,.T.);
#2389=ADVANCED_FACE('',(#2996),#2672,.T.);
#2390=ADVANCED_FACE('',(#2997),#695,.T.);
#2391=ADVANCED_FACE('',(#1606,#1607),#1059,.T.);
#2392=ADVANCED_FACE('',(#1608,#1609),#1060,.T.);
#2393=ADVANCED_FACE('',(#2998),#2673,.T.);
#2394=ADVANCED_FACE('',(#2999),#696,.T.);
#2395=ADVANCED_FACE('',(#1610,#1611),#1061,.T.);
#2396=ADVANCED_FACE('',(#1612,#1613),#1062,.T.);
#2397=ADVANCED_FACE('',(#3000),#2674,.T.);
#2398=ADVANCED_FACE('',(#1614,#1615),#1063,.T.);
#2399=ADVANCED_FACE('',(#3001),#2675,.T.);
#2400=ADVANCED_FACE('',(#1616,#1617),#1064,.T.);
#2401=ADVANCED_FACE('',(#3002),#2676,.T.);
#2402=ADVANCED_FACE('',(#1618,#1619),#1065,.T.);
#2403=ADVANCED_FACE('',(#1620,#1621),#1066,.T.);
#2404=ADVANCED_FACE('',(#3003),#697,.T.);
#2405=ADVANCED_FACE('',(#1622,#1623),#1067,.T.);
#2406=ADVANCED_FACE('',(#3004),#2677,.T.);
#2407=ADVANCED_FACE('',(#3005),#2678,.T.);
#2408=ADVANCED_FACE('',(#3006),#698,.T.);
#2409=ADVANCED_FACE('',(#1624,#1625),#1068,.T.);
#2410=ADVANCED_FACE('',(#1626,#1627),#1069,.T.);
#2411=ADVANCED_FACE('',(#3007),#2679,.T.);
#2412=ADVANCED_FACE('',(#3008),#699,.T.);
#2413=ADVANCED_FACE('',(#1628,#1629),#1070,.T.);
#2414=ADVANCED_FACE('',(#1630,#1631),#1071,.T.);
#2415=ADVANCED_FACE('',(#3009),#2680,.T.);
#2416=ADVANCED_FACE('',(#1632,#1633),#1072,.T.);
#2417=ADVANCED_FACE('',(#3010),#2681,.T.);
#2418=ADVANCED_FACE('',(#1634,#1635),#1073,.T.);
#2419=ADVANCED_FACE('',(#3011),#700,.T.);
#2420=ADVANCED_FACE('',(#1636,#1637),#1074,.T.);
#2421=ADVANCED_FACE('',(#3012),#2682,.T.);
#2422=ADVANCED_FACE('',(#1638,#1639),#1075,.T.);
#2423=ADVANCED_FACE('',(#3013),#701,.T.);
#2424=ADVANCED_FACE('',(#1640,#1641),#1076,.T.);
#2425=ADVANCED_FACE('',(#3014),#2683,.T.);
#2426=ADVANCED_FACE('',(#1642,#1643),#1077,.T.);
#2427=ADVANCED_FACE('',(#3015),#702,.T.);
#2428=ADVANCED_FACE('',(#1644,#1645),#1078,.T.);
#2429=ADVANCED_FACE('',(#3016),#2684,.T.);
#2430=ADVANCED_FACE('',(#1646,#1647),#1079,.T.);
#2431=ADVANCED_FACE('',(#3017),#703,.T.);
#2432=ADVANCED_FACE('',(#1648,#1649),#1080,.T.);
#2433=ADVANCED_FACE('',(#3018),#2685,.T.);
#2434=ADVANCED_FACE('',(#1650,#1651),#1081,.T.);
#2435=ADVANCED_FACE('',(#3019),#704,.T.);
#2436=ADVANCED_FACE('',(#1652,#1653),#1082,.T.);
#2437=ADVANCED_FACE('',(#3020),#2686,.F.);
#2438=ADVANCED_FACE('',(#1654,#1655),#1083,.F.);
#2439=ADVANCED_FACE('',(#1656,#1657),#1084,.F.);
#2440=ADVANCED_FACE('',(#3021),#2687,.T.);
#2441=ADVANCED_FACE('',(#3022),#2688,.T.);
#2442=ADVANCED_FACE('',(#3023),#2689,.T.);
#2443=ADVANCED_FACE('',(#3024),#2690,.T.);
#2444=ADVANCED_FACE('',(#1658,#1659,#1660),#2691,.T.);
#2445=ADVANCED_FACE('',(#3025),#2692,.T.);
#2446=ADVANCED_FACE('',(#1661,#1662),#2693,.T.);
#2447=ADVANCED_FACE('',(#3026),#2694,.F.);
#2448=ADVANCED_FACE('',(#3027),#2695,.T.);
#2449=ADVANCED_FACE('',(#1663,#1664),#1085,.T.);
#2450=ADVANCED_FACE('',(#3028),#2696,.T.);
#2451=ADVANCED_FACE('',(#1665,#1666),#1086,.T.);
#2452=ADVANCED_FACE('',(#3029),#2697,.T.);
#2453=ADVANCED_FACE('',(#1667,#1668),#1087,.T.);
#2454=ADVANCED_FACE('',(#3030),#2698,.T.);
#2455=ADVANCED_FACE('',(#1669,#1670),#1088,.T.);
#2456=ADVANCED_FACE('',(#3031),#2699,.T.);
#2457=ADVANCED_FACE('',(#1671,#1672),#1089,.T.);
#2458=ADVANCED_FACE('',(#3032),#2700,.T.);
#2459=ADVANCED_FACE('',(#1673,#1674),#1090,.T.);
#2460=ADVANCED_FACE('',(#3033),#2701,.T.);
#2461=ADVANCED_FACE('',(#3034),#2702,.F.);
#2462=ADVANCED_FACE('',(#3035),#2703,.F.);
#2463=ADVANCED_FACE('',(#3036),#2704,.F.);
#2464=ADVANCED_FACE('',(#3037),#2705,.F.);
#2465=ADVANCED_FACE('',(#3038),#2706,.T.);
#2466=ADVANCED_FACE('',(#3039),#2707,.T.);
#2467=ADVANCED_FACE('',(#3040),#2708,.T.);
#2468=ADVANCED_FACE('',(#3041),#2709,.T.);
#2469=ADVANCED_FACE('',(#3042),#2710,.T.);
#2470=ADVANCED_FACE('',(#1675,#1676,#1677,#1678,#1679,#1680,#1681,#1682,
#1683,#1684,#1685,#1686,#1687,#1688,#1689,#1690,#1691,#1692,#1693,#1694,
#1695,#1696,#1697,#1698,#1699,#1700,#1701,#1702,#1703,#1704,#1705,#1706,
#1707,#1708,#1709,#1710,#1711,#1712,#1713,#1714,#1715,#1716,#1717,#1718,
#1719,#1720,#1721,#1722,#1723,#1724,#1725,#1726,#1727,#1728,#1729,#1730,
#1731,#1732,#1733,#1734,#1735,#1736,#1737,#1738,#1739,#1740,#1741,#1742,
#1743,#1744,#1745,#1746,#1747,#1748,#1749,#1750,#1751,#1752,#1753,#1754,
#1755,#1756,#1757,#1758,#1759,#1760,#1761,#1762,#1763,#1764,#1765,#1766,
#1767,#1768,#1769,#1770,#1771),#2711,.F.);
#2471=ADVANCED_FACE('',(#3043),#2712,.T.);
#2472=ADVANCED_FACE('',(#3044),#2713,.T.);
#2473=ADVANCED_FACE('',(#3045),#2714,.F.);
#2474=ADVANCED_FACE('',(#3046),#2715,.T.);
#2475=ADVANCED_FACE('',(#3047),#2716,.T.);
#2476=ADVANCED_FACE('',(#3048),#2717,.T.);
#2477=ADVANCED_FACE('',(#3049),#2718,.T.);
#2478=ADVANCED_FACE('',(#3050),#2719,.T.);
#2479=ADVANCED_FACE('',(#3051),#2720,.T.);
#2480=ADVANCED_FACE('',(#3052),#2721,.F.);
#2481=ADVANCED_FACE('',(#3053),#2722,.F.);
#2482=ADVANCED_FACE('',(#3054),#2723,.F.);
#2483=ADVANCED_FACE('',(#3055),#2724,.T.);
#2484=ADVANCED_FACE('',(#3056),#2725,.T.);
#2485=ADVANCED_FACE('',(#1772,#1773),#2726,.T.);
#2486=ADVANCED_FACE('',(#3057),#2727,.T.);
#2487=ADVANCED_FACE('',(#3058),#2728,.T.);
#2488=ADVANCED_FACE('',(#3059),#2729,.T.);
#2489=ADVANCED_FACE('',(#3060),#2730,.T.);
#2490=ADVANCED_FACE('',(#3061),#2731,.T.);
#2491=ADVANCED_FACE('',(#3062),#2732,.T.);
#2492=ADVANCED_FACE('',(#3063),#2733,.T.);
#2493=ADVANCED_FACE('',(#3064),#2734,.F.);
#2494=ADVANCED_FACE('',(#3065),#2735,.T.);
#2495=ADVANCED_FACE('',(#3066),#2736,.F.);
#2496=ADVANCED_FACE('',(#1774,#1775),#2737,.T.);
#2497=ADVANCED_FACE('',(#1776,#1777,#1778,#1779,#1780,#1781,#1782,#1783,
#1784,#1785,#1786,#1787,#1788,#1789,#1790,#1791,#1792,#1793,#1794,#1795,
#1796,#1797,#1798,#1799,#1800,#1801,#1802,#1803,#1804,#1805,#1806,#1807,
#1808,#1809,#1810,#1811,#1812,#1813,#1814,#1815,#1816,#1817,#1818,#1819,
#1820,#1821,#1822,#1823,#1824,#1825,#1826,#1827,#1828,#1829,#1830,#1831,
#1832,#1833,#1834,#1835,#1836,#1837,#1838,#1839,#1840,#1841,#1842,#1843,
#1844,#1845,#1846,#1847,#1848,#1849,#1850,#1851,#1852,#1853,#1854,#1855,
#1856,#1857,#1858,#1859,#1860,#1861,#1862,#1863,#1864,#1865,#1866,#1867,
#1868,#1869,#1870,#1871,#1872),#2738,.T.);
#2498=ADVANCED_FACE('',(#1873,#1874),#1091,.T.);
#2499=ADVANCED_FACE('',(#3067),#705,.T.);
#2500=PLANE('',#7790);
#2501=PLANE('',#7794);
#2502=PLANE('',#7798);
#2503=PLANE('',#7808);
#2504=PLANE('',#7810);
#2505=PLANE('',#7818);
#2506=PLANE('',#7826);
#2507=PLANE('',#7830);
#2508=PLANE('',#7834);
#2509=PLANE('',#7844);
#2510=PLANE('',#7846);
#2511=PLANE('',#7854);
#2512=PLANE('',#7862);
#2513=PLANE('',#7866);
#2514=PLANE('',#7870);
#2515=PLANE('',#7880);
#2516=PLANE('',#7882);
#2517=PLANE('',#7890);
#2518=PLANE('',#7898);
#2519=PLANE('',#7902);
#2520=PLANE('',#7906);
#2521=PLANE('',#7916);
#2522=PLANE('',#7918);
#2523=PLANE('',#7926);
#2524=PLANE('',#7934);
#2525=PLANE('',#7938);
#2526=PLANE('',#7942);
#2527=PLANE('',#7952);
#2528=PLANE('',#7954);
#2529=PLANE('',#7962);
#2530=PLANE('',#7970);
#2531=PLANE('',#7974);
#2532=PLANE('',#7978);
#2533=PLANE('',#7988);
#2534=PLANE('',#7990);
#2535=PLANE('',#7998);
#2536=PLANE('',#8006);
#2537=PLANE('',#8010);
#2538=PLANE('',#8014);
#2539=PLANE('',#8024);
#2540=PLANE('',#8026);
#2541=PLANE('',#8034);
#2542=PLANE('',#8042);
#2543=PLANE('',#8046);
#2544=PLANE('',#8050);
#2545=PLANE('',#8060);
#2546=PLANE('',#8062);
#2547=PLANE('',#8070);
#2548=PLANE('',#8078);
#2549=PLANE('',#8082);
#2550=PLANE('',#8086);
#2551=PLANE('',#8096);
#2552=PLANE('',#8098);
#2553=PLANE('',#8106);
#2554=PLANE('',#8114);
#2555=PLANE('',#8118);
#2556=PLANE('',#8122);
#2557=PLANE('',#8132);
#2558=PLANE('',#8134);
#2559=PLANE('',#8142);
#2560=PLANE('',#8150);
#2561=PLANE('',#8154);
#2562=PLANE('',#8158);
#2563=PLANE('',#8168);
#2564=PLANE('',#8170);
#2565=PLANE('',#8178);
#2566=PLANE('',#8186);
#2567=PLANE('',#8190);
#2568=PLANE('',#8194);
#2569=PLANE('',#8204);
#2570=PLANE('',#8206);
#2571=PLANE('',#8214);
#2572=PLANE('',#8222);
#2573=PLANE('',#8226);
#2574=PLANE('',#8230);
#2575=PLANE('',#8240);
#2576=PLANE('',#8242);
#2577=PLANE('',#8250);
#2578=PLANE('',#8258);
#2579=PLANE('',#8262);
#2580=PLANE('',#8266);
#2581=PLANE('',#8276);
#2582=PLANE('',#8278);
#2583=PLANE('',#8286);
#2584=PLANE('',#8294);
#2585=PLANE('',#8298);
#2586=PLANE('',#8302);
#2587=PLANE('',#8312);
#2588=PLANE('',#8314);
#2589=PLANE('',#8322);
#2590=PLANE('',#8330);
#2591=PLANE('',#8334);
#2592=PLANE('',#8338);
#2593=PLANE('',#8348);
#2594=PLANE('',#8350);
#2595=PLANE('',#8358);
#2596=PLANE('',#8366);
#2597=PLANE('',#8370);
#2598=PLANE('',#8374);
#2599=PLANE('',#8384);
#2600=PLANE('',#8386);
#2601=PLANE('',#8394);
#2602=PLANE('',#8402);
#2603=PLANE('',#8406);
#2604=PLANE('',#8410);
#2605=PLANE('',#8420);
#2606=PLANE('',#8422);
#2607=PLANE('',#8430);
#2608=PLANE('',#8438);
#2609=PLANE('',#8442);
#2610=PLANE('',#8446);
#2611=PLANE('',#8456);
#2612=PLANE('',#8458);
#2613=PLANE('',#8466);
#2614=PLANE('',#8474);
#2615=PLANE('',#8478);
#2616=PLANE('',#8482);
#2617=PLANE('',#8492);
#2618=PLANE('',#8494);
#2619=PLANE('',#8502);
#2620=PLANE('',#8510);
#2621=PLANE('',#8514);
#2622=PLANE('',#8518);
#2623=PLANE('',#8528);
#2624=PLANE('',#8530);
#2625=PLANE('',#8538);
#2626=PLANE('',#8546);
#2627=PLANE('',#8550);
#2628=PLANE('',#8554);
#2629=PLANE('',#8564);
#2630=PLANE('',#8566);
#2631=PLANE('',#8574);
#2632=PLANE('',#8582);
#2633=PLANE('',#8586);
#2634=PLANE('',#8590);
#2635=PLANE('',#8600);
#2636=PLANE('',#8602);
#2637=PLANE('',#8610);
#2638=PLANE('',#8618);
#2639=PLANE('',#8622);
#2640=PLANE('',#8626);
#2641=PLANE('',#8636);
#2642=PLANE('',#8638);
#2643=PLANE('',#8646);
#2644=PLANE('',#8654);
#2645=PLANE('',#8658);
#2646=PLANE('',#8662);
#2647=PLANE('',#8672);
#2648=PLANE('',#8674);
#2649=PLANE('',#8682);
#2650=PLANE('',#8690);
#2651=PLANE('',#8694);
#2652=PLANE('',#8698);
#2653=PLANE('',#8708);
#2654=PLANE('',#8710);
#2655=PLANE('',#8718);
#2656=PLANE('',#8726);
#2657=PLANE('',#8730);
#2658=PLANE('',#8734);
#2659=PLANE('',#8744);
#2660=PLANE('',#8746);
#2661=PLANE('',#8754);
#2662=PLANE('',#8762);
#2663=PLANE('',#8766);
#2664=PLANE('',#8770);
#2665=PLANE('',#8780);
#2666=PLANE('',#8782);
#2667=PLANE('',#8790);
#2668=PLANE('',#8798);
#2669=PLANE('',#8802);
#2670=PLANE('',#8806);
#2671=PLANE('',#8816);
#2672=PLANE('',#8818);
#2673=PLANE('',#8826);
#2674=PLANE('',#8834);
#2675=PLANE('',#8838);
#2676=PLANE('',#8842);
#2677=PLANE('',#8852);
#2678=PLANE('',#8854);
#2679=PLANE('',#8862);
#2680=PLANE('',#8870);
#2681=PLANE('',#8874);
#2682=PLANE('',#8882);
#2683=PLANE('',#8890);
#2684=PLANE('',#8898);
#2685=PLANE('',#8906);
#2686=PLANE('',#8913);
#2687=PLANE('',#8920);
#2688=PLANE('',#8921);
#2689=PLANE('',#8922);
#2690=PLANE('',#8923);
#2691=PLANE('',#8924);
#2692=PLANE('',#8925);
#2693=PLANE('',#8926);
#2694=PLANE('',#8927);
#2695=PLANE('',#8929);
#2696=PLANE('',#8933);
#2697=PLANE('',#8937);
#2698=PLANE('',#8941);
#2699=PLANE('',#8945);
#2700=PLANE('',#8949);
#2701=PLANE('',#8952);
#2702=PLANE('',#8953);
#2703=PLANE('',#8954);
#2704=PLANE('',#8955);
#2705=PLANE('',#8956);
#2706=PLANE('',#8957);
#2707=PLANE('',#8958);
#2708=PLANE('',#8959);
#2709=PLANE('',#8960);
#2710=PLANE('',#8961);
#2711=PLANE('',#8962);
#2712=PLANE('',#8963);
#2713=PLANE('',#8964);
#2714=PLANE('',#8965);
#2715=PLANE('',#8966);
#2716=PLANE('',#8967);
#2717=PLANE('',#8968);
#2718=PLANE('',#8969);
#2719=PLANE('',#8970);
#2720=PLANE('',#8971);
#2721=PLANE('',#8972);
#2722=PLANE('',#8973);
#2723=PLANE('',#8974);
#2724=PLANE('',#8975);
#2725=PLANE('',#8976);
#2726=PLANE('',#8977);
#2727=PLANE('',#8978);
#2728=PLANE('',#8979);
#2729=PLANE('',#8980);
#2730=PLANE('',#8981);
#2731=PLANE('',#8982);
#2732=PLANE('',#8983);
#2733=PLANE('',#8984);
#2734=PLANE('',#8985);
#2735=PLANE('',#8986);
#2736=PLANE('',#8987);
#2737=PLANE('',#8988);
#2738=PLANE('',#8990);
#2739=FACE_OUTER_BOUND('',#3068,.T.);
#2740=FACE_OUTER_BOUND('',#3071,.T.);
#2741=FACE_OUTER_BOUND('',#3074,.T.);
#2742=FACE_OUTER_BOUND('',#3079,.T.);
#2743=FACE_OUTER_BOUND('',#3082,.T.);
#2744=FACE_OUTER_BOUND('',#3083,.T.);
#2745=FACE_OUTER_BOUND('',#3084,.T.);
#2746=FACE_OUTER_BOUND('',#3089,.T.);
#2747=FACE_OUTER_BOUND('',#3090,.T.);
#2748=FACE_OUTER_BOUND('',#3095,.T.);
#2749=FACE_OUTER_BOUND('',#3098,.T.);
#2750=FACE_OUTER_BOUND('',#3101,.T.);
#2751=FACE_OUTER_BOUND('',#3106,.T.);
#2752=FACE_OUTER_BOUND('',#3109,.T.);
#2753=FACE_OUTER_BOUND('',#3110,.T.);
#2754=FACE_OUTER_BOUND('',#3111,.T.);
#2755=FACE_OUTER_BOUND('',#3116,.T.);
#2756=FACE_OUTER_BOUND('',#3117,.T.);
#2757=FACE_OUTER_BOUND('',#3122,.T.);
#2758=FACE_OUTER_BOUND('',#3125,.T.);
#2759=FACE_OUTER_BOUND('',#3128,.T.);
#2760=FACE_OUTER_BOUND('',#3133,.T.);
#2761=FACE_OUTER_BOUND('',#3136,.T.);
#2762=FACE_OUTER_BOUND('',#3137,.T.);
#2763=FACE_OUTER_BOUND('',#3138,.T.);
#2764=FACE_OUTER_BOUND('',#3143,.T.);
#2765=FACE_OUTER_BOUND('',#3144,.T.);
#2766=FACE_OUTER_BOUND('',#3149,.T.);
#2767=FACE_OUTER_BOUND('',#3152,.T.);
#2768=FACE_OUTER_BOUND('',#3155,.T.);
#2769=FACE_OUTER_BOUND('',#3160,.T.);
#2770=FACE_OUTER_BOUND('',#3163,.T.);
#2771=FACE_OUTER_BOUND('',#3164,.T.);
#2772=FACE_OUTER_BOUND('',#3165,.T.);
#2773=FACE_OUTER_BOUND('',#3170,.T.);
#2774=FACE_OUTER_BOUND('',#3171,.T.);
#2775=FACE_OUTER_BOUND('',#3176,.T.);
#2776=FACE_OUTER_BOUND('',#3179,.T.);
#2777=FACE_OUTER_BOUND('',#3182,.T.);
#2778=FACE_OUTER_BOUND('',#3187,.T.);
#2779=FACE_OUTER_BOUND('',#3190,.T.);
#2780=FACE_OUTER_BOUND('',#3191,.T.);
#2781=FACE_OUTER_BOUND('',#3192,.T.);
#2782=FACE_OUTER_BOUND('',#3197,.T.);
#2783=FACE_OUTER_BOUND('',#3198,.T.);
#2784=FACE_OUTER_BOUND('',#3203,.T.);
#2785=FACE_OUTER_BOUND('',#3206,.T.);
#2786=FACE_OUTER_BOUND('',#3209,.T.);
#2787=FACE_OUTER_BOUND('',#3214,.T.);
#2788=FACE_OUTER_BOUND('',#3217,.T.);
#2789=FACE_OUTER_BOUND('',#3218,.T.);
#2790=FACE_OUTER_BOUND('',#3219,.T.);
#2791=FACE_OUTER_BOUND('',#3224,.T.);
#2792=FACE_OUTER_BOUND('',#3225,.T.);
#2793=FACE_OUTER_BOUND('',#3230,.T.);
#2794=FACE_OUTER_BOUND('',#3233,.T.);
#2795=FACE_OUTER_BOUND('',#3236,.T.);
#2796=FACE_OUTER_BOUND('',#3241,.T.);
#2797=FACE_OUTER_BOUND('',#3244,.T.);
#2798=FACE_OUTER_BOUND('',#3245,.T.);
#2799=FACE_OUTER_BOUND('',#3246,.T.);
#2800=FACE_OUTER_BOUND('',#3251,.T.);
#2801=FACE_OUTER_BOUND('',#3252,.T.);
#2802=FACE_OUTER_BOUND('',#3257,.T.);
#2803=FACE_OUTER_BOUND('',#3260,.T.);
#2804=FACE_OUTER_BOUND('',#3263,.T.);
#2805=FACE_OUTER_BOUND('',#3268,.T.);
#2806=FACE_OUTER_BOUND('',#3271,.T.);
#2807=FACE_OUTER_BOUND('',#3272,.T.);
#2808=FACE_OUTER_BOUND('',#3273,.T.);
#2809=FACE_OUTER_BOUND('',#3278,.T.);
#2810=FACE_OUTER_BOUND('',#3279,.T.);
#2811=FACE_OUTER_BOUND('',#3284,.T.);
#2812=FACE_OUTER_BOUND('',#3287,.T.);
#2813=FACE_OUTER_BOUND('',#3290,.T.);
#2814=FACE_OUTER_BOUND('',#3295,.T.);
#2815=FACE_OUTER_BOUND('',#3298,.T.);
#2816=FACE_OUTER_BOUND('',#3299,.T.);
#2817=FACE_OUTER_BOUND('',#3300,.T.);
#2818=FACE_OUTER_BOUND('',#3305,.T.);
#2819=FACE_OUTER_BOUND('',#3306,.T.);
#2820=FACE_OUTER_BOUND('',#3311,.T.);
#2821=FACE_OUTER_BOUND('',#3314,.T.);
#2822=FACE_OUTER_BOUND('',#3317,.T.);
#2823=FACE_OUTER_BOUND('',#3322,.T.);
#2824=FACE_OUTER_BOUND('',#3325,.T.);
#2825=FACE_OUTER_BOUND('',#3326,.T.);
#2826=FACE_OUTER_BOUND('',#3327,.T.);
#2827=FACE_OUTER_BOUND('',#3332,.T.);
#2828=FACE_OUTER_BOUND('',#3333,.T.);
#2829=FACE_OUTER_BOUND('',#3338,.T.);
#2830=FACE_OUTER_BOUND('',#3341,.T.);
#2831=FACE_OUTER_BOUND('',#3344,.T.);
#2832=FACE_OUTER_BOUND('',#3349,.T.);
#2833=FACE_OUTER_BOUND('',#3352,.T.);
#2834=FACE_OUTER_BOUND('',#3353,.T.);
#2835=FACE_OUTER_BOUND('',#3354,.T.);
#2836=FACE_OUTER_BOUND('',#3359,.T.);
#2837=FACE_OUTER_BOUND('',#3360,.T.);
#2838=FACE_OUTER_BOUND('',#3365,.T.);
#2839=FACE_OUTER_BOUND('',#3368,.T.);
#2840=FACE_OUTER_BOUND('',#3371,.T.);
#2841=FACE_OUTER_BOUND('',#3376,.T.);
#2842=FACE_OUTER_BOUND('',#3379,.T.);
#2843=FACE_OUTER_BOUND('',#3380,.T.);
#2844=FACE_OUTER_BOUND('',#3381,.T.);
#2845=FACE_OUTER_BOUND('',#3386,.T.);
#2846=FACE_OUTER_BOUND('',#3387,.T.);
#2847=FACE_OUTER_BOUND('',#3392,.T.);
#2848=FACE_OUTER_BOUND('',#3395,.T.);
#2849=FACE_OUTER_BOUND('',#3398,.T.);
#2850=FACE_OUTER_BOUND('',#3403,.T.);
#2851=FACE_OUTER_BOUND('',#3406,.T.);
#2852=FACE_OUTER_BOUND('',#3407,.T.);
#2853=FACE_OUTER_BOUND('',#3408,.T.);
#2854=FACE_OUTER_BOUND('',#3413,.T.);
#2855=FACE_OUTER_BOUND('',#3414,.T.);
#2856=FACE_OUTER_BOUND('',#3419,.T.);
#2857=FACE_OUTER_BOUND('',#3422,.T.);
#2858=FACE_OUTER_BOUND('',#3425,.T.);
#2859=FACE_OUTER_BOUND('',#3430,.T.);
#2860=FACE_OUTER_BOUND('',#3433,.T.);
#2861=FACE_OUTER_BOUND('',#3434,.T.);
#2862=FACE_OUTER_BOUND('',#3435,.T.);
#2863=FACE_OUTER_BOUND('',#3440,.T.);
#2864=FACE_OUTER_BOUND('',#3441,.T.);
#2865=FACE_OUTER_BOUND('',#3446,.T.);
#2866=FACE_OUTER_BOUND('',#3449,.T.);
#2867=FACE_OUTER_BOUND('',#3452,.T.);
#2868=FACE_OUTER_BOUND('',#3457,.T.);
#2869=FACE_OUTER_BOUND('',#3460,.T.);
#2870=FACE_OUTER_BOUND('',#3461,.T.);
#2871=FACE_OUTER_BOUND('',#3462,.T.);
#2872=FACE_OUTER_BOUND('',#3467,.T.);
#2873=FACE_OUTER_BOUND('',#3468,.T.);
#2874=FACE_OUTER_BOUND('',#3473,.T.);
#2875=FACE_OUTER_BOUND('',#3476,.T.);
#2876=FACE_OUTER_BOUND('',#3479,.T.);
#2877=FACE_OUTER_BOUND('',#3484,.T.);
#2878=FACE_OUTER_BOUND('',#3487,.T.);
#2879=FACE_OUTER_BOUND('',#3488,.T.);
#2880=FACE_OUTER_BOUND('',#3489,.T.);
#2881=FACE_OUTER_BOUND('',#3494,.T.);
#2882=FACE_OUTER_BOUND('',#3495,.T.);
#2883=FACE_OUTER_BOUND('',#3500,.T.);
#2884=FACE_OUTER_BOUND('',#3503,.T.);
#2885=FACE_OUTER_BOUND('',#3506,.T.);
#2886=FACE_OUTER_BOUND('',#3511,.T.);
#2887=FACE_OUTER_BOUND('',#3514,.T.);
#2888=FACE_OUTER_BOUND('',#3515,.T.);
#2889=FACE_OUTER_BOUND('',#3516,.T.);
#2890=FACE_OUTER_BOUND('',#3521,.T.);
#2891=FACE_OUTER_BOUND('',#3522,.T.);
#2892=FACE_OUTER_BOUND('',#3527,.T.);
#2893=FACE_OUTER_BOUND('',#3530,.T.);
#2894=FACE_OUTER_BOUND('',#3533,.T.);
#2895=FACE_OUTER_BOUND('',#3538,.T.);
#2896=FACE_OUTER_BOUND('',#3541,.T.);
#2897=FACE_OUTER_BOUND('',#3542,.T.);
#2898=FACE_OUTER_BOUND('',#3543,.T.);
#2899=FACE_OUTER_BOUND('',#3548,.T.);
#2900=FACE_OUTER_BOUND('',#3549,.T.);
#2901=FACE_OUTER_BOUND('',#3554,.T.);
#2902=FACE_OUTER_BOUND('',#3557,.T.);
#2903=FACE_OUTER_BOUND('',#3560,.T.);
#2904=FACE_OUTER_BOUND('',#3565,.T.);
#2905=FACE_OUTER_BOUND('',#3568,.T.);
#2906=FACE_OUTER_BOUND('',#3569,.T.);
#2907=FACE_OUTER_BOUND('',#3570,.T.);
#2908=FACE_OUTER_BOUND('',#3575,.T.);
#2909=FACE_OUTER_BOUND('',#3576,.T.);
#2910=FACE_OUTER_BOUND('',#3581,.T.);
#2911=FACE_OUTER_BOUND('',#3584,.T.);
#2912=FACE_OUTER_BOUND('',#3587,.T.);
#2913=FACE_OUTER_BOUND('',#3592,.T.);
#2914=FACE_OUTER_BOUND('',#3595,.T.);
#2915=FACE_OUTER_BOUND('',#3596,.T.);
#2916=FACE_OUTER_BOUND('',#3597,.T.);
#2917=FACE_OUTER_BOUND('',#3602,.T.);
#2918=FACE_OUTER_BOUND('',#3603,.T.);
#2919=FACE_OUTER_BOUND('',#3608,.T.);
#2920=FACE_OUTER_BOUND('',#3611,.T.);
#2921=FACE_OUTER_BOUND('',#3614,.T.);
#2922=FACE_OUTER_BOUND('',#3619,.T.);
#2923=FACE_OUTER_BOUND('',#3622,.T.);
#2924=FACE_OUTER_BOUND('',#3623,.T.);
#2925=FACE_OUTER_BOUND('',#3624,.T.);
#2926=FACE_OUTER_BOUND('',#3629,.T.);
#2927=FACE_OUTER_BOUND('',#3630,.T.);
#2928=FACE_OUTER_BOUND('',#3635,.T.);
#2929=FACE_OUTER_BOUND('',#3638,.T.);
#2930=FACE_OUTER_BOUND('',#3641,.T.);
#2931=FACE_OUTER_BOUND('',#3646,.T.);
#2932=FACE_OUTER_BOUND('',#3649,.T.);
#2933=FACE_OUTER_BOUND('',#3650,.T.);
#2934=FACE_OUTER_BOUND('',#3651,.T.);
#2935=FACE_OUTER_BOUND('',#3656,.T.);
#2936=FACE_OUTER_BOUND('',#3657,.T.);
#2937=FACE_OUTER_BOUND('',#3662,.T.);
#2938=FACE_OUTER_BOUND('',#3665,.T.);
#2939=FACE_OUTER_BOUND('',#3668,.T.);
#2940=FACE_OUTER_BOUND('',#3673,.T.);
#2941=FACE_OUTER_BOUND('',#3676,.T.);
#2942=FACE_OUTER_BOUND('',#3677,.T.);
#2943=FACE_OUTER_BOUND('',#3678,.T.);
#2944=FACE_OUTER_BOUND('',#3683,.T.);
#2945=FACE_OUTER_BOUND('',#3684,.T.);
#2946=FACE_OUTER_BOUND('',#3689,.T.);
#2947=FACE_OUTER_BOUND('',#3692,.T.);
#2948=FACE_OUTER_BOUND('',#3695,.T.);
#2949=FACE_OUTER_BOUND('',#3700,.T.);
#2950=FACE_OUTER_BOUND('',#3703,.T.);
#2951=FACE_OUTER_BOUND('',#3704,.T.);
#2952=FACE_OUTER_BOUND('',#3705,.T.);
#2953=FACE_OUTER_BOUND('',#3710,.T.);
#2954=FACE_OUTER_BOUND('',#3711,.T.);
#2955=FACE_OUTER_BOUND('',#3716,.T.);
#2956=FACE_OUTER_BOUND('',#3719,.T.);
#2957=FACE_OUTER_BOUND('',#3722,.T.);
#2958=FACE_OUTER_BOUND('',#3727,.T.);
#2959=FACE_OUTER_BOUND('',#3730,.T.);
#2960=FACE_OUTER_BOUND('',#3731,.T.);
#2961=FACE_OUTER_BOUND('',#3732,.T.);
#2962=FACE_OUTER_BOUND('',#3737,.T.);
#2963=FACE_OUTER_BOUND('',#3738,.T.);
#2964=FACE_OUTER_BOUND('',#3743,.T.);
#2965=FACE_OUTER_BOUND('',#3746,.T.);
#2966=FACE_OUTER_BOUND('',#3749,.T.);
#2967=FACE_OUTER_BOUND('',#3754,.T.);
#2968=FACE_OUTER_BOUND('',#3757,.T.);
#2969=FACE_OUTER_BOUND('',#3758,.T.);
#2970=FACE_OUTER_BOUND('',#3759,.T.);
#2971=FACE_OUTER_BOUND('',#3764,.T.);
#2972=FACE_OUTER_BOUND('',#3765,.T.);
#2973=FACE_OUTER_BOUND('',#3770,.T.);
#2974=FACE_OUTER_BOUND('',#3773,.T.);
#2975=FACE_OUTER_BOUND('',#3776,.T.);
#2976=FACE_OUTER_BOUND('',#3781,.T.);
#2977=FACE_OUTER_BOUND('',#3784,.T.);
#2978=FACE_OUTER_BOUND('',#3785,.T.);
#2979=FACE_OUTER_BOUND('',#3786,.T.);
#2980=FACE_OUTER_BOUND('',#3791,.T.);
#2981=FACE_OUTER_BOUND('',#3792,.T.);
#2982=FACE_OUTER_BOUND('',#3797,.T.);
#2983=FACE_OUTER_BOUND('',#3800,.T.);
#2984=FACE_OUTER_BOUND('',#3803,.T.);
#2985=FACE_OUTER_BOUND('',#3808,.T.);
#2986=FACE_OUTER_BOUND('',#3811,.T.);
#2987=FACE_OUTER_BOUND('',#3812,.T.);
#2988=FACE_OUTER_BOUND('',#3813,.T.);
#2989=FACE_OUTER_BOUND('',#3818,.T.);
#2990=FACE_OUTER_BOUND('',#3819,.T.);
#2991=FACE_OUTER_BOUND('',#3824,.T.);
#2992=FACE_OUTER_BOUND('',#3827,.T.);
#2993=FACE_OUTER_BOUND('',#3830,.T.);
#2994=FACE_OUTER_BOUND('',#3835,.T.);
#2995=FACE_OUTER_BOUND('',#3838,.T.);
#2996=FACE_OUTER_BOUND('',#3839,.T.);
#2997=FACE_OUTER_BOUND('',#3840,.T.);
#2998=FACE_OUTER_BOUND('',#3845,.T.);
#2999=FACE_OUTER_BOUND('',#3846,.T.);
#3000=FACE_OUTER_BOUND('',#3851,.T.);
#3001=FACE_OUTER_BOUND('',#3854,.T.);
#3002=FACE_OUTER_BOUND('',#3857,.T.);
#3003=FACE_OUTER_BOUND('',#3862,.T.);
#3004=FACE_OUTER_BOUND('',#3865,.T.);
#3005=FACE_OUTER_BOUND('',#3866,.T.);
#3006=FACE_OUTER_BOUND('',#3867,.T.);
#3007=FACE_OUTER_BOUND('',#3872,.T.);
#3008=FACE_OUTER_BOUND('',#3873,.T.);
#3009=FACE_OUTER_BOUND('',#3878,.T.);
#3010=FACE_OUTER_BOUND('',#3881,.T.);
#3011=FACE_OUTER_BOUND('',#3884,.T.);
#3012=FACE_OUTER_BOUND('',#3887,.T.);
#3013=FACE_OUTER_BOUND('',#3890,.T.);
#3014=FACE_OUTER_BOUND('',#3893,.T.);
#3015=FACE_OUTER_BOUND('',#3896,.T.);
#3016=FACE_OUTER_BOUND('',#3899,.T.);
#3017=FACE_OUTER_BOUND('',#3902,.T.);
#3018=FACE_OUTER_BOUND('',#3905,.T.);
#3019=FACE_OUTER_BOUND('',#3908,.T.);
#3020=FACE_OUTER_BOUND('',#3911,.T.);
#3021=FACE_OUTER_BOUND('',#3916,.T.);
#3022=FACE_OUTER_BOUND('',#3917,.T.);
#3023=FACE_OUTER_BOUND('',#3918,.T.);
#3024=FACE_OUTER_BOUND('',#3919,.T.);
#3025=FACE_OUTER_BOUND('',#3923,.T.);
#3026=FACE_OUTER_BOUND('',#3926,.T.);
#3027=FACE_OUTER_BOUND('',#3927,.T.);
#3028=FACE_OUTER_BOUND('',#3930,.T.);
#3029=FACE_OUTER_BOUND('',#3933,.T.);
#3030=FACE_OUTER_BOUND('',#3936,.T.);
#3031=FACE_OUTER_BOUND('',#3939,.T.);
#3032=FACE_OUTER_BOUND('',#3942,.T.);
#3033=FACE_OUTER_BOUND('',#3945,.T.);
#3034=FACE_OUTER_BOUND('',#3946,.T.);
#3035=FACE_OUTER_BOUND('',#3947,.T.);
#3036=FACE_OUTER_BOUND('',#3948,.T.);
#3037=FACE_OUTER_BOUND('',#3949,.T.);
#3038=FACE_OUTER_BOUND('',#3950,.T.);
#3039=FACE_OUTER_BOUND('',#3951,.T.);
#3040=FACE_OUTER_BOUND('',#3952,.T.);
#3041=FACE_OUTER_BOUND('',#3953,.T.);
#3042=FACE_OUTER_BOUND('',#3954,.T.);
#3043=FACE_OUTER_BOUND('',#4052,.T.);
#3044=FACE_OUTER_BOUND('',#4053,.T.);
#3045=FACE_OUTER_BOUND('',#4054,.T.);
#3046=FACE_OUTER_BOUND('',#4055,.T.);
#3047=FACE_OUTER_BOUND('',#4056,.T.);
#3048=FACE_OUTER_BOUND('',#4057,.T.);
#3049=FACE_OUTER_BOUND('',#4058,.T.);
#3050=FACE_OUTER_BOUND('',#4059,.T.);
#3051=FACE_OUTER_BOUND('',#4060,.T.);
#3052=FACE_OUTER_BOUND('',#4061,.T.);
#3053=FACE_OUTER_BOUND('',#4062,.T.);
#3054=FACE_OUTER_BOUND('',#4063,.T.);
#3055=FACE_OUTER_BOUND('',#4064,.T.);
#3056=FACE_OUTER_BOUND('',#4065,.T.);
#3057=FACE_OUTER_BOUND('',#4068,.T.);
#3058=FACE_OUTER_BOUND('',#4069,.T.);
#3059=FACE_OUTER_BOUND('',#4070,.T.);
#3060=FACE_OUTER_BOUND('',#4071,.T.);
#3061=FACE_OUTER_BOUND('',#4072,.T.);
#3062=FACE_OUTER_BOUND('',#4073,.T.);
#3063=FACE_OUTER_BOUND('',#4074,.T.);
#3064=FACE_OUTER_BOUND('',#4075,.T.);
#3065=FACE_OUTER_BOUND('',#4076,.T.);
#3066=FACE_OUTER_BOUND('',#4077,.T.);
#3067=FACE_OUTER_BOUND('',#4179,.T.);
#3068=EDGE_LOOP('',(#4180));
#3069=EDGE_LOOP('',(#4181));
#3070=EDGE_LOOP('',(#4182));
#3071=EDGE_LOOP('',(#4183));
#3072=EDGE_LOOP('',(#4184));
#3073=EDGE_LOOP('',(#4185));
#3074=EDGE_LOOP('',(#4186));
#3075=EDGE_LOOP('',(#4187));
#3076=EDGE_LOOP('',(#4188));
#3077=EDGE_LOOP('',(#4189,#4190));
#3078=EDGE_LOOP('',(#4191));
#3079=EDGE_LOOP('',(#4192,#4193));
#3080=EDGE_LOOP('',(#4194));
#3081=EDGE_LOOP('',(#4195,#4196));
#3082=EDGE_LOOP('',(#4197));
#3083=EDGE_LOOP('',(#4198));
#3084=EDGE_LOOP('',(#4199,#4200));
#3085=EDGE_LOOP('',(#4201,#4202));
#3086=EDGE_LOOP('',(#4203));
#3087=EDGE_LOOP('',(#4204));
#3088=EDGE_LOOP('',(#4205,#4206));
#3089=EDGE_LOOP('',(#4207));
#3090=EDGE_LOOP('',(#4208,#4209));
#3091=EDGE_LOOP('',(#4210));
#3092=EDGE_LOOP('',(#4211,#4212));
#3093=EDGE_LOOP('',(#4213,#4214));
#3094=EDGE_LOOP('',(#4215));
#3095=EDGE_LOOP('',(#4216));
#3096=EDGE_LOOP('',(#4217));
#3097=EDGE_LOOP('',(#4218));
#3098=EDGE_LOOP('',(#4219));
#3099=EDGE_LOOP('',(#4220));
#3100=EDGE_LOOP('',(#4221));
#3101=EDGE_LOOP('',(#4222));
#3102=EDGE_LOOP('',(#4223));
#3103=EDGE_LOOP('',(#4224));
#3104=EDGE_LOOP('',(#4225,#4226));
#3105=EDGE_LOOP('',(#4227));
#3106=EDGE_LOOP('',(#4228,#4229));
#3107=EDGE_LOOP('',(#4230));
#3108=EDGE_LOOP('',(#4231,#4232));
#3109=EDGE_LOOP('',(#4233));
#3110=EDGE_LOOP('',(#4234));
#3111=EDGE_LOOP('',(#4235,#4236));
#3112=EDGE_LOOP('',(#4237,#4238));
#3113=EDGE_LOOP('',(#4239));
#3114=EDGE_LOOP('',(#4240));
#3115=EDGE_LOOP('',(#4241,#4242));
#3116=EDGE_LOOP('',(#4243));
#3117=EDGE_LOOP('',(#4244,#4245));
#3118=EDGE_LOOP('',(#4246));
#3119=EDGE_LOOP('',(#4247,#4248));
#3120=EDGE_LOOP('',(#4249,#4250));
#3121=EDGE_LOOP('',(#4251));
#3122=EDGE_LOOP('',(#4252));
#3123=EDGE_LOOP('',(#4253));
#3124=EDGE_LOOP('',(#4254));
#3125=EDGE_LOOP('',(#4255));
#3126=EDGE_LOOP('',(#4256));
#3127=EDGE_LOOP('',(#4257));
#3128=EDGE_LOOP('',(#4258));
#3129=EDGE_LOOP('',(#4259));
#3130=EDGE_LOOP('',(#4260));
#3131=EDGE_LOOP('',(#4261,#4262));
#3132=EDGE_LOOP('',(#4263));
#3133=EDGE_LOOP('',(#4264,#4265));
#3134=EDGE_LOOP('',(#4266));
#3135=EDGE_LOOP('',(#4267,#4268));
#3136=EDGE_LOOP('',(#4269));
#3137=EDGE_LOOP('',(#4270));
#3138=EDGE_LOOP('',(#4271,#4272));
#3139=EDGE_LOOP('',(#4273,#4274));
#3140=EDGE_LOOP('',(#4275));
#3141=EDGE_LOOP('',(#4276));
#3142=EDGE_LOOP('',(#4277,#4278));
#3143=EDGE_LOOP('',(#4279));
#3144=EDGE_LOOP('',(#4280,#4281));
#3145=EDGE_LOOP('',(#4282));
#3146=EDGE_LOOP('',(#4283,#4284));
#3147=EDGE_LOOP('',(#4285,#4286));
#3148=EDGE_LOOP('',(#4287));
#3149=EDGE_LOOP('',(#4288));
#3150=EDGE_LOOP('',(#4289));
#3151=EDGE_LOOP('',(#4290));
#3152=EDGE_LOOP('',(#4291));
#3153=EDGE_LOOP('',(#4292));
#3154=EDGE_LOOP('',(#4293));
#3155=EDGE_LOOP('',(#4294));
#3156=EDGE_LOOP('',(#4295));
#3157=EDGE_LOOP('',(#4296));
#3158=EDGE_LOOP('',(#4297,#4298));
#3159=EDGE_LOOP('',(#4299));
#3160=EDGE_LOOP('',(#4300,#4301));
#3161=EDGE_LOOP('',(#4302));
#3162=EDGE_LOOP('',(#4303,#4304));
#3163=EDGE_LOOP('',(#4305));
#3164=EDGE_LOOP('',(#4306));
#3165=EDGE_LOOP('',(#4307,#4308));
#3166=EDGE_LOOP('',(#4309,#4310));
#3167=EDGE_LOOP('',(#4311));
#3168=EDGE_LOOP('',(#4312));
#3169=EDGE_LOOP('',(#4313,#4314));
#3170=EDGE_LOOP('',(#4315));
#3171=EDGE_LOOP('',(#4316,#4317));
#3172=EDGE_LOOP('',(#4318));
#3173=EDGE_LOOP('',(#4319,#4320));
#3174=EDGE_LOOP('',(#4321,#4322));
#3175=EDGE_LOOP('',(#4323));
#3176=EDGE_LOOP('',(#4324));
#3177=EDGE_LOOP('',(#4325));
#3178=EDGE_LOOP('',(#4326));
#3179=EDGE_LOOP('',(#4327));
#3180=EDGE_LOOP('',(#4328));
#3181=EDGE_LOOP('',(#4329));
#3182=EDGE_LOOP('',(#4330));
#3183=EDGE_LOOP('',(#4331));
#3184=EDGE_LOOP('',(#4332));
#3185=EDGE_LOOP('',(#4333,#4334));
#3186=EDGE_LOOP('',(#4335));
#3187=EDGE_LOOP('',(#4336,#4337));
#3188=EDGE_LOOP('',(#4338));
#3189=EDGE_LOOP('',(#4339,#4340));
#3190=EDGE_LOOP('',(#4341));
#3191=EDGE_LOOP('',(#4342));
#3192=EDGE_LOOP('',(#4343,#4344));
#3193=EDGE_LOOP('',(#4345,#4346));
#3194=EDGE_LOOP('',(#4347));
#3195=EDGE_LOOP('',(#4348));
#3196=EDGE_LOOP('',(#4349,#4350));
#3197=EDGE_LOOP('',(#4351));
#3198=EDGE_LOOP('',(#4352,#4353));
#3199=EDGE_LOOP('',(#4354));
#3200=EDGE_LOOP('',(#4355,#4356));
#3201=EDGE_LOOP('',(#4357,#4358));
#3202=EDGE_LOOP('',(#4359));
#3203=EDGE_LOOP('',(#4360));
#3204=EDGE_LOOP('',(#4361));
#3205=EDGE_LOOP('',(#4362));
#3206=EDGE_LOOP('',(#4363));
#3207=EDGE_LOOP('',(#4364));
#3208=EDGE_LOOP('',(#4365));
#3209=EDGE_LOOP('',(#4366));
#3210=EDGE_LOOP('',(#4367));
#3211=EDGE_LOOP('',(#4368));
#3212=EDGE_LOOP('',(#4369,#4370));
#3213=EDGE_LOOP('',(#4371));
#3214=EDGE_LOOP('',(#4372,#4373));
#3215=EDGE_LOOP('',(#4374));
#3216=EDGE_LOOP('',(#4375,#4376));
#3217=EDGE_LOOP('',(#4377));
#3218=EDGE_LOOP('',(#4378));
#3219=EDGE_LOOP('',(#4379,#4380));
#3220=EDGE_LOOP('',(#4381,#4382));
#3221=EDGE_LOOP('',(#4383));
#3222=EDGE_LOOP('',(#4384));
#3223=EDGE_LOOP('',(#4385,#4386));
#3224=EDGE_LOOP('',(#4387));
#3225=EDGE_LOOP('',(#4388,#4389));
#3226=EDGE_LOOP('',(#4390));
#3227=EDGE_LOOP('',(#4391,#4392));
#3228=EDGE_LOOP('',(#4393,#4394));
#3229=EDGE_LOOP('',(#4395));
#3230=EDGE_LOOP('',(#4396));
#3231=EDGE_LOOP('',(#4397));
#3232=EDGE_LOOP('',(#4398));
#3233=EDGE_LOOP('',(#4399));
#3234=EDGE_LOOP('',(#4400));
#3235=EDGE_LOOP('',(#4401));
#3236=EDGE_LOOP('',(#4402));
#3237=EDGE_LOOP('',(#4403));
#3238=EDGE_LOOP('',(#4404));
#3239=EDGE_LOOP('',(#4405,#4406));
#3240=EDGE_LOOP('',(#4407));
#3241=EDGE_LOOP('',(#4408,#4409));
#3242=EDGE_LOOP('',(#4410));
#3243=EDGE_LOOP('',(#4411,#4412));
#3244=EDGE_LOOP('',(#4413));
#3245=EDGE_LOOP('',(#4414));
#3246=EDGE_LOOP('',(#4415,#4416));
#3247=EDGE_LOOP('',(#4417,#4418));
#3248=EDGE_LOOP('',(#4419));
#3249=EDGE_LOOP('',(#4420));
#3250=EDGE_LOOP('',(#4421,#4422));
#3251=EDGE_LOOP('',(#4423));
#3252=EDGE_LOOP('',(#4424,#4425));
#3253=EDGE_LOOP('',(#4426));
#3254=EDGE_LOOP('',(#4427,#4428));
#3255=EDGE_LOOP('',(#4429,#4430));
#3256=EDGE_LOOP('',(#4431));
#3257=EDGE_LOOP('',(#4432));
#3258=EDGE_LOOP('',(#4433));
#3259=EDGE_LOOP('',(#4434));
#3260=EDGE_LOOP('',(#4435));
#3261=EDGE_LOOP('',(#4436));
#3262=EDGE_LOOP('',(#4437));
#3263=EDGE_LOOP('',(#4438));
#3264=EDGE_LOOP('',(#4439));
#3265=EDGE_LOOP('',(#4440));
#3266=EDGE_LOOP('',(#4441,#4442));
#3267=EDGE_LOOP('',(#4443));
#3268=EDGE_LOOP('',(#4444,#4445));
#3269=EDGE_LOOP('',(#4446));
#3270=EDGE_LOOP('',(#4447,#4448));
#3271=EDGE_LOOP('',(#4449));
#3272=EDGE_LOOP('',(#4450));
#3273=EDGE_LOOP('',(#4451,#4452));
#3274=EDGE_LOOP('',(#4453,#4454));
#3275=EDGE_LOOP('',(#4455));
#3276=EDGE_LOOP('',(#4456));
#3277=EDGE_LOOP('',(#4457,#4458));
#3278=EDGE_LOOP('',(#4459));
#3279=EDGE_LOOP('',(#4460,#4461));
#3280=EDGE_LOOP('',(#4462));
#3281=EDGE_LOOP('',(#4463,#4464));
#3282=EDGE_LOOP('',(#4465,#4466));
#3283=EDGE_LOOP('',(#4467));
#3284=EDGE_LOOP('',(#4468));
#3285=EDGE_LOOP('',(#4469));
#3286=EDGE_LOOP('',(#4470));
#3287=EDGE_LOOP('',(#4471));
#3288=EDGE_LOOP('',(#4472));
#3289=EDGE_LOOP('',(#4473));
#3290=EDGE_LOOP('',(#4474));
#3291=EDGE_LOOP('',(#4475));
#3292=EDGE_LOOP('',(#4476));
#3293=EDGE_LOOP('',(#4477,#4478));
#3294=EDGE_LOOP('',(#4479));
#3295=EDGE_LOOP('',(#4480,#4481));
#3296=EDGE_LOOP('',(#4482));
#3297=EDGE_LOOP('',(#4483,#4484));
#3298=EDGE_LOOP('',(#4485));
#3299=EDGE_LOOP('',(#4486));
#3300=EDGE_LOOP('',(#4487,#4488));
#3301=EDGE_LOOP('',(#4489,#4490));
#3302=EDGE_LOOP('',(#4491));
#3303=EDGE_LOOP('',(#4492));
#3304=EDGE_LOOP('',(#4493,#4494));
#3305=EDGE_LOOP('',(#4495));
#3306=EDGE_LOOP('',(#4496,#4497));
#3307=EDGE_LOOP('',(#4498));
#3308=EDGE_LOOP('',(#4499,#4500));
#3309=EDGE_LOOP('',(#4501,#4502));
#3310=EDGE_LOOP('',(#4503));
#3311=EDGE_LOOP('',(#4504));
#3312=EDGE_LOOP('',(#4505));
#3313=EDGE_LOOP('',(#4506));
#3314=EDGE_LOOP('',(#4507));
#3315=EDGE_LOOP('',(#4508));
#3316=EDGE_LOOP('',(#4509));
#3317=EDGE_LOOP('',(#4510));
#3318=EDGE_LOOP('',(#4511));
#3319=EDGE_LOOP('',(#4512));
#3320=EDGE_LOOP('',(#4513,#4514));
#3321=EDGE_LOOP('',(#4515));
#3322=EDGE_LOOP('',(#4516,#4517));
#3323=EDGE_LOOP('',(#4518));
#3324=EDGE_LOOP('',(#4519,#4520));
#3325=EDGE_LOOP('',(#4521));
#3326=EDGE_LOOP('',(#4522));
#3327=EDGE_LOOP('',(#4523,#4524));
#3328=EDGE_LOOP('',(#4525,#4526));
#3329=EDGE_LOOP('',(#4527));
#3330=EDGE_LOOP('',(#4528));
#3331=EDGE_LOOP('',(#4529,#4530));
#3332=EDGE_LOOP('',(#4531));
#3333=EDGE_LOOP('',(#4532,#4533));
#3334=EDGE_LOOP('',(#4534));
#3335=EDGE_LOOP('',(#4535,#4536));
#3336=EDGE_LOOP('',(#4537,#4538));
#3337=EDGE_LOOP('',(#4539));
#3338=EDGE_LOOP('',(#4540));
#3339=EDGE_LOOP('',(#4541));
#3340=EDGE_LOOP('',(#4542));
#3341=EDGE_LOOP('',(#4543));
#3342=EDGE_LOOP('',(#4544));
#3343=EDGE_LOOP('',(#4545));
#3344=EDGE_LOOP('',(#4546));
#3345=EDGE_LOOP('',(#4547));
#3346=EDGE_LOOP('',(#4548));
#3347=EDGE_LOOP('',(#4549,#4550));
#3348=EDGE_LOOP('',(#4551));
#3349=EDGE_LOOP('',(#4552,#4553));
#3350=EDGE_LOOP('',(#4554));
#3351=EDGE_LOOP('',(#4555,#4556));
#3352=EDGE_LOOP('',(#4557));
#3353=EDGE_LOOP('',(#4558));
#3354=EDGE_LOOP('',(#4559,#4560));
#3355=EDGE_LOOP('',(#4561,#4562));
#3356=EDGE_LOOP('',(#4563));
#3357=EDGE_LOOP('',(#4564));
#3358=EDGE_LOOP('',(#4565,#4566));
#3359=EDGE_LOOP('',(#4567));
#3360=EDGE_LOOP('',(#4568,#4569));
#3361=EDGE_LOOP('',(#4570));
#3362=EDGE_LOOP('',(#4571,#4572));
#3363=EDGE_LOOP('',(#4573,#4574));
#3364=EDGE_LOOP('',(#4575));
#3365=EDGE_LOOP('',(#4576));
#3366=EDGE_LOOP('',(#4577));
#3367=EDGE_LOOP('',(#4578));
#3368=EDGE_LOOP('',(#4579));
#3369=EDGE_LOOP('',(#4580));
#3370=EDGE_LOOP('',(#4581));
#3371=EDGE_LOOP('',(#4582));
#3372=EDGE_LOOP('',(#4583));
#3373=EDGE_LOOP('',(#4584));
#3374=EDGE_LOOP('',(#4585,#4586));
#3375=EDGE_LOOP('',(#4587));
#3376=EDGE_LOOP('',(#4588,#4589));
#3377=EDGE_LOOP('',(#4590));
#3378=EDGE_LOOP('',(#4591,#4592));
#3379=EDGE_LOOP('',(#4593));
#3380=EDGE_LOOP('',(#4594));
#3381=EDGE_LOOP('',(#4595,#4596));
#3382=EDGE_LOOP('',(#4597,#4598));
#3383=EDGE_LOOP('',(#4599));
#3384=EDGE_LOOP('',(#4600));
#3385=EDGE_LOOP('',(#4601,#4602));
#3386=EDGE_LOOP('',(#4603));
#3387=EDGE_LOOP('',(#4604,#4605));
#3388=EDGE_LOOP('',(#4606));
#3389=EDGE_LOOP('',(#4607,#4608));
#3390=EDGE_LOOP('',(#4609,#4610));
#3391=EDGE_LOOP('',(#4611));
#3392=EDGE_LOOP('',(#4612));
#3393=EDGE_LOOP('',(#4613));
#3394=EDGE_LOOP('',(#4614));
#3395=EDGE_LOOP('',(#4615));
#3396=EDGE_LOOP('',(#4616));
#3397=EDGE_LOOP('',(#4617));
#3398=EDGE_LOOP('',(#4618));
#3399=EDGE_LOOP('',(#4619));
#3400=EDGE_LOOP('',(#4620));
#3401=EDGE_LOOP('',(#4621,#4622));
#3402=EDGE_LOOP('',(#4623));
#3403=EDGE_LOOP('',(#4624,#4625));
#3404=EDGE_LOOP('',(#4626));
#3405=EDGE_LOOP('',(#4627,#4628));
#3406=EDGE_LOOP('',(#4629));
#3407=EDGE_LOOP('',(#4630));
#3408=EDGE_LOOP('',(#4631,#4632));
#3409=EDGE_LOOP('',(#4633,#4634));
#3410=EDGE_LOOP('',(#4635));
#3411=EDGE_LOOP('',(#4636));
#3412=EDGE_LOOP('',(#4637,#4638));
#3413=EDGE_LOOP('',(#4639));
#3414=EDGE_LOOP('',(#4640,#4641));
#3415=EDGE_LOOP('',(#4642));
#3416=EDGE_LOOP('',(#4643,#4644));
#3417=EDGE_LOOP('',(#4645,#4646));
#3418=EDGE_LOOP('',(#4647));
#3419=EDGE_LOOP('',(#4648));
#3420=EDGE_LOOP('',(#4649));
#3421=EDGE_LOOP('',(#4650));
#3422=EDGE_LOOP('',(#4651));
#3423=EDGE_LOOP('',(#4652));
#3424=EDGE_LOOP('',(#4653));
#3425=EDGE_LOOP('',(#4654));
#3426=EDGE_LOOP('',(#4655));
#3427=EDGE_LOOP('',(#4656));
#3428=EDGE_LOOP('',(#4657,#4658));
#3429=EDGE_LOOP('',(#4659));
#3430=EDGE_LOOP('',(#4660,#4661));
#3431=EDGE_LOOP('',(#4662));
#3432=EDGE_LOOP('',(#4663,#4664));
#3433=EDGE_LOOP('',(#4665));
#3434=EDGE_LOOP('',(#4666));
#3435=EDGE_LOOP('',(#4667,#4668));
#3436=EDGE_LOOP('',(#4669,#4670));
#3437=EDGE_LOOP('',(#4671));
#3438=EDGE_LOOP('',(#4672));
#3439=EDGE_LOOP('',(#4673,#4674));
#3440=EDGE_LOOP('',(#4675));
#3441=EDGE_LOOP('',(#4676,#4677));
#3442=EDGE_LOOP('',(#4678));
#3443=EDGE_LOOP('',(#4679,#4680));
#3444=EDGE_LOOP('',(#4681,#4682));
#3445=EDGE_LOOP('',(#4683));
#3446=EDGE_LOOP('',(#4684));
#3447=EDGE_LOOP('',(#4685));
#3448=EDGE_LOOP('',(#4686));
#3449=EDGE_LOOP('',(#4687));
#3450=EDGE_LOOP('',(#4688));
#3451=EDGE_LOOP('',(#4689));
#3452=EDGE_LOOP('',(#4690));
#3453=EDGE_LOOP('',(#4691));
#3454=EDGE_LOOP('',(#4692));
#3455=EDGE_LOOP('',(#4693,#4694));
#3456=EDGE_LOOP('',(#4695));
#3457=EDGE_LOOP('',(#4696,#4697));
#3458=EDGE_LOOP('',(#4698));
#3459=EDGE_LOOP('',(#4699,#4700));
#3460=EDGE_LOOP('',(#4701));
#3461=EDGE_LOOP('',(#4702));
#3462=EDGE_LOOP('',(#4703,#4704));
#3463=EDGE_LOOP('',(#4705,#4706));
#3464=EDGE_LOOP('',(#4707));
#3465=EDGE_LOOP('',(#4708));
#3466=EDGE_LOOP('',(#4709,#4710));
#3467=EDGE_LOOP('',(#4711));
#3468=EDGE_LOOP('',(#4712,#4713));
#3469=EDGE_LOOP('',(#4714));
#3470=EDGE_LOOP('',(#4715,#4716));
#3471=EDGE_LOOP('',(#4717,#4718));
#3472=EDGE_LOOP('',(#4719));
#3473=EDGE_LOOP('',(#4720));
#3474=EDGE_LOOP('',(#4721));
#3475=EDGE_LOOP('',(#4722));
#3476=EDGE_LOOP('',(#4723));
#3477=EDGE_LOOP('',(#4724));
#3478=EDGE_LOOP('',(#4725));
#3479=EDGE_LOOP('',(#4726));
#3480=EDGE_LOOP('',(#4727));
#3481=EDGE_LOOP('',(#4728));
#3482=EDGE_LOOP('',(#4729,#4730));
#3483=EDGE_LOOP('',(#4731));
#3484=EDGE_LOOP('',(#4732,#4733));
#3485=EDGE_LOOP('',(#4734));
#3486=EDGE_LOOP('',(#4735,#4736));
#3487=EDGE_LOOP('',(#4737));
#3488=EDGE_LOOP('',(#4738));
#3489=EDGE_LOOP('',(#4739,#4740));
#3490=EDGE_LOOP('',(#4741,#4742));
#3491=EDGE_LOOP('',(#4743));
#3492=EDGE_LOOP('',(#4744));
#3493=EDGE_LOOP('',(#4745,#4746));
#3494=EDGE_LOOP('',(#4747));
#3495=EDGE_LOOP('',(#4748,#4749));
#3496=EDGE_LOOP('',(#4750));
#3497=EDGE_LOOP('',(#4751,#4752));
#3498=EDGE_LOOP('',(#4753,#4754));
#3499=EDGE_LOOP('',(#4755));
#3500=EDGE_LOOP('',(#4756));
#3501=EDGE_LOOP('',(#4757));
#3502=EDGE_LOOP('',(#4758));
#3503=EDGE_LOOP('',(#4759));
#3504=EDGE_LOOP('',(#4760));
#3505=EDGE_LOOP('',(#4761));
#3506=EDGE_LOOP('',(#4762));
#3507=EDGE_LOOP('',(#4763));
#3508=EDGE_LOOP('',(#4764));
#3509=EDGE_LOOP('',(#4765,#4766));
#3510=EDGE_LOOP('',(#4767));
#3511=EDGE_LOOP('',(#4768,#4769));
#3512=EDGE_LOOP('',(#4770));
#3513=EDGE_LOOP('',(#4771,#4772));
#3514=EDGE_LOOP('',(#4773));
#3515=EDGE_LOOP('',(#4774));
#3516=EDGE_LOOP('',(#4775,#4776));
#3517=EDGE_LOOP('',(#4777,#4778));
#3518=EDGE_LOOP('',(#4779));
#3519=EDGE_LOOP('',(#4780));
#3520=EDGE_LOOP('',(#4781,#4782));
#3521=EDGE_LOOP('',(#4783));
#3522=EDGE_LOOP('',(#4784,#4785));
#3523=EDGE_LOOP('',(#4786));
#3524=EDGE_LOOP('',(#4787,#4788));
#3525=EDGE_LOOP('',(#4789,#4790));
#3526=EDGE_LOOP('',(#4791));
#3527=EDGE_LOOP('',(#4792));
#3528=EDGE_LOOP('',(#4793));
#3529=EDGE_LOOP('',(#4794));
#3530=EDGE_LOOP('',(#4795));
#3531=EDGE_LOOP('',(#4796));
#3532=EDGE_LOOP('',(#4797));
#3533=EDGE_LOOP('',(#4798));
#3534=EDGE_LOOP('',(#4799));
#3535=EDGE_LOOP('',(#4800));
#3536=EDGE_LOOP('',(#4801,#4802));
#3537=EDGE_LOOP('',(#4803));
#3538=EDGE_LOOP('',(#4804,#4805));
#3539=EDGE_LOOP('',(#4806));
#3540=EDGE_LOOP('',(#4807,#4808));
#3541=EDGE_LOOP('',(#4809));
#3542=EDGE_LOOP('',(#4810));
#3543=EDGE_LOOP('',(#4811,#4812));
#3544=EDGE_LOOP('',(#4813,#4814));
#3545=EDGE_LOOP('',(#4815));
#3546=EDGE_LOOP('',(#4816));
#3547=EDGE_LOOP('',(#4817,#4818));
#3548=EDGE_LOOP('',(#4819));
#3549=EDGE_LOOP('',(#4820,#4821));
#3550=EDGE_LOOP('',(#4822));
#3551=EDGE_LOOP('',(#4823,#4824));
#3552=EDGE_LOOP('',(#4825,#4826));
#3553=EDGE_LOOP('',(#4827));
#3554=EDGE_LOOP('',(#4828));
#3555=EDGE_LOOP('',(#4829));
#3556=EDGE_LOOP('',(#4830));
#3557=EDGE_LOOP('',(#4831));
#3558=EDGE_LOOP('',(#4832));
#3559=EDGE_LOOP('',(#4833));
#3560=EDGE_LOOP('',(#4834));
#3561=EDGE_LOOP('',(#4835));
#3562=EDGE_LOOP('',(#4836));
#3563=EDGE_LOOP('',(#4837,#4838));
#3564=EDGE_LOOP('',(#4839));
#3565=EDGE_LOOP('',(#4840,#4841));
#3566=EDGE_LOOP('',(#4842));
#3567=EDGE_LOOP('',(#4843,#4844));
#3568=EDGE_LOOP('',(#4845));
#3569=EDGE_LOOP('',(#4846));
#3570=EDGE_LOOP('',(#4847,#4848));
#3571=EDGE_LOOP('',(#4849,#4850));
#3572=EDGE_LOOP('',(#4851));
#3573=EDGE_LOOP('',(#4852));
#3574=EDGE_LOOP('',(#4853,#4854));
#3575=EDGE_LOOP('',(#4855));
#3576=EDGE_LOOP('',(#4856,#4857));
#3577=EDGE_LOOP('',(#4858));
#3578=EDGE_LOOP('',(#4859,#4860));
#3579=EDGE_LOOP('',(#4861,#4862));
#3580=EDGE_LOOP('',(#4863));
#3581=EDGE_LOOP('',(#4864));
#3582=EDGE_LOOP('',(#4865));
#3583=EDGE_LOOP('',(#4866));
#3584=EDGE_LOOP('',(#4867));
#3585=EDGE_LOOP('',(#4868));
#3586=EDGE_LOOP('',(#4869));
#3587=EDGE_LOOP('',(#4870));
#3588=EDGE_LOOP('',(#4871));
#3589=EDGE_LOOP('',(#4872));
#3590=EDGE_LOOP('',(#4873,#4874));
#3591=EDGE_LOOP('',(#4875));
#3592=EDGE_LOOP('',(#4876,#4877));
#3593=EDGE_LOOP('',(#4878));
#3594=EDGE_LOOP('',(#4879,#4880));
#3595=EDGE_LOOP('',(#4881));
#3596=EDGE_LOOP('',(#4882));
#3597=EDGE_LOOP('',(#4883,#4884));
#3598=EDGE_LOOP('',(#4885,#4886));
#3599=EDGE_LOOP('',(#4887));
#3600=EDGE_LOOP('',(#4888));
#3601=EDGE_LOOP('',(#4889,#4890));
#3602=EDGE_LOOP('',(#4891));
#3603=EDGE_LOOP('',(#4892,#4893));
#3604=EDGE_LOOP('',(#4894));
#3605=EDGE_LOOP('',(#4895,#4896));
#3606=EDGE_LOOP('',(#4897,#4898));
#3607=EDGE_LOOP('',(#4899));
#3608=EDGE_LOOP('',(#4900));
#3609=EDGE_LOOP('',(#4901));
#3610=EDGE_LOOP('',(#4902));
#3611=EDGE_LOOP('',(#4903));
#3612=EDGE_LOOP('',(#4904));
#3613=EDGE_LOOP('',(#4905));
#3614=EDGE_LOOP('',(#4906));
#3615=EDGE_LOOP('',(#4907));
#3616=EDGE_LOOP('',(#4908));
#3617=EDGE_LOOP('',(#4909,#4910));
#3618=EDGE_LOOP('',(#4911));
#3619=EDGE_LOOP('',(#4912,#4913));
#3620=EDGE_LOOP('',(#4914));
#3621=EDGE_LOOP('',(#4915,#4916));
#3622=EDGE_LOOP('',(#4917));
#3623=EDGE_LOOP('',(#4918));
#3624=EDGE_LOOP('',(#4919,#4920));
#3625=EDGE_LOOP('',(#4921,#4922));
#3626=EDGE_LOOP('',(#4923));
#3627=EDGE_LOOP('',(#4924));
#3628=EDGE_LOOP('',(#4925,#4926));
#3629=EDGE_LOOP('',(#4927));
#3630=EDGE_LOOP('',(#4928,#4929));
#3631=EDGE_LOOP('',(#4930));
#3632=EDGE_LOOP('',(#4931,#4932));
#3633=EDGE_LOOP('',(#4933,#4934));
#3634=EDGE_LOOP('',(#4935));
#3635=EDGE_LOOP('',(#4936));
#3636=EDGE_LOOP('',(#4937));
#3637=EDGE_LOOP('',(#4938));
#3638=EDGE_LOOP('',(#4939));
#3639=EDGE_LOOP('',(#4940));
#3640=EDGE_LOOP('',(#4941));
#3641=EDGE_LOOP('',(#4942));
#3642=EDGE_LOOP('',(#4943));
#3643=EDGE_LOOP('',(#4944));
#3644=EDGE_LOOP('',(#4945,#4946));
#3645=EDGE_LOOP('',(#4947));
#3646=EDGE_LOOP('',(#4948,#4949));
#3647=EDGE_LOOP('',(#4950));
#3648=EDGE_LOOP('',(#4951,#4952));
#3649=EDGE_LOOP('',(#4953));
#3650=EDGE_LOOP('',(#4954));
#3651=EDGE_LOOP('',(#4955,#4956));
#3652=EDGE_LOOP('',(#4957,#4958));
#3653=EDGE_LOOP('',(#4959));
#3654=EDGE_LOOP('',(#4960));
#3655=EDGE_LOOP('',(#4961,#4962));
#3656=EDGE_LOOP('',(#4963));
#3657=EDGE_LOOP('',(#4964,#4965));
#3658=EDGE_LOOP('',(#4966));
#3659=EDGE_LOOP('',(#4967,#4968));
#3660=EDGE_LOOP('',(#4969,#4970));
#3661=EDGE_LOOP('',(#4971));
#3662=EDGE_LOOP('',(#4972));
#3663=EDGE_LOOP('',(#4973));
#3664=EDGE_LOOP('',(#4974));
#3665=EDGE_LOOP('',(#4975));
#3666=EDGE_LOOP('',(#4976));
#3667=EDGE_LOOP('',(#4977));
#3668=EDGE_LOOP('',(#4978));
#3669=EDGE_LOOP('',(#4979));
#3670=EDGE_LOOP('',(#4980));
#3671=EDGE_LOOP('',(#4981,#4982));
#3672=EDGE_LOOP('',(#4983));
#3673=EDGE_LOOP('',(#4984,#4985));
#3674=EDGE_LOOP('',(#4986));
#3675=EDGE_LOOP('',(#4987,#4988));
#3676=EDGE_LOOP('',(#4989));
#3677=EDGE_LOOP('',(#4990));
#3678=EDGE_LOOP('',(#4991,#4992));
#3679=EDGE_LOOP('',(#4993,#4994));
#3680=EDGE_LOOP('',(#4995));
#3681=EDGE_LOOP('',(#4996));
#3682=EDGE_LOOP('',(#4997,#4998));
#3683=EDGE_LOOP('',(#4999));
#3684=EDGE_LOOP('',(#5000,#5001));
#3685=EDGE_LOOP('',(#5002));
#3686=EDGE_LOOP('',(#5003,#5004));
#3687=EDGE_LOOP('',(#5005,#5006));
#3688=EDGE_LOOP('',(#5007));
#3689=EDGE_LOOP('',(#5008));
#3690=EDGE_LOOP('',(#5009));
#3691=EDGE_LOOP('',(#5010));
#3692=EDGE_LOOP('',(#5011));
#3693=EDGE_LOOP('',(#5012));
#3694=EDGE_LOOP('',(#5013));
#3695=EDGE_LOOP('',(#5014));
#3696=EDGE_LOOP('',(#5015));
#3697=EDGE_LOOP('',(#5016));
#3698=EDGE_LOOP('',(#5017,#5018));
#3699=EDGE_LOOP('',(#5019));
#3700=EDGE_LOOP('',(#5020,#5021));
#3701=EDGE_LOOP('',(#5022));
#3702=EDGE_LOOP('',(#5023,#5024));
#3703=EDGE_LOOP('',(#5025));
#3704=EDGE_LOOP('',(#5026));
#3705=EDGE_LOOP('',(#5027,#5028));
#3706=EDGE_LOOP('',(#5029,#5030));
#3707=EDGE_LOOP('',(#5031));
#3708=EDGE_LOOP('',(#5032));
#3709=EDGE_LOOP('',(#5033,#5034));
#3710=EDGE_LOOP('',(#5035));
#3711=EDGE_LOOP('',(#5036,#5037));
#3712=EDGE_LOOP('',(#5038));
#3713=EDGE_LOOP('',(#5039,#5040));
#3714=EDGE_LOOP('',(#5041,#5042));
#3715=EDGE_LOOP('',(#5043));
#3716=EDGE_LOOP('',(#5044));
#3717=EDGE_LOOP('',(#5045));
#3718=EDGE_LOOP('',(#5046));
#3719=EDGE_LOOP('',(#5047));
#3720=EDGE_LOOP('',(#5048));
#3721=EDGE_LOOP('',(#5049));
#3722=EDGE_LOOP('',(#5050));
#3723=EDGE_LOOP('',(#5051));
#3724=EDGE_LOOP('',(#5052));
#3725=EDGE_LOOP('',(#5053,#5054));
#3726=EDGE_LOOP('',(#5055));
#3727=EDGE_LOOP('',(#5056,#5057));
#3728=EDGE_LOOP('',(#5058));
#3729=EDGE_LOOP('',(#5059,#5060));
#3730=EDGE_LOOP('',(#5061));
#3731=EDGE_LOOP('',(#5062));
#3732=EDGE_LOOP('',(#5063,#5064));
#3733=EDGE_LOOP('',(#5065,#5066));
#3734=EDGE_LOOP('',(#5067));
#3735=EDGE_LOOP('',(#5068));
#3736=EDGE_LOOP('',(#5069,#5070));
#3737=EDGE_LOOP('',(#5071));
#3738=EDGE_LOOP('',(#5072,#5073));
#3739=EDGE_LOOP('',(#5074));
#3740=EDGE_LOOP('',(#5075,#5076));
#3741=EDGE_LOOP('',(#5077,#5078));
#3742=EDGE_LOOP('',(#5079));
#3743=EDGE_LOOP('',(#5080));
#3744=EDGE_LOOP('',(#5081));
#3745=EDGE_LOOP('',(#5082));
#3746=EDGE_LOOP('',(#5083));
#3747=EDGE_LOOP('',(#5084));
#3748=EDGE_LOOP('',(#5085));
#3749=EDGE_LOOP('',(#5086));
#3750=EDGE_LOOP('',(#5087));
#3751=EDGE_LOOP('',(#5088));
#3752=EDGE_LOOP('',(#5089,#5090));
#3753=EDGE_LOOP('',(#5091));
#3754=EDGE_LOOP('',(#5092,#5093));
#3755=EDGE_LOOP('',(#5094));
#3756=EDGE_LOOP('',(#5095,#5096));
#3757=EDGE_LOOP('',(#5097));
#3758=EDGE_LOOP('',(#5098));
#3759=EDGE_LOOP('',(#5099,#5100));
#3760=EDGE_LOOP('',(#5101,#5102));
#3761=EDGE_LOOP('',(#5103));
#3762=EDGE_LOOP('',(#5104));
#3763=EDGE_LOOP('',(#5105,#5106));
#3764=EDGE_LOOP('',(#5107));
#3765=EDGE_LOOP('',(#5108,#5109));
#3766=EDGE_LOOP('',(#5110));
#3767=EDGE_LOOP('',(#5111,#5112));
#3768=EDGE_LOOP('',(#5113,#5114));
#3769=EDGE_LOOP('',(#5115));
#3770=EDGE_LOOP('',(#5116));
#3771=EDGE_LOOP('',(#5117));
#3772=EDGE_LOOP('',(#5118));
#3773=EDGE_LOOP('',(#5119));
#3774=EDGE_LOOP('',(#5120));
#3775=EDGE_LOOP('',(#5121));
#3776=EDGE_LOOP('',(#5122));
#3777=EDGE_LOOP('',(#5123));
#3778=EDGE_LOOP('',(#5124));
#3779=EDGE_LOOP('',(#5125,#5126));
#3780=EDGE_LOOP('',(#5127));
#3781=EDGE_LOOP('',(#5128,#5129));
#3782=EDGE_LOOP('',(#5130));
#3783=EDGE_LOOP('',(#5131,#5132));
#3784=EDGE_LOOP('',(#5133));
#3785=EDGE_LOOP('',(#5134));
#3786=EDGE_LOOP('',(#5135,#5136));
#3787=EDGE_LOOP('',(#5137,#5138));
#3788=EDGE_LOOP('',(#5139));
#3789=EDGE_LOOP('',(#5140));
#3790=EDGE_LOOP('',(#5141,#5142));
#3791=EDGE_LOOP('',(#5143));
#3792=EDGE_LOOP('',(#5144,#5145));
#3793=EDGE_LOOP('',(#5146));
#3794=EDGE_LOOP('',(#5147,#5148));
#3795=EDGE_LOOP('',(#5149,#5150));
#3796=EDGE_LOOP('',(#5151));
#3797=EDGE_LOOP('',(#5152));
#3798=EDGE_LOOP('',(#5153));
#3799=EDGE_LOOP('',(#5154));
#3800=EDGE_LOOP('',(#5155));
#3801=EDGE_LOOP('',(#5156));
#3802=EDGE_LOOP('',(#5157));
#3803=EDGE_LOOP('',(#5158));
#3804=EDGE_LOOP('',(#5159));
#3805=EDGE_LOOP('',(#5160));
#3806=EDGE_LOOP('',(#5161,#5162));
#3807=EDGE_LOOP('',(#5163));
#3808=EDGE_LOOP('',(#5164,#5165));
#3809=EDGE_LOOP('',(#5166));
#3810=EDGE_LOOP('',(#5167,#5168));
#3811=EDGE_LOOP('',(#5169));
#3812=EDGE_LOOP('',(#5170));
#3813=EDGE_LOOP('',(#5171,#5172));
#3814=EDGE_LOOP('',(#5173,#5174));
#3815=EDGE_LOOP('',(#5175));
#3816=EDGE_LOOP('',(#5176));
#3817=EDGE_LOOP('',(#5177,#5178));
#3818=EDGE_LOOP('',(#5179));
#3819=EDGE_LOOP('',(#5180,#5181));
#3820=EDGE_LOOP('',(#5182));
#3821=EDGE_LOOP('',(#5183,#5184));
#3822=EDGE_LOOP('',(#5185,#5186));
#3823=EDGE_LOOP('',(#5187));
#3824=EDGE_LOOP('',(#5188));
#3825=EDGE_LOOP('',(#5189));
#3826=EDGE_LOOP('',(#5190));
#3827=EDGE_LOOP('',(#5191));
#3828=EDGE_LOOP('',(#5192));
#3829=EDGE_LOOP('',(#5193));
#3830=EDGE_LOOP('',(#5194));
#3831=EDGE_LOOP('',(#5195));
#3832=EDGE_LOOP('',(#5196));
#3833=EDGE_LOOP('',(#5197,#5198));
#3834=EDGE_LOOP('',(#5199));
#3835=EDGE_LOOP('',(#5200,#5201));
#3836=EDGE_LOOP('',(#5202));
#3837=EDGE_LOOP('',(#5203,#5204));
#3838=EDGE_LOOP('',(#5205));
#3839=EDGE_LOOP('',(#5206));
#3840=EDGE_LOOP('',(#5207,#5208));
#3841=EDGE_LOOP('',(#5209,#5210));
#3842=EDGE_LOOP('',(#5211));
#3843=EDGE_LOOP('',(#5212));
#3844=EDGE_LOOP('',(#5213,#5214));
#3845=EDGE_LOOP('',(#5215));
#3846=EDGE_LOOP('',(#5216,#5217));
#3847=EDGE_LOOP('',(#5218));
#3848=EDGE_LOOP('',(#5219,#5220));
#3849=EDGE_LOOP('',(#5221,#5222));
#3850=EDGE_LOOP('',(#5223));
#3851=EDGE_LOOP('',(#5224));
#3852=EDGE_LOOP('',(#5225));
#3853=EDGE_LOOP('',(#5226));
#3854=EDGE_LOOP('',(#5227));
#3855=EDGE_LOOP('',(#5228));
#3856=EDGE_LOOP('',(#5229));
#3857=EDGE_LOOP('',(#5230));
#3858=EDGE_LOOP('',(#5231));
#3859=EDGE_LOOP('',(#5232));
#3860=EDGE_LOOP('',(#5233,#5234));
#3861=EDGE_LOOP('',(#5235));
#3862=EDGE_LOOP('',(#5236,#5237));
#3863=EDGE_LOOP('',(#5238));
#3864=EDGE_LOOP('',(#5239,#5240));
#3865=EDGE_LOOP('',(#5241));
#3866=EDGE_LOOP('',(#5242));
#3867=EDGE_LOOP('',(#5243,#5244));
#3868=EDGE_LOOP('',(#5245,#5246));
#3869=EDGE_LOOP('',(#5247));
#3870=EDGE_LOOP('',(#5248));
#3871=EDGE_LOOP('',(#5249,#5250));
#3872=EDGE_LOOP('',(#5251));
#3873=EDGE_LOOP('',(#5252,#5253));
#3874=EDGE_LOOP('',(#5254));
#3875=EDGE_LOOP('',(#5255,#5256));
#3876=EDGE_LOOP('',(#5257,#5258));
#3877=EDGE_LOOP('',(#5259));
#3878=EDGE_LOOP('',(#5260));
#3879=EDGE_LOOP('',(#5261));
#3880=EDGE_LOOP('',(#5262,#5263));
#3881=EDGE_LOOP('',(#5264));
#3882=EDGE_LOOP('',(#5265));
#3883=EDGE_LOOP('',(#5266,#5267));
#3884=EDGE_LOOP('',(#5268,#5269));
#3885=EDGE_LOOP('',(#5270,#5271));
#3886=EDGE_LOOP('',(#5272));
#3887=EDGE_LOOP('',(#5273));
#3888=EDGE_LOOP('',(#5274));
#3889=EDGE_LOOP('',(#5275,#5276));
#3890=EDGE_LOOP('',(#5277,#5278));
#3891=EDGE_LOOP('',(#5279,#5280));
#3892=EDGE_LOOP('',(#5281));
#3893=EDGE_LOOP('',(#5282));
#3894=EDGE_LOOP('',(#5283));
#3895=EDGE_LOOP('',(#5284,#5285));
#3896=EDGE_LOOP('',(#5286,#5287));
#3897=EDGE_LOOP('',(#5288,#5289));
#3898=EDGE_LOOP('',(#5290));
#3899=EDGE_LOOP('',(#5291));
#3900=EDGE_LOOP('',(#5292));
#3901=EDGE_LOOP('',(#5293,#5294));
#3902=EDGE_LOOP('',(#5295,#5296));
#3903=EDGE_LOOP('',(#5297,#5298));
#3904=EDGE_LOOP('',(#5299));
#3905=EDGE_LOOP('',(#5300));
#3906=EDGE_LOOP('',(#5301));
#3907=EDGE_LOOP('',(#5302,#5303));
#3908=EDGE_LOOP('',(#5304,#5305));
#3909=EDGE_LOOP('',(#5306,#5307));
#3910=EDGE_LOOP('',(#5308));
#3911=EDGE_LOOP('',(#5309,#5310,#5311,#5312));
#3912=EDGE_LOOP('',(#5313));
#3913=EDGE_LOOP('',(#5314));
#3914=EDGE_LOOP('',(#5315));
#3915=EDGE_LOOP('',(#5316));
#3916=EDGE_LOOP('',(#5317,#5318,#5319,#5320,#5321,#5322));
#3917=EDGE_LOOP('',(#5323,#5324,#5325,#5326));
#3918=EDGE_LOOP('',(#5327,#5328,#5329,#5330));
#3919=EDGE_LOOP('',(#5331,#5332,#5333,#5334));
#3920=EDGE_LOOP('',(#5335));
#3921=EDGE_LOOP('',(#5336));
#3922=EDGE_LOOP('',(#5337,#5338,#5339,#5340,#5341,#5342,#5343,#5344));
#3923=EDGE_LOOP('',(#5345,#5346,#5347,#5348));
#3924=EDGE_LOOP('',(#5349));
#3925=EDGE_LOOP('',(#5350,#5351,#5352,#5353,#5354,#5355,#5356,#5357));
#3926=EDGE_LOOP('',(#5358,#5359,#5360,#5361));
#3927=EDGE_LOOP('',(#5362));
#3928=EDGE_LOOP('',(#5363));
#3929=EDGE_LOOP('',(#5364));
#3930=EDGE_LOOP('',(#5365));
#3931=EDGE_LOOP('',(#5366));
#3932=EDGE_LOOP('',(#5367));
#3933=EDGE_LOOP('',(#5368));
#3934=EDGE_LOOP('',(#5369));
#3935=EDGE_LOOP('',(#5370));
#3936=EDGE_LOOP('',(#5371));
#3937=EDGE_LOOP('',(#5372));
#3938=EDGE_LOOP('',(#5373));
#3939=EDGE_LOOP('',(#5374));
#3940=EDGE_LOOP('',(#5375));
#3941=EDGE_LOOP('',(#5376));
#3942=EDGE_LOOP('',(#5377));
#3943=EDGE_LOOP('',(#5378));
#3944=EDGE_LOOP('',(#5379));
#3945=EDGE_LOOP('',(#5380,#5381,#5382,#5383));
#3946=EDGE_LOOP('',(#5384,#5385,#5386,#5387));
#3947=EDGE_LOOP('',(#5388,#5389,#5390,#5391));
#3948=EDGE_LOOP('',(#5392,#5393,#5394,#5395));
#3949=EDGE_LOOP('',(#5396,#5397,#5398,#5399));
#3950=EDGE_LOOP('',(#5400,#5401,#5402,#5403));
#3951=EDGE_LOOP('',(#5404,#5405,#5406,#5407));
#3952=EDGE_LOOP('',(#5408,#5409,#5410,#5411));
#3953=EDGE_LOOP('',(#5412,#5413,#5414,#5415));
#3954=EDGE_LOOP('',(#5416,#5417,#5418,#5419));
#3955=EDGE_LOOP('',(#5420));
#3956=EDGE_LOOP('',(#5421));
#3957=EDGE_LOOP('',(#5422));
#3958=EDGE_LOOP('',(#5423));
#3959=EDGE_LOOP('',(#5424));
#3960=EDGE_LOOP('',(#5425));
#3961=EDGE_LOOP('',(#5426));
#3962=EDGE_LOOP('',(#5427));
#3963=EDGE_LOOP('',(#5428));
#3964=EDGE_LOOP('',(#5429));
#3965=EDGE_LOOP('',(#5430));
#3966=EDGE_LOOP('',(#5431));
#3967=EDGE_LOOP('',(#5432));
#3968=EDGE_LOOP('',(#5433));
#3969=EDGE_LOOP('',(#5434));
#3970=EDGE_LOOP('',(#5435));
#3971=EDGE_LOOP('',(#5436));
#3972=EDGE_LOOP('',(#5437));
#3973=EDGE_LOOP('',(#5438));
#3974=EDGE_LOOP('',(#5439));
#3975=EDGE_LOOP('',(#5440));
#3976=EDGE_LOOP('',(#5441));
#3977=EDGE_LOOP('',(#5442));
#3978=EDGE_LOOP('',(#5443));
#3979=EDGE_LOOP('',(#5444));
#3980=EDGE_LOOP('',(#5445));
#3981=EDGE_LOOP('',(#5446));
#3982=EDGE_LOOP('',(#5447));
#3983=EDGE_LOOP('',(#5448));
#3984=EDGE_LOOP('',(#5449));
#3985=EDGE_LOOP('',(#5450));
#3986=EDGE_LOOP('',(#5451));
#3987=EDGE_LOOP('',(#5452));
#3988=EDGE_LOOP('',(#5453));
#3989=EDGE_LOOP('',(#5454));
#3990=EDGE_LOOP('',(#5455));
#3991=EDGE_LOOP('',(#5456));
#3992=EDGE_LOOP('',(#5457));
#3993=EDGE_LOOP('',(#5458));
#3994=EDGE_LOOP('',(#5459));
#3995=EDGE_LOOP('',(#5460));
#3996=EDGE_LOOP('',(#5461));
#3997=EDGE_LOOP('',(#5462));
#3998=EDGE_LOOP('',(#5463));
#3999=EDGE_LOOP('',(#5464));
#4000=EDGE_LOOP('',(#5465));
#4001=EDGE_LOOP('',(#5466));
#4002=EDGE_LOOP('',(#5467));
#4003=EDGE_LOOP('',(#5468));
#4004=EDGE_LOOP('',(#5469));
#4005=EDGE_LOOP('',(#5470));
#4006=EDGE_LOOP('',(#5471));
#4007=EDGE_LOOP('',(#5472));
#4008=EDGE_LOOP('',(#5473));
#4009=EDGE_LOOP('',(#5474));
#4010=EDGE_LOOP('',(#5475));
#4011=EDGE_LOOP('',(#5476));
#4012=EDGE_LOOP('',(#5477));
#4013=EDGE_LOOP('',(#5478));
#4014=EDGE_LOOP('',(#5479));
#4015=EDGE_LOOP('',(#5480));
#4016=EDGE_LOOP('',(#5481));
#4017=EDGE_LOOP('',(#5482));
#4018=EDGE_LOOP('',(#5483));
#4019=EDGE_LOOP('',(#5484));
#4020=EDGE_LOOP('',(#5485));
#4021=EDGE_LOOP('',(#5486));
#4022=EDGE_LOOP('',(#5487));
#4023=EDGE_LOOP('',(#5488));
#4024=EDGE_LOOP('',(#5489));
#4025=EDGE_LOOP('',(#5490));
#4026=EDGE_LOOP('',(#5491));
#4027=EDGE_LOOP('',(#5492));
#4028=EDGE_LOOP('',(#5493));
#4029=EDGE_LOOP('',(#5494));
#4030=EDGE_LOOP('',(#5495));
#4031=EDGE_LOOP('',(#5496));
#4032=EDGE_LOOP('',(#5497));
#4033=EDGE_LOOP('',(#5498));
#4034=EDGE_LOOP('',(#5499));
#4035=EDGE_LOOP('',(#5500));
#4036=EDGE_LOOP('',(#5501));
#4037=EDGE_LOOP('',(#5502));
#4038=EDGE_LOOP('',(#5503));
#4039=EDGE_LOOP('',(#5504));
#4040=EDGE_LOOP('',(#5505));
#4041=EDGE_LOOP('',(#5506));
#4042=EDGE_LOOP('',(#5507));
#4043=EDGE_LOOP('',(#5508));
#4044=EDGE_LOOP('',(#5509));
#4045=EDGE_LOOP('',(#5510));
#4046=EDGE_LOOP('',(#5511));
#4047=EDGE_LOOP('',(#5512));
#4048=EDGE_LOOP('',(#5513));
#4049=EDGE_LOOP('',(#5514));
#4050=EDGE_LOOP('',(#5515));
#4051=EDGE_LOOP('',(#5516,#5517,#5518,#5519,#5520,#5521,#5522,#5523));
#4052=EDGE_LOOP('',(#5524,#5525,#5526,#5527));
#4053=EDGE_LOOP('',(#5528,#5529,#5530,#5531));
#4054=EDGE_LOOP('',(#5532,#5533,#5534,#5535));
#4055=EDGE_LOOP('',(#5536,#5537,#5538,#5539));
#4056=EDGE_LOOP('',(#5540,#5541,#5542,#5543));
#4057=EDGE_LOOP('',(#5544,#5545,#5546,#5547));
#4058=EDGE_LOOP('',(#5548,#5549,#5550,#5551));
#4059=EDGE_LOOP('',(#5552,#5553,#5554,#5555));
#4060=EDGE_LOOP('',(#5556,#5557,#5558,#5559));
#4061=EDGE_LOOP('',(#5560,#5561,#5562,#5563));
#4062=EDGE_LOOP('',(#5564,#5565,#5566,#5567));
#4063=EDGE_LOOP('',(#5568,#5569,#5570,#5571));
#4064=EDGE_LOOP('',(#5572,#5573,#5574,#5575));
#4065=EDGE_LOOP('',(#5576,#5577,#5578,#5579));
#4066=EDGE_LOOP('',(#5580,#5581,#5582,#5583,#5584,#5585,#5586,#5587));
#4067=EDGE_LOOP('',(#5588,#5589,#5590,#5591));
#4068=EDGE_LOOP('',(#5592,#5593,#5594,#5595,#5596,#5597));
#4069=EDGE_LOOP('',(#5598,#5599,#5600,#5601));
#4070=EDGE_LOOP('',(#5602,#5603,#5604,#5605,#5606,#5607));
#4071=EDGE_LOOP('',(#5608,#5609,#5610,#5611));
#4072=EDGE_LOOP('',(#5612,#5613,#5614,#5615,#5616,#5617,#5618,#5619));
#4073=EDGE_LOOP('',(#5620,#5621,#5622,#5623));
#4074=EDGE_LOOP('',(#5624,#5625,#5626,#5627,#5628,#5629));
#4075=EDGE_LOOP('',(#5630,#5631,#5632,#5633));
#4076=EDGE_LOOP('',(#5634,#5635,#5636,#5637,#5638,#5639,#5640,#5641));
#4077=EDGE_LOOP('',(#5642,#5643,#5644,#5645));
#4078=EDGE_LOOP('',(#5646));
#4079=EDGE_LOOP('',(#5647,#5648,#5649,#5650,#5651,#5652,#5653,#5654));
#4080=EDGE_LOOP('',(#5655));
#4081=EDGE_LOOP('',(#5656));
#4082=EDGE_LOOP('',(#5657));
#4083=EDGE_LOOP('',(#5658));
#4084=EDGE_LOOP('',(#5659));
#4085=EDGE_LOOP('',(#5660));
#4086=EDGE_LOOP('',(#5661));
#4087=EDGE_LOOP('',(#5662));
#4088=EDGE_LOOP('',(#5663));
#4089=EDGE_LOOP('',(#5664));
#4090=EDGE_LOOP('',(#5665));
#4091=EDGE_LOOP('',(#5666));
#4092=EDGE_LOOP('',(#5667));
#4093=EDGE_LOOP('',(#5668));
#4094=EDGE_LOOP('',(#5669));
#4095=EDGE_LOOP('',(#5670));
#4096=EDGE_LOOP('',(#5671));
#4097=EDGE_LOOP('',(#5672));
#4098=EDGE_LOOP('',(#5673));
#4099=EDGE_LOOP('',(#5674));
#4100=EDGE_LOOP('',(#5675));
#4101=EDGE_LOOP('',(#5676));
#4102=EDGE_LOOP('',(#5677));
#4103=EDGE_LOOP('',(#5678));
#4104=EDGE_LOOP('',(#5679));
#4105=EDGE_LOOP('',(#5680));
#4106=EDGE_LOOP('',(#5681));
#4107=EDGE_LOOP('',(#5682));
#4108=EDGE_LOOP('',(#5683));
#4109=EDGE_LOOP('',(#5684));
#4110=EDGE_LOOP('',(#5685));
#4111=EDGE_LOOP('',(#5686));
#4112=EDGE_LOOP('',(#5687));
#4113=EDGE_LOOP('',(#5688));
#4114=EDGE_LOOP('',(#5689));
#4115=EDGE_LOOP('',(#5690));
#4116=EDGE_LOOP('',(#5691));
#4117=EDGE_LOOP('',(#5692));
#4118=EDGE_LOOP('',(#5693));
#4119=EDGE_LOOP('',(#5694));
#4120=EDGE_LOOP('',(#5695));
#4121=EDGE_LOOP('',(#5696));
#4122=EDGE_LOOP('',(#5697));
#4123=EDGE_LOOP('',(#5698));
#4124=EDGE_LOOP('',(#5699));
#4125=EDGE_LOOP('',(#5700));
#4126=EDGE_LOOP('',(#5701));
#4127=EDGE_LOOP('',(#5702));
#4128=EDGE_LOOP('',(#5703));
#4129=EDGE_LOOP('',(#5704));
#4130=EDGE_LOOP('',(#5705));
#4131=EDGE_LOOP('',(#5706));
#4132=EDGE_LOOP('',(#5707));
#4133=EDGE_LOOP('',(#5708));
#4134=EDGE_LOOP('',(#5709));
#4135=EDGE_LOOP('',(#5710));
#4136=EDGE_LOOP('',(#5711));
#4137=EDGE_LOOP('',(#5712));
#4138=EDGE_LOOP('',(#5713));
#4139=EDGE_LOOP('',(#5714));
#4140=EDGE_LOOP('',(#5715));
#4141=EDGE_LOOP('',(#5716));
#4142=EDGE_LOOP('',(#5717));
#4143=EDGE_LOOP('',(#5718));
#4144=EDGE_LOOP('',(#5719));
#4145=EDGE_LOOP('',(#5720));
#4146=EDGE_LOOP('',(#5721));
#4147=EDGE_LOOP('',(#5722));
#4148=EDGE_LOOP('',(#5723));
#4149=EDGE_LOOP('',(#5724));
#4150=EDGE_LOOP('',(#5725));
#4151=EDGE_LOOP('',(#5726));
#4152=EDGE_LOOP('',(#5727));
#4153=EDGE_LOOP('',(#5728));
#4154=EDGE_LOOP('',(#5729));
#4155=EDGE_LOOP('',(#5730));
#4156=EDGE_LOOP('',(#5731));
#4157=EDGE_LOOP('',(#5732));
#4158=EDGE_LOOP('',(#5733));
#4159=EDGE_LOOP('',(#5734));
#4160=EDGE_LOOP('',(#5735));
#4161=EDGE_LOOP('',(#5736));
#4162=EDGE_LOOP('',(#5737));
#4163=EDGE_LOOP('',(#5738));
#4164=EDGE_LOOP('',(#5739));
#4165=EDGE_LOOP('',(#5740));
#4166=EDGE_LOOP('',(#5741));
#4167=EDGE_LOOP('',(#5742));
#4168=EDGE_LOOP('',(#5743));
#4169=EDGE_LOOP('',(#5744));
#4170=EDGE_LOOP('',(#5745));
#4171=EDGE_LOOP('',(#5746));
#4172=EDGE_LOOP('',(#5747));
#4173=EDGE_LOOP('',(#5748));
#4174=EDGE_LOOP('',(#5749));
#4175=EDGE_LOOP('',(#5750));
#4176=EDGE_LOOP('',(#5751,#5752,#5753,#5754,#5755,#5756,#5757,#5758));
#4177=EDGE_LOOP('',(#5759,#5760));
#4178=EDGE_LOOP('',(#5761));
#4179=EDGE_LOOP('',(#5762,#5763));
#4180=ORIENTED_EDGE('',*,*,#6416,.F.);
#4181=ORIENTED_EDGE('',*,*,#6416,.T.);
#4182=ORIENTED_EDGE('',*,*,#6417,.T.);
#4183=ORIENTED_EDGE('',*,*,#6418,.F.);
#4184=ORIENTED_EDGE('',*,*,#6418,.T.);
#4185=ORIENTED_EDGE('',*,*,#6419,.T.);
#4186=ORIENTED_EDGE('',*,*,#6420,.F.);
#4187=ORIENTED_EDGE('',*,*,#6420,.T.);
#4188=ORIENTED_EDGE('',*,*,#6421,.T.);
#4189=ORIENTED_EDGE('',*,*,#6422,.T.);
#4190=ORIENTED_EDGE('',*,*,#6423,.T.);
#4191=ORIENTED_EDGE('',*,*,#6424,.F.);
#4192=ORIENTED_EDGE('',*,*,#6422,.F.);
#4193=ORIENTED_EDGE('',*,*,#6425,.F.);
#4194=ORIENTED_EDGE('',*,*,#6426,.T.);
#4195=ORIENTED_EDGE('',*,*,#6423,.F.);
#4196=ORIENTED_EDGE('',*,*,#6425,.T.);
#4197=ORIENTED_EDGE('',*,*,#6426,.F.);
#4198=ORIENTED_EDGE('',*,*,#6427,.F.);
#4199=ORIENTED_EDGE('',*,*,#6428,.F.);
#4200=ORIENTED_EDGE('',*,*,#6429,.F.);
#4201=ORIENTED_EDGE('',*,*,#6428,.T.);
#4202=ORIENTED_EDGE('',*,*,#6430,.T.);
#4203=ORIENTED_EDGE('',*,*,#6431,.F.);
#4204=ORIENTED_EDGE('',*,*,#6427,.T.);
#4205=ORIENTED_EDGE('',*,*,#6430,.F.);
#4206=ORIENTED_EDGE('',*,*,#6429,.T.);
#4207=ORIENTED_EDGE('',*,*,#6432,.F.);
#4208=ORIENTED_EDGE('',*,*,#6433,.F.);
#4209=ORIENTED_EDGE('',*,*,#6434,.F.);
#4210=ORIENTED_EDGE('',*,*,#6432,.T.);
#4211=ORIENTED_EDGE('',*,*,#6435,.F.);
#4212=ORIENTED_EDGE('',*,*,#6434,.T.);
#4213=ORIENTED_EDGE('',*,*,#6433,.T.);
#4214=ORIENTED_EDGE('',*,*,#6435,.T.);
#4215=ORIENTED_EDGE('',*,*,#6436,.F.);
#4216=ORIENTED_EDGE('',*,*,#6437,.F.);
#4217=ORIENTED_EDGE('',*,*,#6437,.T.);
#4218=ORIENTED_EDGE('',*,*,#6438,.T.);
#4219=ORIENTED_EDGE('',*,*,#6439,.F.);
#4220=ORIENTED_EDGE('',*,*,#6439,.T.);
#4221=ORIENTED_EDGE('',*,*,#6440,.T.);
#4222=ORIENTED_EDGE('',*,*,#6441,.F.);
#4223=ORIENTED_EDGE('',*,*,#6441,.T.);
#4224=ORIENTED_EDGE('',*,*,#6442,.T.);
#4225=ORIENTED_EDGE('',*,*,#6443,.T.);
#4226=ORIENTED_EDGE('',*,*,#6444,.T.);
#4227=ORIENTED_EDGE('',*,*,#6445,.F.);
#4228=ORIENTED_EDGE('',*,*,#6443,.F.);
#4229=ORIENTED_EDGE('',*,*,#6446,.F.);
#4230=ORIENTED_EDGE('',*,*,#6447,.T.);
#4231=ORIENTED_EDGE('',*,*,#6444,.F.);
#4232=ORIENTED_EDGE('',*,*,#6446,.T.);
#4233=ORIENTED_EDGE('',*,*,#6447,.F.);
#4234=ORIENTED_EDGE('',*,*,#6448,.F.);
#4235=ORIENTED_EDGE('',*,*,#6449,.F.);
#4236=ORIENTED_EDGE('',*,*,#6450,.F.);
#4237=ORIENTED_EDGE('',*,*,#6449,.T.);
#4238=ORIENTED_EDGE('',*,*,#6451,.T.);
#4239=ORIENTED_EDGE('',*,*,#6452,.F.);
#4240=ORIENTED_EDGE('',*,*,#6448,.T.);
#4241=ORIENTED_EDGE('',*,*,#6451,.F.);
#4242=ORIENTED_EDGE('',*,*,#6450,.T.);
#4243=ORIENTED_EDGE('',*,*,#6453,.F.);
#4244=ORIENTED_EDGE('',*,*,#6454,.F.);
#4245=ORIENTED_EDGE('',*,*,#6455,.F.);
#4246=ORIENTED_EDGE('',*,*,#6453,.T.);
#4247=ORIENTED_EDGE('',*,*,#6456,.F.);
#4248=ORIENTED_EDGE('',*,*,#6455,.T.);
#4249=ORIENTED_EDGE('',*,*,#6454,.T.);
#4250=ORIENTED_EDGE('',*,*,#6456,.T.);
#4251=ORIENTED_EDGE('',*,*,#6457,.F.);
#4252=ORIENTED_EDGE('',*,*,#6458,.F.);
#4253=ORIENTED_EDGE('',*,*,#6458,.T.);
#4254=ORIENTED_EDGE('',*,*,#6459,.T.);
#4255=ORIENTED_EDGE('',*,*,#6460,.F.);
#4256=ORIENTED_EDGE('',*,*,#6460,.T.);
#4257=ORIENTED_EDGE('',*,*,#6461,.T.);
#4258=ORIENTED_EDGE('',*,*,#6462,.F.);
#4259=ORIENTED_EDGE('',*,*,#6462,.T.);
#4260=ORIENTED_EDGE('',*,*,#6463,.T.);
#4261=ORIENTED_EDGE('',*,*,#6464,.T.);
#4262=ORIENTED_EDGE('',*,*,#6465,.T.);
#4263=ORIENTED_EDGE('',*,*,#6466,.F.);
#4264=ORIENTED_EDGE('',*,*,#6464,.F.);
#4265=ORIENTED_EDGE('',*,*,#6467,.F.);
#4266=ORIENTED_EDGE('',*,*,#6468,.T.);
#4267=ORIENTED_EDGE('',*,*,#6465,.F.);
#4268=ORIENTED_EDGE('',*,*,#6467,.T.);
#4269=ORIENTED_EDGE('',*,*,#6468,.F.);
#4270=ORIENTED_EDGE('',*,*,#6469,.F.);
#4271=ORIENTED_EDGE('',*,*,#6470,.F.);
#4272=ORIENTED_EDGE('',*,*,#6471,.F.);
#4273=ORIENTED_EDGE('',*,*,#6470,.T.);
#4274=ORIENTED_EDGE('',*,*,#6472,.T.);
#4275=ORIENTED_EDGE('',*,*,#6473,.F.);
#4276=ORIENTED_EDGE('',*,*,#6469,.T.);
#4277=ORIENTED_EDGE('',*,*,#6472,.F.);
#4278=ORIENTED_EDGE('',*,*,#6471,.T.);
#4279=ORIENTED_EDGE('',*,*,#6474,.F.);
#4280=ORIENTED_EDGE('',*,*,#6475,.F.);
#4281=ORIENTED_EDGE('',*,*,#6476,.F.);
#4282=ORIENTED_EDGE('',*,*,#6474,.T.);
#4283=ORIENTED_EDGE('',*,*,#6477,.F.);
#4284=ORIENTED_EDGE('',*,*,#6476,.T.);
#4285=ORIENTED_EDGE('',*,*,#6475,.T.);
#4286=ORIENTED_EDGE('',*,*,#6477,.T.);
#4287=ORIENTED_EDGE('',*,*,#6478,.F.);
#4288=ORIENTED_EDGE('',*,*,#6479,.F.);
#4289=ORIENTED_EDGE('',*,*,#6479,.T.);
#4290=ORIENTED_EDGE('',*,*,#6480,.T.);
#4291=ORIENTED_EDGE('',*,*,#6481,.F.);
#4292=ORIENTED_EDGE('',*,*,#6481,.T.);
#4293=ORIENTED_EDGE('',*,*,#6482,.T.);
#4294=ORIENTED_EDGE('',*,*,#6483,.F.);
#4295=ORIENTED_EDGE('',*,*,#6483,.T.);
#4296=ORIENTED_EDGE('',*,*,#6484,.T.);
#4297=ORIENTED_EDGE('',*,*,#6485,.T.);
#4298=ORIENTED_EDGE('',*,*,#6486,.T.);
#4299=ORIENTED_EDGE('',*,*,#6487,.F.);
#4300=ORIENTED_EDGE('',*,*,#6485,.F.);
#4301=ORIENTED_EDGE('',*,*,#6488,.F.);
#4302=ORIENTED_EDGE('',*,*,#6489,.T.);
#4303=ORIENTED_EDGE('',*,*,#6486,.F.);
#4304=ORIENTED_EDGE('',*,*,#6488,.T.);
#4305=ORIENTED_EDGE('',*,*,#6489,.F.);
#4306=ORIENTED_EDGE('',*,*,#6490,.F.);
#4307=ORIENTED_EDGE('',*,*,#6491,.F.);
#4308=ORIENTED_EDGE('',*,*,#6492,.F.);
#4309=ORIENTED_EDGE('',*,*,#6491,.T.);
#4310=ORIENTED_EDGE('',*,*,#6493,.T.);
#4311=ORIENTED_EDGE('',*,*,#6494,.F.);
#4312=ORIENTED_EDGE('',*,*,#6490,.T.);
#4313=ORIENTED_EDGE('',*,*,#6493,.F.);
#4314=ORIENTED_EDGE('',*,*,#6492,.T.);
#4315=ORIENTED_EDGE('',*,*,#6495,.F.);
#4316=ORIENTED_EDGE('',*,*,#6496,.F.);
#4317=ORIENTED_EDGE('',*,*,#6497,.F.);
#4318=ORIENTED_EDGE('',*,*,#6495,.T.);
#4319=ORIENTED_EDGE('',*,*,#6498,.F.);
#4320=ORIENTED_EDGE('',*,*,#6497,.T.);
#4321=ORIENTED_EDGE('',*,*,#6496,.T.);
#4322=ORIENTED_EDGE('',*,*,#6498,.T.);
#4323=ORIENTED_EDGE('',*,*,#6499,.F.);
#4324=ORIENTED_EDGE('',*,*,#6500,.F.);
#4325=ORIENTED_EDGE('',*,*,#6500,.T.);
#4326=ORIENTED_EDGE('',*,*,#6501,.T.);
#4327=ORIENTED_EDGE('',*,*,#6502,.F.);
#4328=ORIENTED_EDGE('',*,*,#6502,.T.);
#4329=ORIENTED_EDGE('',*,*,#6503,.T.);
#4330=ORIENTED_EDGE('',*,*,#6504,.F.);
#4331=ORIENTED_EDGE('',*,*,#6504,.T.);
#4332=ORIENTED_EDGE('',*,*,#6505,.T.);
#4333=ORIENTED_EDGE('',*,*,#6506,.T.);
#4334=ORIENTED_EDGE('',*,*,#6507,.T.);
#4335=ORIENTED_EDGE('',*,*,#6508,.F.);
#4336=ORIENTED_EDGE('',*,*,#6506,.F.);
#4337=ORIENTED_EDGE('',*,*,#6509,.F.);
#4338=ORIENTED_EDGE('',*,*,#6510,.T.);
#4339=ORIENTED_EDGE('',*,*,#6507,.F.);
#4340=ORIENTED_EDGE('',*,*,#6509,.T.);
#4341=ORIENTED_EDGE('',*,*,#6510,.F.);
#4342=ORIENTED_EDGE('',*,*,#6511,.F.);
#4343=ORIENTED_EDGE('',*,*,#6512,.F.);
#4344=ORIENTED_EDGE('',*,*,#6513,.F.);
#4345=ORIENTED_EDGE('',*,*,#6512,.T.);
#4346=ORIENTED_EDGE('',*,*,#6514,.T.);
#4347=ORIENTED_EDGE('',*,*,#6515,.F.);
#4348=ORIENTED_EDGE('',*,*,#6511,.T.);
#4349=ORIENTED_EDGE('',*,*,#6514,.F.);
#4350=ORIENTED_EDGE('',*,*,#6513,.T.);
#4351=ORIENTED_EDGE('',*,*,#6516,.F.);
#4352=ORIENTED_EDGE('',*,*,#6517,.F.);
#4353=ORIENTED_EDGE('',*,*,#6518,.F.);
#4354=ORIENTED_EDGE('',*,*,#6516,.T.);
#4355=ORIENTED_EDGE('',*,*,#6519,.F.);
#4356=ORIENTED_EDGE('',*,*,#6518,.T.);
#4357=ORIENTED_EDGE('',*,*,#6517,.T.);
#4358=ORIENTED_EDGE('',*,*,#6519,.T.);
#4359=ORIENTED_EDGE('',*,*,#6520,.F.);
#4360=ORIENTED_EDGE('',*,*,#6521,.F.);
#4361=ORIENTED_EDGE('',*,*,#6521,.T.);
#4362=ORIENTED_EDGE('',*,*,#6522,.T.);
#4363=ORIENTED_EDGE('',*,*,#6523,.F.);
#4364=ORIENTED_EDGE('',*,*,#6523,.T.);
#4365=ORIENTED_EDGE('',*,*,#6524,.T.);
#4366=ORIENTED_EDGE('',*,*,#6525,.F.);
#4367=ORIENTED_EDGE('',*,*,#6525,.T.);
#4368=ORIENTED_EDGE('',*,*,#6526,.T.);
#4369=ORIENTED_EDGE('',*,*,#6527,.T.);
#4370=ORIENTED_EDGE('',*,*,#6528,.T.);
#4371=ORIENTED_EDGE('',*,*,#6529,.F.);
#4372=ORIENTED_EDGE('',*,*,#6527,.F.);
#4373=ORIENTED_EDGE('',*,*,#6530,.F.);
#4374=ORIENTED_EDGE('',*,*,#6531,.T.);
#4375=ORIENTED_EDGE('',*,*,#6528,.F.);
#4376=ORIENTED_EDGE('',*,*,#6530,.T.);
#4377=ORIENTED_EDGE('',*,*,#6531,.F.);
#4378=ORIENTED_EDGE('',*,*,#6532,.F.);
#4379=ORIENTED_EDGE('',*,*,#6533,.F.);
#4380=ORIENTED_EDGE('',*,*,#6534,.F.);
#4381=ORIENTED_EDGE('',*,*,#6533,.T.);
#4382=ORIENTED_EDGE('',*,*,#6535,.T.);
#4383=ORIENTED_EDGE('',*,*,#6536,.F.);
#4384=ORIENTED_EDGE('',*,*,#6532,.T.);
#4385=ORIENTED_EDGE('',*,*,#6535,.F.);
#4386=ORIENTED_EDGE('',*,*,#6534,.T.);
#4387=ORIENTED_EDGE('',*,*,#6537,.F.);
#4388=ORIENTED_EDGE('',*,*,#6538,.F.);
#4389=ORIENTED_EDGE('',*,*,#6539,.F.);
#4390=ORIENTED_EDGE('',*,*,#6537,.T.);
#4391=ORIENTED_EDGE('',*,*,#6540,.F.);
#4392=ORIENTED_EDGE('',*,*,#6539,.T.);
#4393=ORIENTED_EDGE('',*,*,#6538,.T.);
#4394=ORIENTED_EDGE('',*,*,#6540,.T.);
#4395=ORIENTED_EDGE('',*,*,#6541,.F.);
#4396=ORIENTED_EDGE('',*,*,#6542,.F.);
#4397=ORIENTED_EDGE('',*,*,#6542,.T.);
#4398=ORIENTED_EDGE('',*,*,#6543,.T.);
#4399=ORIENTED_EDGE('',*,*,#6544,.F.);
#4400=ORIENTED_EDGE('',*,*,#6544,.T.);
#4401=ORIENTED_EDGE('',*,*,#6545,.T.);
#4402=ORIENTED_EDGE('',*,*,#6546,.F.);
#4403=ORIENTED_EDGE('',*,*,#6546,.T.);
#4404=ORIENTED_EDGE('',*,*,#6547,.T.);
#4405=ORIENTED_EDGE('',*,*,#6548,.T.);
#4406=ORIENTED_EDGE('',*,*,#6549,.T.);
#4407=ORIENTED_EDGE('',*,*,#6550,.F.);
#4408=ORIENTED_EDGE('',*,*,#6548,.F.);
#4409=ORIENTED_EDGE('',*,*,#6551,.F.);
#4410=ORIENTED_EDGE('',*,*,#6552,.T.);
#4411=ORIENTED_EDGE('',*,*,#6549,.F.);
#4412=ORIENTED_EDGE('',*,*,#6551,.T.);
#4413=ORIENTED_EDGE('',*,*,#6552,.F.);
#4414=ORIENTED_EDGE('',*,*,#6553,.F.);
#4415=ORIENTED_EDGE('',*,*,#6554,.F.);
#4416=ORIENTED_EDGE('',*,*,#6555,.F.);
#4417=ORIENTED_EDGE('',*,*,#6554,.T.);
#4418=ORIENTED_EDGE('',*,*,#6556,.T.);
#4419=ORIENTED_EDGE('',*,*,#6557,.F.);
#4420=ORIENTED_EDGE('',*,*,#6553,.T.);
#4421=ORIENTED_EDGE('',*,*,#6556,.F.);
#4422=ORIENTED_EDGE('',*,*,#6555,.T.);
#4423=ORIENTED_EDGE('',*,*,#6558,.F.);
#4424=ORIENTED_EDGE('',*,*,#6559,.F.);
#4425=ORIENTED_EDGE('',*,*,#6560,.F.);
#4426=ORIENTED_EDGE('',*,*,#6558,.T.);
#4427=ORIENTED_EDGE('',*,*,#6561,.F.);
#4428=ORIENTED_EDGE('',*,*,#6560,.T.);
#4429=ORIENTED_EDGE('',*,*,#6559,.T.);
#4430=ORIENTED_EDGE('',*,*,#6561,.T.);
#4431=ORIENTED_EDGE('',*,*,#6562,.F.);
#4432=ORIENTED_EDGE('',*,*,#6563,.F.);
#4433=ORIENTED_EDGE('',*,*,#6563,.T.);
#4434=ORIENTED_EDGE('',*,*,#6564,.T.);
#4435=ORIENTED_EDGE('',*,*,#6565,.F.);
#4436=ORIENTED_EDGE('',*,*,#6565,.T.);
#4437=ORIENTED_EDGE('',*,*,#6566,.T.);
#4438=ORIENTED_EDGE('',*,*,#6567,.F.);
#4439=ORIENTED_EDGE('',*,*,#6567,.T.);
#4440=ORIENTED_EDGE('',*,*,#6568,.T.);
#4441=ORIENTED_EDGE('',*,*,#6569,.T.);
#4442=ORIENTED_EDGE('',*,*,#6570,.T.);
#4443=ORIENTED_EDGE('',*,*,#6571,.F.);
#4444=ORIENTED_EDGE('',*,*,#6569,.F.);
#4445=ORIENTED_EDGE('',*,*,#6572,.F.);
#4446=ORIENTED_EDGE('',*,*,#6573,.T.);
#4447=ORIENTED_EDGE('',*,*,#6570,.F.);
#4448=ORIENTED_EDGE('',*,*,#6572,.T.);
#4449=ORIENTED_EDGE('',*,*,#6573,.F.);
#4450=ORIENTED_EDGE('',*,*,#6574,.F.);
#4451=ORIENTED_EDGE('',*,*,#6575,.F.);
#4452=ORIENTED_EDGE('',*,*,#6576,.F.);
#4453=ORIENTED_EDGE('',*,*,#6575,.T.);
#4454=ORIENTED_EDGE('',*,*,#6577,.T.);
#4455=ORIENTED_EDGE('',*,*,#6578,.F.);
#4456=ORIENTED_EDGE('',*,*,#6574,.T.);
#4457=ORIENTED_EDGE('',*,*,#6577,.F.);
#4458=ORIENTED_EDGE('',*,*,#6576,.T.);
#4459=ORIENTED_EDGE('',*,*,#6579,.F.);
#4460=ORIENTED_EDGE('',*,*,#6580,.F.);
#4461=ORIENTED_EDGE('',*,*,#6581,.F.);
#4462=ORIENTED_EDGE('',*,*,#6579,.T.);
#4463=ORIENTED_EDGE('',*,*,#6582,.F.);
#4464=ORIENTED_EDGE('',*,*,#6581,.T.);
#4465=ORIENTED_EDGE('',*,*,#6580,.T.);
#4466=ORIENTED_EDGE('',*,*,#6582,.T.);
#4467=ORIENTED_EDGE('',*,*,#6583,.F.);
#4468=ORIENTED_EDGE('',*,*,#6584,.F.);
#4469=ORIENTED_EDGE('',*,*,#6584,.T.);
#4470=ORIENTED_EDGE('',*,*,#6585,.T.);
#4471=ORIENTED_EDGE('',*,*,#6586,.F.);
#4472=ORIENTED_EDGE('',*,*,#6586,.T.);
#4473=ORIENTED_EDGE('',*,*,#6587,.T.);
#4474=ORIENTED_EDGE('',*,*,#6588,.F.);
#4475=ORIENTED_EDGE('',*,*,#6588,.T.);
#4476=ORIENTED_EDGE('',*,*,#6589,.T.);
#4477=ORIENTED_EDGE('',*,*,#6590,.T.);
#4478=ORIENTED_EDGE('',*,*,#6591,.T.);
#4479=ORIENTED_EDGE('',*,*,#6592,.F.);
#4480=ORIENTED_EDGE('',*,*,#6590,.F.);
#4481=ORIENTED_EDGE('',*,*,#6593,.F.);
#4482=ORIENTED_EDGE('',*,*,#6594,.T.);
#4483=ORIENTED_EDGE('',*,*,#6591,.F.);
#4484=ORIENTED_EDGE('',*,*,#6593,.T.);
#4485=ORIENTED_EDGE('',*,*,#6594,.F.);
#4486=ORIENTED_EDGE('',*,*,#6595,.F.);
#4487=ORIENTED_EDGE('',*,*,#6596,.F.);
#4488=ORIENTED_EDGE('',*,*,#6597,.F.);
#4489=ORIENTED_EDGE('',*,*,#6596,.T.);
#4490=ORIENTED_EDGE('',*,*,#6598,.T.);
#4491=ORIENTED_EDGE('',*,*,#6599,.F.);
#4492=ORIENTED_EDGE('',*,*,#6595,.T.);
#4493=ORIENTED_EDGE('',*,*,#6598,.F.);
#4494=ORIENTED_EDGE('',*,*,#6597,.T.);
#4495=ORIENTED_EDGE('',*,*,#6600,.F.);
#4496=ORIENTED_EDGE('',*,*,#6601,.F.);
#4497=ORIENTED_EDGE('',*,*,#6602,.F.);
#4498=ORIENTED_EDGE('',*,*,#6600,.T.);
#4499=ORIENTED_EDGE('',*,*,#6603,.F.);
#4500=ORIENTED_EDGE('',*,*,#6602,.T.);
#4501=ORIENTED_EDGE('',*,*,#6601,.T.);
#4502=ORIENTED_EDGE('',*,*,#6603,.T.);
#4503=ORIENTED_EDGE('',*,*,#6604,.F.);
#4504=ORIENTED_EDGE('',*,*,#6605,.F.);
#4505=ORIENTED_EDGE('',*,*,#6605,.T.);
#4506=ORIENTED_EDGE('',*,*,#6606,.T.);
#4507=ORIENTED_EDGE('',*,*,#6607,.F.);
#4508=ORIENTED_EDGE('',*,*,#6607,.T.);
#4509=ORIENTED_EDGE('',*,*,#6608,.T.);
#4510=ORIENTED_EDGE('',*,*,#6609,.F.);
#4511=ORIENTED_EDGE('',*,*,#6609,.T.);
#4512=ORIENTED_EDGE('',*,*,#6610,.T.);
#4513=ORIENTED_EDGE('',*,*,#6611,.T.);
#4514=ORIENTED_EDGE('',*,*,#6612,.T.);
#4515=ORIENTED_EDGE('',*,*,#6613,.F.);
#4516=ORIENTED_EDGE('',*,*,#6611,.F.);
#4517=ORIENTED_EDGE('',*,*,#6614,.F.);
#4518=ORIENTED_EDGE('',*,*,#6615,.T.);
#4519=ORIENTED_EDGE('',*,*,#6612,.F.);
#4520=ORIENTED_EDGE('',*,*,#6614,.T.);
#4521=ORIENTED_EDGE('',*,*,#6615,.F.);
#4522=ORIENTED_EDGE('',*,*,#6616,.F.);
#4523=ORIENTED_EDGE('',*,*,#6617,.F.);
#4524=ORIENTED_EDGE('',*,*,#6618,.F.);
#4525=ORIENTED_EDGE('',*,*,#6617,.T.);
#4526=ORIENTED_EDGE('',*,*,#6619,.T.);
#4527=ORIENTED_EDGE('',*,*,#6620,.F.);
#4528=ORIENTED_EDGE('',*,*,#6616,.T.);
#4529=ORIENTED_EDGE('',*,*,#6619,.F.);
#4530=ORIENTED_EDGE('',*,*,#6618,.T.);
#4531=ORIENTED_EDGE('',*,*,#6621,.F.);
#4532=ORIENTED_EDGE('',*,*,#6622,.F.);
#4533=ORIENTED_EDGE('',*,*,#6623,.F.);
#4534=ORIENTED_EDGE('',*,*,#6621,.T.);
#4535=ORIENTED_EDGE('',*,*,#6624,.F.);
#4536=ORIENTED_EDGE('',*,*,#6623,.T.);
#4537=ORIENTED_EDGE('',*,*,#6622,.T.);
#4538=ORIENTED_EDGE('',*,*,#6624,.T.);
#4539=ORIENTED_EDGE('',*,*,#6625,.F.);
#4540=ORIENTED_EDGE('',*,*,#6626,.F.);
#4541=ORIENTED_EDGE('',*,*,#6626,.T.);
#4542=ORIENTED_EDGE('',*,*,#6627,.T.);
#4543=ORIENTED_EDGE('',*,*,#6628,.F.);
#4544=ORIENTED_EDGE('',*,*,#6628,.T.);
#4545=ORIENTED_EDGE('',*,*,#6629,.T.);
#4546=ORIENTED_EDGE('',*,*,#6630,.F.);
#4547=ORIENTED_EDGE('',*,*,#6630,.T.);
#4548=ORIENTED_EDGE('',*,*,#6631,.T.);
#4549=ORIENTED_EDGE('',*,*,#6632,.T.);
#4550=ORIENTED_EDGE('',*,*,#6633,.T.);
#4551=ORIENTED_EDGE('',*,*,#6634,.F.);
#4552=ORIENTED_EDGE('',*,*,#6632,.F.);
#4553=ORIENTED_EDGE('',*,*,#6635,.F.);
#4554=ORIENTED_EDGE('',*,*,#6636,.T.);
#4555=ORIENTED_EDGE('',*,*,#6633,.F.);
#4556=ORIENTED_EDGE('',*,*,#6635,.T.);
#4557=ORIENTED_EDGE('',*,*,#6636,.F.);
#4558=ORIENTED_EDGE('',*,*,#6637,.F.);
#4559=ORIENTED_EDGE('',*,*,#6638,.F.);
#4560=ORIENTED_EDGE('',*,*,#6639,.F.);
#4561=ORIENTED_EDGE('',*,*,#6638,.T.);
#4562=ORIENTED_EDGE('',*,*,#6640,.T.);
#4563=ORIENTED_EDGE('',*,*,#6641,.F.);
#4564=ORIENTED_EDGE('',*,*,#6637,.T.);
#4565=ORIENTED_EDGE('',*,*,#6640,.F.);
#4566=ORIENTED_EDGE('',*,*,#6639,.T.);
#4567=ORIENTED_EDGE('',*,*,#6642,.F.);
#4568=ORIENTED_EDGE('',*,*,#6643,.F.);
#4569=ORIENTED_EDGE('',*,*,#6644,.F.);
#4570=ORIENTED_EDGE('',*,*,#6642,.T.);
#4571=ORIENTED_EDGE('',*,*,#6645,.F.);
#4572=ORIENTED_EDGE('',*,*,#6644,.T.);
#4573=ORIENTED_EDGE('',*,*,#6643,.T.);
#4574=ORIENTED_EDGE('',*,*,#6645,.T.);
#4575=ORIENTED_EDGE('',*,*,#6646,.F.);
#4576=ORIENTED_EDGE('',*,*,#6647,.F.);
#4577=ORIENTED_EDGE('',*,*,#6647,.T.);
#4578=ORIENTED_EDGE('',*,*,#6648,.T.);
#4579=ORIENTED_EDGE('',*,*,#6649,.F.);
#4580=ORIENTED_EDGE('',*,*,#6649,.T.);
#4581=ORIENTED_EDGE('',*,*,#6650,.T.);
#4582=ORIENTED_EDGE('',*,*,#6651,.F.);
#4583=ORIENTED_EDGE('',*,*,#6651,.T.);
#4584=ORIENTED_EDGE('',*,*,#6652,.T.);
#4585=ORIENTED_EDGE('',*,*,#6653,.T.);
#4586=ORIENTED_EDGE('',*,*,#6654,.T.);
#4587=ORIENTED_EDGE('',*,*,#6655,.F.);
#4588=ORIENTED_EDGE('',*,*,#6653,.F.);
#4589=ORIENTED_EDGE('',*,*,#6656,.F.);
#4590=ORIENTED_EDGE('',*,*,#6657,.T.);
#4591=ORIENTED_EDGE('',*,*,#6654,.F.);
#4592=ORIENTED_EDGE('',*,*,#6656,.T.);
#4593=ORIENTED_EDGE('',*,*,#6657,.F.);
#4594=ORIENTED_EDGE('',*,*,#6658,.F.);
#4595=ORIENTED_EDGE('',*,*,#6659,.F.);
#4596=ORIENTED_EDGE('',*,*,#6660,.F.);
#4597=ORIENTED_EDGE('',*,*,#6659,.T.);
#4598=ORIENTED_EDGE('',*,*,#6661,.T.);
#4599=ORIENTED_EDGE('',*,*,#6662,.F.);
#4600=ORIENTED_EDGE('',*,*,#6658,.T.);
#4601=ORIENTED_EDGE('',*,*,#6661,.F.);
#4602=ORIENTED_EDGE('',*,*,#6660,.T.);
#4603=ORIENTED_EDGE('',*,*,#6663,.F.);
#4604=ORIENTED_EDGE('',*,*,#6664,.F.);
#4605=ORIENTED_EDGE('',*,*,#6665,.F.);
#4606=ORIENTED_EDGE('',*,*,#6663,.T.);
#4607=ORIENTED_EDGE('',*,*,#6666,.F.);
#4608=ORIENTED_EDGE('',*,*,#6665,.T.);
#4609=ORIENTED_EDGE('',*,*,#6664,.T.);
#4610=ORIENTED_EDGE('',*,*,#6666,.T.);
#4611=ORIENTED_EDGE('',*,*,#6667,.F.);
#4612=ORIENTED_EDGE('',*,*,#6668,.F.);
#4613=ORIENTED_EDGE('',*,*,#6668,.T.);
#4614=ORIENTED_EDGE('',*,*,#6669,.T.);
#4615=ORIENTED_EDGE('',*,*,#6670,.F.);
#4616=ORIENTED_EDGE('',*,*,#6670,.T.);
#4617=ORIENTED_EDGE('',*,*,#6671,.T.);
#4618=ORIENTED_EDGE('',*,*,#6672,.F.);
#4619=ORIENTED_EDGE('',*,*,#6672,.T.);
#4620=ORIENTED_EDGE('',*,*,#6673,.T.);
#4621=ORIENTED_EDGE('',*,*,#6674,.T.);
#4622=ORIENTED_EDGE('',*,*,#6675,.T.);
#4623=ORIENTED_EDGE('',*,*,#6676,.F.);
#4624=ORIENTED_EDGE('',*,*,#6674,.F.);
#4625=ORIENTED_EDGE('',*,*,#6677,.F.);
#4626=ORIENTED_EDGE('',*,*,#6678,.T.);
#4627=ORIENTED_EDGE('',*,*,#6675,.F.);
#4628=ORIENTED_EDGE('',*,*,#6677,.T.);
#4629=ORIENTED_EDGE('',*,*,#6678,.F.);
#4630=ORIENTED_EDGE('',*,*,#6679,.F.);
#4631=ORIENTED_EDGE('',*,*,#6680,.F.);
#4632=ORIENTED_EDGE('',*,*,#6681,.F.);
#4633=ORIENTED_EDGE('',*,*,#6680,.T.);
#4634=ORIENTED_EDGE('',*,*,#6682,.T.);
#4635=ORIENTED_EDGE('',*,*,#6683,.F.);
#4636=ORIENTED_EDGE('',*,*,#6679,.T.);
#4637=ORIENTED_EDGE('',*,*,#6682,.F.);
#4638=ORIENTED_EDGE('',*,*,#6681,.T.);
#4639=ORIENTED_EDGE('',*,*,#6684,.F.);
#4640=ORIENTED_EDGE('',*,*,#6685,.F.);
#4641=ORIENTED_EDGE('',*,*,#6686,.F.);
#4642=ORIENTED_EDGE('',*,*,#6684,.T.);
#4643=ORIENTED_EDGE('',*,*,#6687,.F.);
#4644=ORIENTED_EDGE('',*,*,#6686,.T.);
#4645=ORIENTED_EDGE('',*,*,#6685,.T.);
#4646=ORIENTED_EDGE('',*,*,#6687,.T.);
#4647=ORIENTED_EDGE('',*,*,#6688,.F.);
#4648=ORIENTED_EDGE('',*,*,#6689,.F.);
#4649=ORIENTED_EDGE('',*,*,#6689,.T.);
#4650=ORIENTED_EDGE('',*,*,#6690,.T.);
#4651=ORIENTED_EDGE('',*,*,#6691,.F.);
#4652=ORIENTED_EDGE('',*,*,#6691,.T.);
#4653=ORIENTED_EDGE('',*,*,#6692,.T.);
#4654=ORIENTED_EDGE('',*,*,#6693,.F.);
#4655=ORIENTED_EDGE('',*,*,#6693,.T.);
#4656=ORIENTED_EDGE('',*,*,#6694,.T.);
#4657=ORIENTED_EDGE('',*,*,#6695,.T.);
#4658=ORIENTED_EDGE('',*,*,#6696,.T.);
#4659=ORIENTED_EDGE('',*,*,#6697,.F.);
#4660=ORIENTED_EDGE('',*,*,#6695,.F.);
#4661=ORIENTED_EDGE('',*,*,#6698,.F.);
#4662=ORIENTED_EDGE('',*,*,#6699,.T.);
#4663=ORIENTED_EDGE('',*,*,#6696,.F.);
#4664=ORIENTED_EDGE('',*,*,#6698,.T.);
#4665=ORIENTED_EDGE('',*,*,#6699,.F.);
#4666=ORIENTED_EDGE('',*,*,#6700,.F.);
#4667=ORIENTED_EDGE('',*,*,#6701,.F.);
#4668=ORIENTED_EDGE('',*,*,#6702,.F.);
#4669=ORIENTED_EDGE('',*,*,#6701,.T.);
#4670=ORIENTED_EDGE('',*,*,#6703,.T.);
#4671=ORIENTED_EDGE('',*,*,#6704,.F.);
#4672=ORIENTED_EDGE('',*,*,#6700,.T.);
#4673=ORIENTED_EDGE('',*,*,#6703,.F.);
#4674=ORIENTED_EDGE('',*,*,#6702,.T.);
#4675=ORIENTED_EDGE('',*,*,#6705,.F.);
#4676=ORIENTED_EDGE('',*,*,#6706,.F.);
#4677=ORIENTED_EDGE('',*,*,#6707,.F.);
#4678=ORIENTED_EDGE('',*,*,#6705,.T.);
#4679=ORIENTED_EDGE('',*,*,#6708,.F.);
#4680=ORIENTED_EDGE('',*,*,#6707,.T.);
#4681=ORIENTED_EDGE('',*,*,#6706,.T.);
#4682=ORIENTED_EDGE('',*,*,#6708,.T.);
#4683=ORIENTED_EDGE('',*,*,#6709,.F.);
#4684=ORIENTED_EDGE('',*,*,#6710,.F.);
#4685=ORIENTED_EDGE('',*,*,#6710,.T.);
#4686=ORIENTED_EDGE('',*,*,#6711,.T.);
#4687=ORIENTED_EDGE('',*,*,#6712,.F.);
#4688=ORIENTED_EDGE('',*,*,#6712,.T.);
#4689=ORIENTED_EDGE('',*,*,#6713,.T.);
#4690=ORIENTED_EDGE('',*,*,#6714,.F.);
#4691=ORIENTED_EDGE('',*,*,#6714,.T.);
#4692=ORIENTED_EDGE('',*,*,#6715,.T.);
#4693=ORIENTED_EDGE('',*,*,#6716,.T.);
#4694=ORIENTED_EDGE('',*,*,#6717,.T.);
#4695=ORIENTED_EDGE('',*,*,#6718,.F.);
#4696=ORIENTED_EDGE('',*,*,#6716,.F.);
#4697=ORIENTED_EDGE('',*,*,#6719,.F.);
#4698=ORIENTED_EDGE('',*,*,#6720,.T.);
#4699=ORIENTED_EDGE('',*,*,#6717,.F.);
#4700=ORIENTED_EDGE('',*,*,#6719,.T.);
#4701=ORIENTED_EDGE('',*,*,#6720,.F.);
#4702=ORIENTED_EDGE('',*,*,#6721,.F.);
#4703=ORIENTED_EDGE('',*,*,#6722,.F.);
#4704=ORIENTED_EDGE('',*,*,#6723,.F.);
#4705=ORIENTED_EDGE('',*,*,#6722,.T.);
#4706=ORIENTED_EDGE('',*,*,#6724,.T.);
#4707=ORIENTED_EDGE('',*,*,#6725,.F.);
#4708=ORIENTED_EDGE('',*,*,#6721,.T.);
#4709=ORIENTED_EDGE('',*,*,#6724,.F.);
#4710=ORIENTED_EDGE('',*,*,#6723,.T.);
#4711=ORIENTED_EDGE('',*,*,#6726,.F.);
#4712=ORIENTED_EDGE('',*,*,#6727,.F.);
#4713=ORIENTED_EDGE('',*,*,#6728,.F.);
#4714=ORIENTED_EDGE('',*,*,#6726,.T.);
#4715=ORIENTED_EDGE('',*,*,#6729,.F.);
#4716=ORIENTED_EDGE('',*,*,#6728,.T.);
#4717=ORIENTED_EDGE('',*,*,#6727,.T.);
#4718=ORIENTED_EDGE('',*,*,#6729,.T.);
#4719=ORIENTED_EDGE('',*,*,#6730,.F.);
#4720=ORIENTED_EDGE('',*,*,#6731,.F.);
#4721=ORIENTED_EDGE('',*,*,#6731,.T.);
#4722=ORIENTED_EDGE('',*,*,#6732,.T.);
#4723=ORIENTED_EDGE('',*,*,#6733,.F.);
#4724=ORIENTED_EDGE('',*,*,#6733,.T.);
#4725=ORIENTED_EDGE('',*,*,#6734,.T.);
#4726=ORIENTED_EDGE('',*,*,#6735,.F.);
#4727=ORIENTED_EDGE('',*,*,#6735,.T.);
#4728=ORIENTED_EDGE('',*,*,#6736,.T.);
#4729=ORIENTED_EDGE('',*,*,#6737,.T.);
#4730=ORIENTED_EDGE('',*,*,#6738,.T.);
#4731=ORIENTED_EDGE('',*,*,#6739,.F.);
#4732=ORIENTED_EDGE('',*,*,#6737,.F.);
#4733=ORIENTED_EDGE('',*,*,#6740,.F.);
#4734=ORIENTED_EDGE('',*,*,#6741,.T.);
#4735=ORIENTED_EDGE('',*,*,#6738,.F.);
#4736=ORIENTED_EDGE('',*,*,#6740,.T.);
#4737=ORIENTED_EDGE('',*,*,#6741,.F.);
#4738=ORIENTED_EDGE('',*,*,#6742,.F.);
#4739=ORIENTED_EDGE('',*,*,#6743,.F.);
#4740=ORIENTED_EDGE('',*,*,#6744,.F.);
#4741=ORIENTED_EDGE('',*,*,#6743,.T.);
#4742=ORIENTED_EDGE('',*,*,#6745,.T.);
#4743=ORIENTED_EDGE('',*,*,#6746,.F.);
#4744=ORIENTED_EDGE('',*,*,#6742,.T.);
#4745=ORIENTED_EDGE('',*,*,#6745,.F.);
#4746=ORIENTED_EDGE('',*,*,#6744,.T.);
#4747=ORIENTED_EDGE('',*,*,#6747,.F.);
#4748=ORIENTED_EDGE('',*,*,#6748,.F.);
#4749=ORIENTED_EDGE('',*,*,#6749,.F.);
#4750=ORIENTED_EDGE('',*,*,#6747,.T.);
#4751=ORIENTED_EDGE('',*,*,#6750,.F.);
#4752=ORIENTED_EDGE('',*,*,#6749,.T.);
#4753=ORIENTED_EDGE('',*,*,#6748,.T.);
#4754=ORIENTED_EDGE('',*,*,#6750,.T.);
#4755=ORIENTED_EDGE('',*,*,#6751,.F.);
#4756=ORIENTED_EDGE('',*,*,#6752,.F.);
#4757=ORIENTED_EDGE('',*,*,#6752,.T.);
#4758=ORIENTED_EDGE('',*,*,#6753,.T.);
#4759=ORIENTED_EDGE('',*,*,#6754,.F.);
#4760=ORIENTED_EDGE('',*,*,#6754,.T.);
#4761=ORIENTED_EDGE('',*,*,#6755,.T.);
#4762=ORIENTED_EDGE('',*,*,#6756,.F.);
#4763=ORIENTED_EDGE('',*,*,#6756,.T.);
#4764=ORIENTED_EDGE('',*,*,#6757,.T.);
#4765=ORIENTED_EDGE('',*,*,#6758,.T.);
#4766=ORIENTED_EDGE('',*,*,#6759,.T.);
#4767=ORIENTED_EDGE('',*,*,#6760,.F.);
#4768=ORIENTED_EDGE('',*,*,#6758,.F.);
#4769=ORIENTED_EDGE('',*,*,#6761,.F.);
#4770=ORIENTED_EDGE('',*,*,#6762,.T.);
#4771=ORIENTED_EDGE('',*,*,#6759,.F.);
#4772=ORIENTED_EDGE('',*,*,#6761,.T.);
#4773=ORIENTED_EDGE('',*,*,#6762,.F.);
#4774=ORIENTED_EDGE('',*,*,#6763,.F.);
#4775=ORIENTED_EDGE('',*,*,#6764,.F.);
#4776=ORIENTED_EDGE('',*,*,#6765,.F.);
#4777=ORIENTED_EDGE('',*,*,#6764,.T.);
#4778=ORIENTED_EDGE('',*,*,#6766,.T.);
#4779=ORIENTED_EDGE('',*,*,#6767,.F.);
#4780=ORIENTED_EDGE('',*,*,#6763,.T.);
#4781=ORIENTED_EDGE('',*,*,#6766,.F.);
#4782=ORIENTED_EDGE('',*,*,#6765,.T.);
#4783=ORIENTED_EDGE('',*,*,#6768,.F.);
#4784=ORIENTED_EDGE('',*,*,#6769,.F.);
#4785=ORIENTED_EDGE('',*,*,#6770,.F.);
#4786=ORIENTED_EDGE('',*,*,#6768,.T.);
#4787=ORIENTED_EDGE('',*,*,#6771,.F.);
#4788=ORIENTED_EDGE('',*,*,#6770,.T.);
#4789=ORIENTED_EDGE('',*,*,#6769,.T.);
#4790=ORIENTED_EDGE('',*,*,#6771,.T.);
#4791=ORIENTED_EDGE('',*,*,#6772,.F.);
#4792=ORIENTED_EDGE('',*,*,#6773,.F.);
#4793=ORIENTED_EDGE('',*,*,#6773,.T.);
#4794=ORIENTED_EDGE('',*,*,#6774,.T.);
#4795=ORIENTED_EDGE('',*,*,#6775,.F.);
#4796=ORIENTED_EDGE('',*,*,#6775,.T.);
#4797=ORIENTED_EDGE('',*,*,#6776,.T.);
#4798=ORIENTED_EDGE('',*,*,#6777,.F.);
#4799=ORIENTED_EDGE('',*,*,#6777,.T.);
#4800=ORIENTED_EDGE('',*,*,#6778,.T.);
#4801=ORIENTED_EDGE('',*,*,#6779,.T.);
#4802=ORIENTED_EDGE('',*,*,#6780,.T.);
#4803=ORIENTED_EDGE('',*,*,#6781,.F.);
#4804=ORIENTED_EDGE('',*,*,#6779,.F.);
#4805=ORIENTED_EDGE('',*,*,#6782,.F.);
#4806=ORIENTED_EDGE('',*,*,#6783,.T.);
#4807=ORIENTED_EDGE('',*,*,#6780,.F.);
#4808=ORIENTED_EDGE('',*,*,#6782,.T.);
#4809=ORIENTED_EDGE('',*,*,#6783,.F.);
#4810=ORIENTED_EDGE('',*,*,#6784,.F.);
#4811=ORIENTED_EDGE('',*,*,#6785,.F.);
#4812=ORIENTED_EDGE('',*,*,#6786,.F.);
#4813=ORIENTED_EDGE('',*,*,#6785,.T.);
#4814=ORIENTED_EDGE('',*,*,#6787,.T.);
#4815=ORIENTED_EDGE('',*,*,#6788,.F.);
#4816=ORIENTED_EDGE('',*,*,#6784,.T.);
#4817=ORIENTED_EDGE('',*,*,#6787,.F.);
#4818=ORIENTED_EDGE('',*,*,#6786,.T.);
#4819=ORIENTED_EDGE('',*,*,#6789,.F.);
#4820=ORIENTED_EDGE('',*,*,#6790,.F.);
#4821=ORIENTED_EDGE('',*,*,#6791,.F.);
#4822=ORIENTED_EDGE('',*,*,#6789,.T.);
#4823=ORIENTED_EDGE('',*,*,#6792,.F.);
#4824=ORIENTED_EDGE('',*,*,#6791,.T.);
#4825=ORIENTED_EDGE('',*,*,#6790,.T.);
#4826=ORIENTED_EDGE('',*,*,#6792,.T.);
#4827=ORIENTED_EDGE('',*,*,#6793,.F.);
#4828=ORIENTED_EDGE('',*,*,#6794,.F.);
#4829=ORIENTED_EDGE('',*,*,#6794,.T.);
#4830=ORIENTED_EDGE('',*,*,#6795,.T.);
#4831=ORIENTED_EDGE('',*,*,#6796,.F.);
#4832=ORIENTED_EDGE('',*,*,#6796,.T.);
#4833=ORIENTED_EDGE('',*,*,#6797,.T.);
#4834=ORIENTED_EDGE('',*,*,#6798,.F.);
#4835=ORIENTED_EDGE('',*,*,#6798,.T.);
#4836=ORIENTED_EDGE('',*,*,#6799,.T.);
#4837=ORIENTED_EDGE('',*,*,#6800,.T.);
#4838=ORIENTED_EDGE('',*,*,#6801,.T.);
#4839=ORIENTED_EDGE('',*,*,#6802,.F.);
#4840=ORIENTED_EDGE('',*,*,#6800,.F.);
#4841=ORIENTED_EDGE('',*,*,#6803,.F.);
#4842=ORIENTED_EDGE('',*,*,#6804,.T.);
#4843=ORIENTED_EDGE('',*,*,#6801,.F.);
#4844=ORIENTED_EDGE('',*,*,#6803,.T.);
#4845=ORIENTED_EDGE('',*,*,#6804,.F.);
#4846=ORIENTED_EDGE('',*,*,#6805,.F.);
#4847=ORIENTED_EDGE('',*,*,#6806,.F.);
#4848=ORIENTED_EDGE('',*,*,#6807,.F.);
#4849=ORIENTED_EDGE('',*,*,#6806,.T.);
#4850=ORIENTED_EDGE('',*,*,#6808,.T.);
#4851=ORIENTED_EDGE('',*,*,#6809,.F.);
#4852=ORIENTED_EDGE('',*,*,#6805,.T.);
#4853=ORIENTED_EDGE('',*,*,#6808,.F.);
#4854=ORIENTED_EDGE('',*,*,#6807,.T.);
#4855=ORIENTED_EDGE('',*,*,#6810,.F.);
#4856=ORIENTED_EDGE('',*,*,#6811,.F.);
#4857=ORIENTED_EDGE('',*,*,#6812,.F.);
#4858=ORIENTED_EDGE('',*,*,#6810,.T.);
#4859=ORIENTED_EDGE('',*,*,#6813,.F.);
#4860=ORIENTED_EDGE('',*,*,#6812,.T.);
#4861=ORIENTED_EDGE('',*,*,#6811,.T.);
#4862=ORIENTED_EDGE('',*,*,#6813,.T.);
#4863=ORIENTED_EDGE('',*,*,#6814,.F.);
#4864=ORIENTED_EDGE('',*,*,#6815,.F.);
#4865=ORIENTED_EDGE('',*,*,#6815,.T.);
#4866=ORIENTED_EDGE('',*,*,#6816,.T.);
#4867=ORIENTED_EDGE('',*,*,#6817,.F.);
#4868=ORIENTED_EDGE('',*,*,#6817,.T.);
#4869=ORIENTED_EDGE('',*,*,#6818,.T.);
#4870=ORIENTED_EDGE('',*,*,#6819,.F.);
#4871=ORIENTED_EDGE('',*,*,#6819,.T.);
#4872=ORIENTED_EDGE('',*,*,#6820,.T.);
#4873=ORIENTED_EDGE('',*,*,#6821,.T.);
#4874=ORIENTED_EDGE('',*,*,#6822,.T.);
#4875=ORIENTED_EDGE('',*,*,#6823,.F.);
#4876=ORIENTED_EDGE('',*,*,#6821,.F.);
#4877=ORIENTED_EDGE('',*,*,#6824,.F.);
#4878=ORIENTED_EDGE('',*,*,#6825,.T.);
#4879=ORIENTED_EDGE('',*,*,#6822,.F.);
#4880=ORIENTED_EDGE('',*,*,#6824,.T.);
#4881=ORIENTED_EDGE('',*,*,#6825,.F.);
#4882=ORIENTED_EDGE('',*,*,#6826,.F.);
#4883=ORIENTED_EDGE('',*,*,#6827,.F.);
#4884=ORIENTED_EDGE('',*,*,#6828,.F.);
#4885=ORIENTED_EDGE('',*,*,#6827,.T.);
#4886=ORIENTED_EDGE('',*,*,#6829,.T.);
#4887=ORIENTED_EDGE('',*,*,#6830,.F.);
#4888=ORIENTED_EDGE('',*,*,#6826,.T.);
#4889=ORIENTED_EDGE('',*,*,#6829,.F.);
#4890=ORIENTED_EDGE('',*,*,#6828,.T.);
#4891=ORIENTED_EDGE('',*,*,#6831,.F.);
#4892=ORIENTED_EDGE('',*,*,#6832,.F.);
#4893=ORIENTED_EDGE('',*,*,#6833,.F.);
#4894=ORIENTED_EDGE('',*,*,#6831,.T.);
#4895=ORIENTED_EDGE('',*,*,#6834,.F.);
#4896=ORIENTED_EDGE('',*,*,#6833,.T.);
#4897=ORIENTED_EDGE('',*,*,#6832,.T.);
#4898=ORIENTED_EDGE('',*,*,#6834,.T.);
#4899=ORIENTED_EDGE('',*,*,#6835,.F.);
#4900=ORIENTED_EDGE('',*,*,#6836,.F.);
#4901=ORIENTED_EDGE('',*,*,#6836,.T.);
#4902=ORIENTED_EDGE('',*,*,#6837,.T.);
#4903=ORIENTED_EDGE('',*,*,#6838,.F.);
#4904=ORIENTED_EDGE('',*,*,#6838,.T.);
#4905=ORIENTED_EDGE('',*,*,#6839,.T.);
#4906=ORIENTED_EDGE('',*,*,#6840,.F.);
#4907=ORIENTED_EDGE('',*,*,#6840,.T.);
#4908=ORIENTED_EDGE('',*,*,#6841,.T.);
#4909=ORIENTED_EDGE('',*,*,#6842,.T.);
#4910=ORIENTED_EDGE('',*,*,#6843,.T.);
#4911=ORIENTED_EDGE('',*,*,#6844,.F.);
#4912=ORIENTED_EDGE('',*,*,#6842,.F.);
#4913=ORIENTED_EDGE('',*,*,#6845,.F.);
#4914=ORIENTED_EDGE('',*,*,#6846,.T.);
#4915=ORIENTED_EDGE('',*,*,#6843,.F.);
#4916=ORIENTED_EDGE('',*,*,#6845,.T.);
#4917=ORIENTED_EDGE('',*,*,#6846,.F.);
#4918=ORIENTED_EDGE('',*,*,#6847,.F.);
#4919=ORIENTED_EDGE('',*,*,#6848,.F.);
#4920=ORIENTED_EDGE('',*,*,#6849,.F.);
#4921=ORIENTED_EDGE('',*,*,#6848,.T.);
#4922=ORIENTED_EDGE('',*,*,#6850,.T.);
#4923=ORIENTED_EDGE('',*,*,#6851,.F.);
#4924=ORIENTED_EDGE('',*,*,#6847,.T.);
#4925=ORIENTED_EDGE('',*,*,#6850,.F.);
#4926=ORIENTED_EDGE('',*,*,#6849,.T.);
#4927=ORIENTED_EDGE('',*,*,#6852,.F.);
#4928=ORIENTED_EDGE('',*,*,#6853,.F.);
#4929=ORIENTED_EDGE('',*,*,#6854,.F.);
#4930=ORIENTED_EDGE('',*,*,#6852,.T.);
#4931=ORIENTED_EDGE('',*,*,#6855,.F.);
#4932=ORIENTED_EDGE('',*,*,#6854,.T.);
#4933=ORIENTED_EDGE('',*,*,#6853,.T.);
#4934=ORIENTED_EDGE('',*,*,#6855,.T.);
#4935=ORIENTED_EDGE('',*,*,#6856,.F.);
#4936=ORIENTED_EDGE('',*,*,#6857,.F.);
#4937=ORIENTED_EDGE('',*,*,#6857,.T.);
#4938=ORIENTED_EDGE('',*,*,#6858,.T.);
#4939=ORIENTED_EDGE('',*,*,#6859,.F.);
#4940=ORIENTED_EDGE('',*,*,#6859,.T.);
#4941=ORIENTED_EDGE('',*,*,#6860,.T.);
#4942=ORIENTED_EDGE('',*,*,#6861,.F.);
#4943=ORIENTED_EDGE('',*,*,#6861,.T.);
#4944=ORIENTED_EDGE('',*,*,#6862,.T.);
#4945=ORIENTED_EDGE('',*,*,#6863,.T.);
#4946=ORIENTED_EDGE('',*,*,#6864,.T.);
#4947=ORIENTED_EDGE('',*,*,#6865,.F.);
#4948=ORIENTED_EDGE('',*,*,#6863,.F.);
#4949=ORIENTED_EDGE('',*,*,#6866,.F.);
#4950=ORIENTED_EDGE('',*,*,#6867,.T.);
#4951=ORIENTED_EDGE('',*,*,#6864,.F.);
#4952=ORIENTED_EDGE('',*,*,#6866,.T.);
#4953=ORIENTED_EDGE('',*,*,#6867,.F.);
#4954=ORIENTED_EDGE('',*,*,#6868,.F.);
#4955=ORIENTED_EDGE('',*,*,#6869,.F.);
#4956=ORIENTED_EDGE('',*,*,#6870,.F.);
#4957=ORIENTED_EDGE('',*,*,#6869,.T.);
#4958=ORIENTED_EDGE('',*,*,#6871,.T.);
#4959=ORIENTED_EDGE('',*,*,#6872,.F.);
#4960=ORIENTED_EDGE('',*,*,#6868,.T.);
#4961=ORIENTED_EDGE('',*,*,#6871,.F.);
#4962=ORIENTED_EDGE('',*,*,#6870,.T.);
#4963=ORIENTED_EDGE('',*,*,#6873,.F.);
#4964=ORIENTED_EDGE('',*,*,#6874,.F.);
#4965=ORIENTED_EDGE('',*,*,#6875,.F.);
#4966=ORIENTED_EDGE('',*,*,#6873,.T.);
#4967=ORIENTED_EDGE('',*,*,#6876,.F.);
#4968=ORIENTED_EDGE('',*,*,#6875,.T.);
#4969=ORIENTED_EDGE('',*,*,#6874,.T.);
#4970=ORIENTED_EDGE('',*,*,#6876,.T.);
#4971=ORIENTED_EDGE('',*,*,#6877,.F.);
#4972=ORIENTED_EDGE('',*,*,#6878,.F.);
#4973=ORIENTED_EDGE('',*,*,#6878,.T.);
#4974=ORIENTED_EDGE('',*,*,#6879,.T.);
#4975=ORIENTED_EDGE('',*,*,#6880,.F.);
#4976=ORIENTED_EDGE('',*,*,#6880,.T.);
#4977=ORIENTED_EDGE('',*,*,#6881,.T.);
#4978=ORIENTED_EDGE('',*,*,#6882,.F.);
#4979=ORIENTED_EDGE('',*,*,#6882,.T.);
#4980=ORIENTED_EDGE('',*,*,#6883,.T.);
#4981=ORIENTED_EDGE('',*,*,#6884,.T.);
#4982=ORIENTED_EDGE('',*,*,#6885,.T.);
#4983=ORIENTED_EDGE('',*,*,#6886,.F.);
#4984=ORIENTED_EDGE('',*,*,#6884,.F.);
#4985=ORIENTED_EDGE('',*,*,#6887,.F.);
#4986=ORIENTED_EDGE('',*,*,#6888,.T.);
#4987=ORIENTED_EDGE('',*,*,#6885,.F.);
#4988=ORIENTED_EDGE('',*,*,#6887,.T.);
#4989=ORIENTED_EDGE('',*,*,#6888,.F.);
#4990=ORIENTED_EDGE('',*,*,#6889,.F.);
#4991=ORIENTED_EDGE('',*,*,#6890,.F.);
#4992=ORIENTED_EDGE('',*,*,#6891,.F.);
#4993=ORIENTED_EDGE('',*,*,#6890,.T.);
#4994=ORIENTED_EDGE('',*,*,#6892,.T.);
#4995=ORIENTED_EDGE('',*,*,#6893,.F.);
#4996=ORIENTED_EDGE('',*,*,#6889,.T.);
#4997=ORIENTED_EDGE('',*,*,#6892,.F.);
#4998=ORIENTED_EDGE('',*,*,#6891,.T.);
#4999=ORIENTED_EDGE('',*,*,#6894,.F.);
#5000=ORIENTED_EDGE('',*,*,#6895,.F.);
#5001=ORIENTED_EDGE('',*,*,#6896,.F.);
#5002=ORIENTED_EDGE('',*,*,#6894,.T.);
#5003=ORIENTED_EDGE('',*,*,#6897,.F.);
#5004=ORIENTED_EDGE('',*,*,#6896,.T.);
#5005=ORIENTED_EDGE('',*,*,#6895,.T.);
#5006=ORIENTED_EDGE('',*,*,#6897,.T.);
#5007=ORIENTED_EDGE('',*,*,#6898,.F.);
#5008=ORIENTED_EDGE('',*,*,#6899,.F.);
#5009=ORIENTED_EDGE('',*,*,#6899,.T.);
#5010=ORIENTED_EDGE('',*,*,#6900,.T.);
#5011=ORIENTED_EDGE('',*,*,#6901,.F.);
#5012=ORIENTED_EDGE('',*,*,#6901,.T.);
#5013=ORIENTED_EDGE('',*,*,#6902,.T.);
#5014=ORIENTED_EDGE('',*,*,#6903,.F.);
#5015=ORIENTED_EDGE('',*,*,#6903,.T.);
#5016=ORIENTED_EDGE('',*,*,#6904,.T.);
#5017=ORIENTED_EDGE('',*,*,#6905,.T.);
#5018=ORIENTED_EDGE('',*,*,#6906,.T.);
#5019=ORIENTED_EDGE('',*,*,#6907,.F.);
#5020=ORIENTED_EDGE('',*,*,#6905,.F.);
#5021=ORIENTED_EDGE('',*,*,#6908,.F.);
#5022=ORIENTED_EDGE('',*,*,#6909,.T.);
#5023=ORIENTED_EDGE('',*,*,#6906,.F.);
#5024=ORIENTED_EDGE('',*,*,#6908,.T.);
#5025=ORIENTED_EDGE('',*,*,#6909,.F.);
#5026=ORIENTED_EDGE('',*,*,#6910,.F.);
#5027=ORIENTED_EDGE('',*,*,#6911,.F.);
#5028=ORIENTED_EDGE('',*,*,#6912,.F.);
#5029=ORIENTED_EDGE('',*,*,#6911,.T.);
#5030=ORIENTED_EDGE('',*,*,#6913,.T.);
#5031=ORIENTED_EDGE('',*,*,#6914,.F.);
#5032=ORIENTED_EDGE('',*,*,#6910,.T.);
#5033=ORIENTED_EDGE('',*,*,#6913,.F.);
#5034=ORIENTED_EDGE('',*,*,#6912,.T.);
#5035=ORIENTED_EDGE('',*,*,#6915,.F.);
#5036=ORIENTED_EDGE('',*,*,#6916,.F.);
#5037=ORIENTED_EDGE('',*,*,#6917,.F.);
#5038=ORIENTED_EDGE('',*,*,#6915,.T.);
#5039=ORIENTED_EDGE('',*,*,#6918,.F.);
#5040=ORIENTED_EDGE('',*,*,#6917,.T.);
#5041=ORIENTED_EDGE('',*,*,#6916,.T.);
#5042=ORIENTED_EDGE('',*,*,#6918,.T.);
#5043=ORIENTED_EDGE('',*,*,#6919,.F.);
#5044=ORIENTED_EDGE('',*,*,#6920,.F.);
#5045=ORIENTED_EDGE('',*,*,#6920,.T.);
#5046=ORIENTED_EDGE('',*,*,#6921,.T.);
#5047=ORIENTED_EDGE('',*,*,#6922,.F.);
#5048=ORIENTED_EDGE('',*,*,#6922,.T.);
#5049=ORIENTED_EDGE('',*,*,#6923,.T.);
#5050=ORIENTED_EDGE('',*,*,#6924,.F.);
#5051=ORIENTED_EDGE('',*,*,#6924,.T.);
#5052=ORIENTED_EDGE('',*,*,#6925,.T.);
#5053=ORIENTED_EDGE('',*,*,#6926,.T.);
#5054=ORIENTED_EDGE('',*,*,#6927,.T.);
#5055=ORIENTED_EDGE('',*,*,#6928,.F.);
#5056=ORIENTED_EDGE('',*,*,#6926,.F.);
#5057=ORIENTED_EDGE('',*,*,#6929,.F.);
#5058=ORIENTED_EDGE('',*,*,#6930,.T.);
#5059=ORIENTED_EDGE('',*,*,#6927,.F.);
#5060=ORIENTED_EDGE('',*,*,#6929,.T.);
#5061=ORIENTED_EDGE('',*,*,#6930,.F.);
#5062=ORIENTED_EDGE('',*,*,#6931,.F.);
#5063=ORIENTED_EDGE('',*,*,#6932,.F.);
#5064=ORIENTED_EDGE('',*,*,#6933,.F.);
#5065=ORIENTED_EDGE('',*,*,#6932,.T.);
#5066=ORIENTED_EDGE('',*,*,#6934,.T.);
#5067=ORIENTED_EDGE('',*,*,#6935,.F.);
#5068=ORIENTED_EDGE('',*,*,#6931,.T.);
#5069=ORIENTED_EDGE('',*,*,#6934,.F.);
#5070=ORIENTED_EDGE('',*,*,#6933,.T.);
#5071=ORIENTED_EDGE('',*,*,#6936,.F.);
#5072=ORIENTED_EDGE('',*,*,#6937,.F.);
#5073=ORIENTED_EDGE('',*,*,#6938,.F.);
#5074=ORIENTED_EDGE('',*,*,#6936,.T.);
#5075=ORIENTED_EDGE('',*,*,#6939,.F.);
#5076=ORIENTED_EDGE('',*,*,#6938,.T.);
#5077=ORIENTED_EDGE('',*,*,#6937,.T.);
#5078=ORIENTED_EDGE('',*,*,#6939,.T.);
#5079=ORIENTED_EDGE('',*,*,#6940,.F.);
#5080=ORIENTED_EDGE('',*,*,#6941,.F.);
#5081=ORIENTED_EDGE('',*,*,#6941,.T.);
#5082=ORIENTED_EDGE('',*,*,#6942,.T.);
#5083=ORIENTED_EDGE('',*,*,#6943,.F.);
#5084=ORIENTED_EDGE('',*,*,#6943,.T.);
#5085=ORIENTED_EDGE('',*,*,#6944,.T.);
#5086=ORIENTED_EDGE('',*,*,#6945,.F.);
#5087=ORIENTED_EDGE('',*,*,#6945,.T.);
#5088=ORIENTED_EDGE('',*,*,#6946,.T.);
#5089=ORIENTED_EDGE('',*,*,#6947,.T.);
#5090=ORIENTED_EDGE('',*,*,#6948,.T.);
#5091=ORIENTED_EDGE('',*,*,#6949,.F.);
#5092=ORIENTED_EDGE('',*,*,#6947,.F.);
#5093=ORIENTED_EDGE('',*,*,#6950,.F.);
#5094=ORIENTED_EDGE('',*,*,#6951,.T.);
#5095=ORIENTED_EDGE('',*,*,#6948,.F.);
#5096=ORIENTED_EDGE('',*,*,#6950,.T.);
#5097=ORIENTED_EDGE('',*,*,#6951,.F.);
#5098=ORIENTED_EDGE('',*,*,#6952,.F.);
#5099=ORIENTED_EDGE('',*,*,#6953,.F.);
#5100=ORIENTED_EDGE('',*,*,#6954,.F.);
#5101=ORIENTED_EDGE('',*,*,#6953,.T.);
#5102=ORIENTED_EDGE('',*,*,#6955,.T.);
#5103=ORIENTED_EDGE('',*,*,#6956,.F.);
#5104=ORIENTED_EDGE('',*,*,#6952,.T.);
#5105=ORIENTED_EDGE('',*,*,#6955,.F.);
#5106=ORIENTED_EDGE('',*,*,#6954,.T.);
#5107=ORIENTED_EDGE('',*,*,#6957,.F.);
#5108=ORIENTED_EDGE('',*,*,#6958,.F.);
#5109=ORIENTED_EDGE('',*,*,#6959,.F.);
#5110=ORIENTED_EDGE('',*,*,#6957,.T.);
#5111=ORIENTED_EDGE('',*,*,#6960,.F.);
#5112=ORIENTED_EDGE('',*,*,#6959,.T.);
#5113=ORIENTED_EDGE('',*,*,#6958,.T.);
#5114=ORIENTED_EDGE('',*,*,#6960,.T.);
#5115=ORIENTED_EDGE('',*,*,#6961,.F.);
#5116=ORIENTED_EDGE('',*,*,#6962,.F.);
#5117=ORIENTED_EDGE('',*,*,#6962,.T.);
#5118=ORIENTED_EDGE('',*,*,#6963,.T.);
#5119=ORIENTED_EDGE('',*,*,#6964,.F.);
#5120=ORIENTED_EDGE('',*,*,#6964,.T.);
#5121=ORIENTED_EDGE('',*,*,#6965,.T.);
#5122=ORIENTED_EDGE('',*,*,#6966,.F.);
#5123=ORIENTED_EDGE('',*,*,#6966,.T.);
#5124=ORIENTED_EDGE('',*,*,#6967,.T.);
#5125=ORIENTED_EDGE('',*,*,#6968,.T.);
#5126=ORIENTED_EDGE('',*,*,#6969,.T.);
#5127=ORIENTED_EDGE('',*,*,#6970,.F.);
#5128=ORIENTED_EDGE('',*,*,#6968,.F.);
#5129=ORIENTED_EDGE('',*,*,#6971,.F.);
#5130=ORIENTED_EDGE('',*,*,#6972,.T.);
#5131=ORIENTED_EDGE('',*,*,#6969,.F.);
#5132=ORIENTED_EDGE('',*,*,#6971,.T.);
#5133=ORIENTED_EDGE('',*,*,#6972,.F.);
#5134=ORIENTED_EDGE('',*,*,#6973,.F.);
#5135=ORIENTED_EDGE('',*,*,#6974,.F.);
#5136=ORIENTED_EDGE('',*,*,#6975,.F.);
#5137=ORIENTED_EDGE('',*,*,#6974,.T.);
#5138=ORIENTED_EDGE('',*,*,#6976,.T.);
#5139=ORIENTED_EDGE('',*,*,#6977,.F.);
#5140=ORIENTED_EDGE('',*,*,#6973,.T.);
#5141=ORIENTED_EDGE('',*,*,#6976,.F.);
#5142=ORIENTED_EDGE('',*,*,#6975,.T.);
#5143=ORIENTED_EDGE('',*,*,#6978,.F.);
#5144=ORIENTED_EDGE('',*,*,#6979,.F.);
#5145=ORIENTED_EDGE('',*,*,#6980,.F.);
#5146=ORIENTED_EDGE('',*,*,#6978,.T.);
#5147=ORIENTED_EDGE('',*,*,#6981,.F.);
#5148=ORIENTED_EDGE('',*,*,#6980,.T.);
#5149=ORIENTED_EDGE('',*,*,#6979,.T.);
#5150=ORIENTED_EDGE('',*,*,#6981,.T.);
#5151=ORIENTED_EDGE('',*,*,#6982,.F.);
#5152=ORIENTED_EDGE('',*,*,#6983,.F.);
#5153=ORIENTED_EDGE('',*,*,#6983,.T.);
#5154=ORIENTED_EDGE('',*,*,#6984,.T.);
#5155=ORIENTED_EDGE('',*,*,#6985,.F.);
#5156=ORIENTED_EDGE('',*,*,#6985,.T.);
#5157=ORIENTED_EDGE('',*,*,#6986,.T.);
#5158=ORIENTED_EDGE('',*,*,#6987,.F.);
#5159=ORIENTED_EDGE('',*,*,#6987,.T.);
#5160=ORIENTED_EDGE('',*,*,#6988,.T.);
#5161=ORIENTED_EDGE('',*,*,#6989,.T.);
#5162=ORIENTED_EDGE('',*,*,#6990,.T.);
#5163=ORIENTED_EDGE('',*,*,#6991,.F.);
#5164=ORIENTED_EDGE('',*,*,#6989,.F.);
#5165=ORIENTED_EDGE('',*,*,#6992,.F.);
#5166=ORIENTED_EDGE('',*,*,#6993,.T.);
#5167=ORIENTED_EDGE('',*,*,#6990,.F.);
#5168=ORIENTED_EDGE('',*,*,#6992,.T.);
#5169=ORIENTED_EDGE('',*,*,#6993,.F.);
#5170=ORIENTED_EDGE('',*,*,#6994,.F.);
#5171=ORIENTED_EDGE('',*,*,#6995,.F.);
#5172=ORIENTED_EDGE('',*,*,#6996,.F.);
#5173=ORIENTED_EDGE('',*,*,#6995,.T.);
#5174=ORIENTED_EDGE('',*,*,#6997,.T.);
#5175=ORIENTED_EDGE('',*,*,#6998,.F.);
#5176=ORIENTED_EDGE('',*,*,#6994,.T.);
#5177=ORIENTED_EDGE('',*,*,#6997,.F.);
#5178=ORIENTED_EDGE('',*,*,#6996,.T.);
#5179=ORIENTED_EDGE('',*,*,#6999,.F.);
#5180=ORIENTED_EDGE('',*,*,#7000,.F.);
#5181=ORIENTED_EDGE('',*,*,#7001,.F.);
#5182=ORIENTED_EDGE('',*,*,#6999,.T.);
#5183=ORIENTED_EDGE('',*,*,#7002,.F.);
#5184=ORIENTED_EDGE('',*,*,#7001,.T.);
#5185=ORIENTED_EDGE('',*,*,#7000,.T.);
#5186=ORIENTED_EDGE('',*,*,#7002,.T.);
#5187=ORIENTED_EDGE('',*,*,#7003,.F.);
#5188=ORIENTED_EDGE('',*,*,#7004,.F.);
#5189=ORIENTED_EDGE('',*,*,#7004,.T.);
#5190=ORIENTED_EDGE('',*,*,#7005,.T.);
#5191=ORIENTED_EDGE('',*,*,#7006,.F.);
#5192=ORIENTED_EDGE('',*,*,#7006,.T.);
#5193=ORIENTED_EDGE('',*,*,#7007,.T.);
#5194=ORIENTED_EDGE('',*,*,#7008,.F.);
#5195=ORIENTED_EDGE('',*,*,#7008,.T.);
#5196=ORIENTED_EDGE('',*,*,#7009,.T.);
#5197=ORIENTED_EDGE('',*,*,#7010,.T.);
#5198=ORIENTED_EDGE('',*,*,#7011,.T.);
#5199=ORIENTED_EDGE('',*,*,#7012,.F.);
#5200=ORIENTED_EDGE('',*,*,#7010,.F.);
#5201=ORIENTED_EDGE('',*,*,#7013,.F.);
#5202=ORIENTED_EDGE('',*,*,#7014,.T.);
#5203=ORIENTED_EDGE('',*,*,#7011,.F.);
#5204=ORIENTED_EDGE('',*,*,#7013,.T.);
#5205=ORIENTED_EDGE('',*,*,#7014,.F.);
#5206=ORIENTED_EDGE('',*,*,#7015,.F.);
#5207=ORIENTED_EDGE('',*,*,#7016,.F.);
#5208=ORIENTED_EDGE('',*,*,#7017,.F.);
#5209=ORIENTED_EDGE('',*,*,#7016,.T.);
#5210=ORIENTED_EDGE('',*,*,#7018,.T.);
#5211=ORIENTED_EDGE('',*,*,#7019,.F.);
#5212=ORIENTED_EDGE('',*,*,#7015,.T.);
#5213=ORIENTED_EDGE('',*,*,#7018,.F.);
#5214=ORIENTED_EDGE('',*,*,#7017,.T.);
#5215=ORIENTED_EDGE('',*,*,#7020,.F.);
#5216=ORIENTED_EDGE('',*,*,#7021,.F.);
#5217=ORIENTED_EDGE('',*,*,#7022,.F.);
#5218=ORIENTED_EDGE('',*,*,#7020,.T.);
#5219=ORIENTED_EDGE('',*,*,#7023,.F.);
#5220=ORIENTED_EDGE('',*,*,#7022,.T.);
#5221=ORIENTED_EDGE('',*,*,#7021,.T.);
#5222=ORIENTED_EDGE('',*,*,#7023,.T.);
#5223=ORIENTED_EDGE('',*,*,#7024,.F.);
#5224=ORIENTED_EDGE('',*,*,#7025,.F.);
#5225=ORIENTED_EDGE('',*,*,#7025,.T.);
#5226=ORIENTED_EDGE('',*,*,#7026,.T.);
#5227=ORIENTED_EDGE('',*,*,#7027,.F.);
#5228=ORIENTED_EDGE('',*,*,#7027,.T.);
#5229=ORIENTED_EDGE('',*,*,#7028,.T.);
#5230=ORIENTED_EDGE('',*,*,#7029,.F.);
#5231=ORIENTED_EDGE('',*,*,#7029,.T.);
#5232=ORIENTED_EDGE('',*,*,#7030,.T.);
#5233=ORIENTED_EDGE('',*,*,#7031,.T.);
#5234=ORIENTED_EDGE('',*,*,#7032,.T.);
#5235=ORIENTED_EDGE('',*,*,#7033,.F.);
#5236=ORIENTED_EDGE('',*,*,#7031,.F.);
#5237=ORIENTED_EDGE('',*,*,#7034,.F.);
#5238=ORIENTED_EDGE('',*,*,#7035,.T.);
#5239=ORIENTED_EDGE('',*,*,#7032,.F.);
#5240=ORIENTED_EDGE('',*,*,#7034,.T.);
#5241=ORIENTED_EDGE('',*,*,#7035,.F.);
#5242=ORIENTED_EDGE('',*,*,#7036,.F.);
#5243=ORIENTED_EDGE('',*,*,#7037,.F.);
#5244=ORIENTED_EDGE('',*,*,#7038,.F.);
#5245=ORIENTED_EDGE('',*,*,#7037,.T.);
#5246=ORIENTED_EDGE('',*,*,#7039,.T.);
#5247=ORIENTED_EDGE('',*,*,#7040,.F.);
#5248=ORIENTED_EDGE('',*,*,#7036,.T.);
#5249=ORIENTED_EDGE('',*,*,#7039,.F.);
#5250=ORIENTED_EDGE('',*,*,#7038,.T.);
#5251=ORIENTED_EDGE('',*,*,#7041,.F.);
#5252=ORIENTED_EDGE('',*,*,#7042,.F.);
#5253=ORIENTED_EDGE('',*,*,#7043,.F.);
#5254=ORIENTED_EDGE('',*,*,#7041,.T.);
#5255=ORIENTED_EDGE('',*,*,#7044,.F.);
#5256=ORIENTED_EDGE('',*,*,#7043,.T.);
#5257=ORIENTED_EDGE('',*,*,#7042,.T.);
#5258=ORIENTED_EDGE('',*,*,#7044,.T.);
#5259=ORIENTED_EDGE('',*,*,#7045,.F.);
#5260=ORIENTED_EDGE('',*,*,#7046,.F.);
#5261=ORIENTED_EDGE('',*,*,#7046,.T.);
#5262=ORIENTED_EDGE('',*,*,#7047,.F.);
#5263=ORIENTED_EDGE('',*,*,#7048,.T.);
#5264=ORIENTED_EDGE('',*,*,#7049,.F.);
#5265=ORIENTED_EDGE('',*,*,#7049,.T.);
#5266=ORIENTED_EDGE('',*,*,#7050,.F.);
#5267=ORIENTED_EDGE('',*,*,#7051,.T.);
#5268=ORIENTED_EDGE('',*,*,#7052,.F.);
#5269=ORIENTED_EDGE('',*,*,#7051,.F.);
#5270=ORIENTED_EDGE('',*,*,#7052,.T.);
#5271=ORIENTED_EDGE('',*,*,#7050,.T.);
#5272=ORIENTED_EDGE('',*,*,#7053,.F.);
#5273=ORIENTED_EDGE('',*,*,#7054,.F.);
#5274=ORIENTED_EDGE('',*,*,#7054,.T.);
#5275=ORIENTED_EDGE('',*,*,#7055,.F.);
#5276=ORIENTED_EDGE('',*,*,#7056,.T.);
#5277=ORIENTED_EDGE('',*,*,#7057,.F.);
#5278=ORIENTED_EDGE('',*,*,#7056,.F.);
#5279=ORIENTED_EDGE('',*,*,#7057,.T.);
#5280=ORIENTED_EDGE('',*,*,#7055,.T.);
#5281=ORIENTED_EDGE('',*,*,#7058,.F.);
#5282=ORIENTED_EDGE('',*,*,#7059,.F.);
#5283=ORIENTED_EDGE('',*,*,#7059,.T.);
#5284=ORIENTED_EDGE('',*,*,#7060,.F.);
#5285=ORIENTED_EDGE('',*,*,#7061,.T.);
#5286=ORIENTED_EDGE('',*,*,#7062,.F.);
#5287=ORIENTED_EDGE('',*,*,#7061,.F.);
#5288=ORIENTED_EDGE('',*,*,#7062,.T.);
#5289=ORIENTED_EDGE('',*,*,#7060,.T.);
#5290=ORIENTED_EDGE('',*,*,#7063,.F.);
#5291=ORIENTED_EDGE('',*,*,#7064,.F.);
#5292=ORIENTED_EDGE('',*,*,#7064,.T.);
#5293=ORIENTED_EDGE('',*,*,#7065,.F.);
#5294=ORIENTED_EDGE('',*,*,#7066,.T.);
#5295=ORIENTED_EDGE('',*,*,#7067,.F.);
#5296=ORIENTED_EDGE('',*,*,#7066,.F.);
#5297=ORIENTED_EDGE('',*,*,#7067,.T.);
#5298=ORIENTED_EDGE('',*,*,#7065,.T.);
#5299=ORIENTED_EDGE('',*,*,#7068,.F.);
#5300=ORIENTED_EDGE('',*,*,#7069,.F.);
#5301=ORIENTED_EDGE('',*,*,#7069,.T.);
#5302=ORIENTED_EDGE('',*,*,#7070,.F.);
#5303=ORIENTED_EDGE('',*,*,#7071,.T.);
#5304=ORIENTED_EDGE('',*,*,#7072,.F.);
#5305=ORIENTED_EDGE('',*,*,#7071,.F.);
#5306=ORIENTED_EDGE('',*,*,#7072,.T.);
#5307=ORIENTED_EDGE('',*,*,#7070,.T.);
#5308=ORIENTED_EDGE('',*,*,#7073,.F.);
#5309=ORIENTED_EDGE('',*,*,#7074,.T.);
#5310=ORIENTED_EDGE('',*,*,#7075,.F.);
#5311=ORIENTED_EDGE('',*,*,#7076,.F.);
#5312=ORIENTED_EDGE('',*,*,#7077,.F.);
#5313=ORIENTED_EDGE('',*,*,#7078,.F.);
#5314=ORIENTED_EDGE('',*,*,#7079,.F.);
#5315=ORIENTED_EDGE('',*,*,#7080,.F.);
#5316=ORIENTED_EDGE('',*,*,#7081,.F.);
#5317=ORIENTED_EDGE('',*,*,#7082,.F.);
#5318=ORIENTED_EDGE('',*,*,#7083,.F.);
#5319=ORIENTED_EDGE('',*,*,#7084,.F.);
#5320=ORIENTED_EDGE('',*,*,#7085,.T.);
#5321=ORIENTED_EDGE('',*,*,#7086,.F.);
#5322=ORIENTED_EDGE('',*,*,#7087,.F.);
#5323=ORIENTED_EDGE('',*,*,#7088,.F.);
#5324=ORIENTED_EDGE('',*,*,#7089,.F.);
#5325=ORIENTED_EDGE('',*,*,#7090,.F.);
#5326=ORIENTED_EDGE('',*,*,#7085,.F.);
#5327=ORIENTED_EDGE('',*,*,#7091,.F.);
#5328=ORIENTED_EDGE('',*,*,#7092,.T.);
#5329=ORIENTED_EDGE('',*,*,#7089,.T.);
#5330=ORIENTED_EDGE('',*,*,#7093,.F.);
#5331=ORIENTED_EDGE('',*,*,#7094,.F.);
#5332=ORIENTED_EDGE('',*,*,#7095,.T.);
#5333=ORIENTED_EDGE('',*,*,#7096,.F.);
#5334=ORIENTED_EDGE('',*,*,#7097,.F.);
#5335=ORIENTED_EDGE('',*,*,#7079,.T.);
#5336=ORIENTED_EDGE('',*,*,#7081,.T.);
#5337=ORIENTED_EDGE('',*,*,#7098,.F.);
#5338=ORIENTED_EDGE('',*,*,#7099,.T.);
#5339=ORIENTED_EDGE('',*,*,#7094,.T.);
#5340=ORIENTED_EDGE('',*,*,#7100,.T.);
#5341=ORIENTED_EDGE('',*,*,#7101,.T.);
#5342=ORIENTED_EDGE('',*,*,#7093,.T.);
#5343=ORIENTED_EDGE('',*,*,#7088,.T.);
#5344=ORIENTED_EDGE('',*,*,#7084,.T.);
#5345=ORIENTED_EDGE('',*,*,#7102,.F.);
#5346=ORIENTED_EDGE('',*,*,#7100,.F.);
#5347=ORIENTED_EDGE('',*,*,#7097,.T.);
#5348=ORIENTED_EDGE('',*,*,#7103,.T.);
#5349=ORIENTED_EDGE('',*,*,#7078,.T.);
#5350=ORIENTED_EDGE('',*,*,#7104,.F.);
#5351=ORIENTED_EDGE('',*,*,#7103,.F.);
#5352=ORIENTED_EDGE('',*,*,#7096,.T.);
#5353=ORIENTED_EDGE('',*,*,#7105,.T.);
#5354=ORIENTED_EDGE('',*,*,#7106,.T.);
#5355=ORIENTED_EDGE('',*,*,#7107,.F.);
#5356=ORIENTED_EDGE('',*,*,#7108,.T.);
#5357=ORIENTED_EDGE('',*,*,#7077,.T.);
#5358=ORIENTED_EDGE('',*,*,#7109,.F.);
#5359=ORIENTED_EDGE('',*,*,#7110,.F.);
#5360=ORIENTED_EDGE('',*,*,#7074,.F.);
#5361=ORIENTED_EDGE('',*,*,#7108,.F.);
#5362=ORIENTED_EDGE('',*,*,#7111,.F.);
#5363=ORIENTED_EDGE('',*,*,#7111,.T.);
#5364=ORIENTED_EDGE('',*,*,#7112,.T.);
#5365=ORIENTED_EDGE('',*,*,#7113,.F.);
#5366=ORIENTED_EDGE('',*,*,#7113,.T.);
#5367=ORIENTED_EDGE('',*,*,#7114,.T.);
#5368=ORIENTED_EDGE('',*,*,#7115,.F.);
#5369=ORIENTED_EDGE('',*,*,#7115,.T.);
#5370=ORIENTED_EDGE('',*,*,#7116,.T.);
#5371=ORIENTED_EDGE('',*,*,#7117,.F.);
#5372=ORIENTED_EDGE('',*,*,#7117,.T.);
#5373=ORIENTED_EDGE('',*,*,#7118,.T.);
#5374=ORIENTED_EDGE('',*,*,#7119,.F.);
#5375=ORIENTED_EDGE('',*,*,#7119,.T.);
#5376=ORIENTED_EDGE('',*,*,#7120,.T.);
#5377=ORIENTED_EDGE('',*,*,#7121,.F.);
#5378=ORIENTED_EDGE('',*,*,#7121,.T.);
#5379=ORIENTED_EDGE('',*,*,#7122,.T.);
#5380=ORIENTED_EDGE('',*,*,#7123,.F.);
#5381=ORIENTED_EDGE('',*,*,#7124,.T.);
#5382=ORIENTED_EDGE('',*,*,#7125,.T.);
#5383=ORIENTED_EDGE('',*,*,#7126,.T.);
#5384=ORIENTED_EDGE('',*,*,#7127,.F.);
#5385=ORIENTED_EDGE('',*,*,#7128,.F.);
#5386=ORIENTED_EDGE('',*,*,#7129,.F.);
#5387=ORIENTED_EDGE('',*,*,#7130,.F.);
#5388=ORIENTED_EDGE('',*,*,#7129,.T.);
#5389=ORIENTED_EDGE('',*,*,#7124,.F.);
#5390=ORIENTED_EDGE('',*,*,#7131,.T.);
#5391=ORIENTED_EDGE('',*,*,#7132,.F.);
#5392=ORIENTED_EDGE('',*,*,#7131,.F.);
#5393=ORIENTED_EDGE('',*,*,#7133,.F.);
#5394=ORIENTED_EDGE('',*,*,#7134,.T.);
#5395=ORIENTED_EDGE('',*,*,#7135,.F.);
#5396=ORIENTED_EDGE('',*,*,#7134,.F.);
#5397=ORIENTED_EDGE('',*,*,#7136,.F.);
#5398=ORIENTED_EDGE('',*,*,#7137,.T.);
#5399=ORIENTED_EDGE('',*,*,#7138,.F.);
#5400=ORIENTED_EDGE('',*,*,#7139,.F.);
#5401=ORIENTED_EDGE('',*,*,#7140,.T.);
#5402=ORIENTED_EDGE('',*,*,#7141,.T.);
#5403=ORIENTED_EDGE('',*,*,#7142,.T.);
#5404=ORIENTED_EDGE('',*,*,#7141,.F.);
#5405=ORIENTED_EDGE('',*,*,#7143,.T.);
#5406=ORIENTED_EDGE('',*,*,#7144,.T.);
#5407=ORIENTED_EDGE('',*,*,#7145,.T.);
#5408=ORIENTED_EDGE('',*,*,#7144,.F.);
#5409=ORIENTED_EDGE('',*,*,#7146,.T.);
#5410=ORIENTED_EDGE('',*,*,#7147,.T.);
#5411=ORIENTED_EDGE('',*,*,#7148,.T.);
#5412=ORIENTED_EDGE('',*,*,#7147,.F.);
#5413=ORIENTED_EDGE('',*,*,#7136,.T.);
#5414=ORIENTED_EDGE('',*,*,#7149,.F.);
#5415=ORIENTED_EDGE('',*,*,#7150,.T.);
#5416=ORIENTED_EDGE('',*,*,#7149,.T.);
#5417=ORIENTED_EDGE('',*,*,#7133,.T.);
#5418=ORIENTED_EDGE('',*,*,#7123,.T.);
#5419=ORIENTED_EDGE('',*,*,#7151,.T.);
#5420=ORIENTED_EDGE('',*,*,#6417,.F.);
#5421=ORIENTED_EDGE('',*,*,#6419,.F.);
#5422=ORIENTED_EDGE('',*,*,#6421,.F.);
#5423=ORIENTED_EDGE('',*,*,#6438,.F.);
#5424=ORIENTED_EDGE('',*,*,#6440,.F.);
#5425=ORIENTED_EDGE('',*,*,#6442,.F.);
#5426=ORIENTED_EDGE('',*,*,#6459,.F.);
#5427=ORIENTED_EDGE('',*,*,#6461,.F.);
#5428=ORIENTED_EDGE('',*,*,#6463,.F.);
#5429=ORIENTED_EDGE('',*,*,#6480,.F.);
#5430=ORIENTED_EDGE('',*,*,#6482,.F.);
#5431=ORIENTED_EDGE('',*,*,#6484,.F.);
#5432=ORIENTED_EDGE('',*,*,#6501,.F.);
#5433=ORIENTED_EDGE('',*,*,#6503,.F.);
#5434=ORIENTED_EDGE('',*,*,#6505,.F.);
#5435=ORIENTED_EDGE('',*,*,#6522,.F.);
#5436=ORIENTED_EDGE('',*,*,#6524,.F.);
#5437=ORIENTED_EDGE('',*,*,#6526,.F.);
#5438=ORIENTED_EDGE('',*,*,#6543,.F.);
#5439=ORIENTED_EDGE('',*,*,#6545,.F.);
#5440=ORIENTED_EDGE('',*,*,#6547,.F.);
#5441=ORIENTED_EDGE('',*,*,#6564,.F.);
#5442=ORIENTED_EDGE('',*,*,#6566,.F.);
#5443=ORIENTED_EDGE('',*,*,#6568,.F.);
#5444=ORIENTED_EDGE('',*,*,#6585,.F.);
#5445=ORIENTED_EDGE('',*,*,#6587,.F.);
#5446=ORIENTED_EDGE('',*,*,#6589,.F.);
#5447=ORIENTED_EDGE('',*,*,#6606,.F.);
#5448=ORIENTED_EDGE('',*,*,#6608,.F.);
#5449=ORIENTED_EDGE('',*,*,#6610,.F.);
#5450=ORIENTED_EDGE('',*,*,#6627,.F.);
#5451=ORIENTED_EDGE('',*,*,#6629,.F.);
#5452=ORIENTED_EDGE('',*,*,#6631,.F.);
#5453=ORIENTED_EDGE('',*,*,#6648,.F.);
#5454=ORIENTED_EDGE('',*,*,#6650,.F.);
#5455=ORIENTED_EDGE('',*,*,#6652,.F.);
#5456=ORIENTED_EDGE('',*,*,#6669,.F.);
#5457=ORIENTED_EDGE('',*,*,#6671,.F.);
#5458=ORIENTED_EDGE('',*,*,#6673,.F.);
#5459=ORIENTED_EDGE('',*,*,#6690,.F.);
#5460=ORIENTED_EDGE('',*,*,#6692,.F.);
#5461=ORIENTED_EDGE('',*,*,#6694,.F.);
#5462=ORIENTED_EDGE('',*,*,#6711,.F.);
#5463=ORIENTED_EDGE('',*,*,#6713,.F.);
#5464=ORIENTED_EDGE('',*,*,#6715,.F.);
#5465=ORIENTED_EDGE('',*,*,#6732,.F.);
#5466=ORIENTED_EDGE('',*,*,#6734,.F.);
#5467=ORIENTED_EDGE('',*,*,#6736,.F.);
#5468=ORIENTED_EDGE('',*,*,#6753,.F.);
#5469=ORIENTED_EDGE('',*,*,#6755,.F.);
#5470=ORIENTED_EDGE('',*,*,#6757,.F.);
#5471=ORIENTED_EDGE('',*,*,#6774,.F.);
#5472=ORIENTED_EDGE('',*,*,#6776,.F.);
#5473=ORIENTED_EDGE('',*,*,#6778,.F.);
#5474=ORIENTED_EDGE('',*,*,#6795,.F.);
#5475=ORIENTED_EDGE('',*,*,#6797,.F.);
#5476=ORIENTED_EDGE('',*,*,#6799,.F.);
#5477=ORIENTED_EDGE('',*,*,#6816,.F.);
#5478=ORIENTED_EDGE('',*,*,#6818,.F.);
#5479=ORIENTED_EDGE('',*,*,#6820,.F.);
#5480=ORIENTED_EDGE('',*,*,#6837,.F.);
#5481=ORIENTED_EDGE('',*,*,#6839,.F.);
#5482=ORIENTED_EDGE('',*,*,#6841,.F.);
#5483=ORIENTED_EDGE('',*,*,#6858,.F.);
#5484=ORIENTED_EDGE('',*,*,#6860,.F.);
#5485=ORIENTED_EDGE('',*,*,#6862,.F.);
#5486=ORIENTED_EDGE('',*,*,#6879,.F.);
#5487=ORIENTED_EDGE('',*,*,#6881,.F.);
#5488=ORIENTED_EDGE('',*,*,#6883,.F.);
#5489=ORIENTED_EDGE('',*,*,#6900,.F.);
#5490=ORIENTED_EDGE('',*,*,#6902,.F.);
#5491=ORIENTED_EDGE('',*,*,#6904,.F.);
#5492=ORIENTED_EDGE('',*,*,#6921,.F.);
#5493=ORIENTED_EDGE('',*,*,#6923,.F.);
#5494=ORIENTED_EDGE('',*,*,#6925,.F.);
#5495=ORIENTED_EDGE('',*,*,#6942,.F.);
#5496=ORIENTED_EDGE('',*,*,#6944,.F.);
#5497=ORIENTED_EDGE('',*,*,#6946,.F.);
#5498=ORIENTED_EDGE('',*,*,#6963,.F.);
#5499=ORIENTED_EDGE('',*,*,#6965,.F.);
#5500=ORIENTED_EDGE('',*,*,#6967,.F.);
#5501=ORIENTED_EDGE('',*,*,#6984,.F.);
#5502=ORIENTED_EDGE('',*,*,#6986,.F.);
#5503=ORIENTED_EDGE('',*,*,#6988,.F.);
#5504=ORIENTED_EDGE('',*,*,#7005,.F.);
#5505=ORIENTED_EDGE('',*,*,#7007,.F.);
#5506=ORIENTED_EDGE('',*,*,#7009,.F.);
#5507=ORIENTED_EDGE('',*,*,#7026,.F.);
#5508=ORIENTED_EDGE('',*,*,#7028,.F.);
#5509=ORIENTED_EDGE('',*,*,#7030,.F.);
#5510=ORIENTED_EDGE('',*,*,#7112,.F.);
#5511=ORIENTED_EDGE('',*,*,#7114,.F.);
#5512=ORIENTED_EDGE('',*,*,#7116,.F.);
#5513=ORIENTED_EDGE('',*,*,#7118,.F.);
#5514=ORIENTED_EDGE('',*,*,#7120,.F.);
#5515=ORIENTED_EDGE('',*,*,#7122,.F.);
#5516=ORIENTED_EDGE('',*,*,#7126,.F.);
#5517=ORIENTED_EDGE('',*,*,#7152,.F.);
#5518=ORIENTED_EDGE('',*,*,#7153,.F.);
#5519=ORIENTED_EDGE('',*,*,#7142,.F.);
#5520=ORIENTED_EDGE('',*,*,#7145,.F.);
#5521=ORIENTED_EDGE('',*,*,#7148,.F.);
#5522=ORIENTED_EDGE('',*,*,#7150,.F.);
#5523=ORIENTED_EDGE('',*,*,#7151,.F.);
#5524=ORIENTED_EDGE('',*,*,#7154,.T.);
#5525=ORIENTED_EDGE('',*,*,#7152,.T.);
#5526=ORIENTED_EDGE('',*,*,#7125,.F.);
#5527=ORIENTED_EDGE('',*,*,#7128,.T.);
#5528=ORIENTED_EDGE('',*,*,#7154,.F.);
#5529=ORIENTED_EDGE('',*,*,#7155,.T.);
#5530=ORIENTED_EDGE('',*,*,#7139,.T.);
#5531=ORIENTED_EDGE('',*,*,#7153,.T.);
#5532=ORIENTED_EDGE('',*,*,#7156,.F.);
#5533=ORIENTED_EDGE('',*,*,#7155,.F.);
#5534=ORIENTED_EDGE('',*,*,#7127,.T.);
#5535=ORIENTED_EDGE('',*,*,#7157,.F.);
#5536=ORIENTED_EDGE('',*,*,#7158,.T.);
#5537=ORIENTED_EDGE('',*,*,#7157,.T.);
#5538=ORIENTED_EDGE('',*,*,#7159,.T.);
#5539=ORIENTED_EDGE('',*,*,#7160,.F.);
#5540=ORIENTED_EDGE('',*,*,#7159,.F.);
#5541=ORIENTED_EDGE('',*,*,#7130,.T.);
#5542=ORIENTED_EDGE('',*,*,#7161,.F.);
#5543=ORIENTED_EDGE('',*,*,#7162,.F.);
#5544=ORIENTED_EDGE('',*,*,#7163,.T.);
#5545=ORIENTED_EDGE('',*,*,#7164,.F.);
#5546=ORIENTED_EDGE('',*,*,#7161,.T.);
#5547=ORIENTED_EDGE('',*,*,#7132,.T.);
#5548=ORIENTED_EDGE('',*,*,#7163,.F.);
#5549=ORIENTED_EDGE('',*,*,#7135,.T.);
#5550=ORIENTED_EDGE('',*,*,#7165,.T.);
#5551=ORIENTED_EDGE('',*,*,#7166,.F.);
#5552=ORIENTED_EDGE('',*,*,#7167,.T.);
#5553=ORIENTED_EDGE('',*,*,#7168,.F.);
#5554=ORIENTED_EDGE('',*,*,#7165,.F.);
#5555=ORIENTED_EDGE('',*,*,#7138,.T.);
#5556=ORIENTED_EDGE('',*,*,#7169,.T.);
#5557=ORIENTED_EDGE('',*,*,#7170,.F.);
#5558=ORIENTED_EDGE('',*,*,#7167,.F.);
#5559=ORIENTED_EDGE('',*,*,#7171,.T.);
#5560=ORIENTED_EDGE('',*,*,#7137,.F.);
#5561=ORIENTED_EDGE('',*,*,#7146,.F.);
#5562=ORIENTED_EDGE('',*,*,#7172,.T.);
#5563=ORIENTED_EDGE('',*,*,#7171,.F.);
#5564=ORIENTED_EDGE('',*,*,#7172,.F.);
#5565=ORIENTED_EDGE('',*,*,#7143,.F.);
#5566=ORIENTED_EDGE('',*,*,#7173,.T.);
#5567=ORIENTED_EDGE('',*,*,#7174,.F.);
#5568=ORIENTED_EDGE('',*,*,#7173,.F.);
#5569=ORIENTED_EDGE('',*,*,#7140,.F.);
#5570=ORIENTED_EDGE('',*,*,#7156,.T.);
#5571=ORIENTED_EDGE('',*,*,#7175,.F.);
#5572=ORIENTED_EDGE('',*,*,#7176,.F.);
#5573=ORIENTED_EDGE('',*,*,#7175,.T.);
#5574=ORIENTED_EDGE('',*,*,#7158,.F.);
#5575=ORIENTED_EDGE('',*,*,#7177,.F.);
#5576=ORIENTED_EDGE('',*,*,#7176,.T.);
#5577=ORIENTED_EDGE('',*,*,#7178,.F.);
#5578=ORIENTED_EDGE('',*,*,#7169,.F.);
#5579=ORIENTED_EDGE('',*,*,#7174,.T.);
#5580=ORIENTED_EDGE('',*,*,#7178,.T.);
#5581=ORIENTED_EDGE('',*,*,#7177,.T.);
#5582=ORIENTED_EDGE('',*,*,#7160,.T.);
#5583=ORIENTED_EDGE('',*,*,#7162,.T.);
#5584=ORIENTED_EDGE('',*,*,#7164,.T.);
#5585=ORIENTED_EDGE('',*,*,#7166,.T.);
#5586=ORIENTED_EDGE('',*,*,#7168,.T.);
#5587=ORIENTED_EDGE('',*,*,#7170,.T.);
#5588=ORIENTED_EDGE('',*,*,#7179,.T.);
#5589=ORIENTED_EDGE('',*,*,#7180,.T.);
#5590=ORIENTED_EDGE('',*,*,#7181,.T.);
#5591=ORIENTED_EDGE('',*,*,#7182,.T.);
#5592=ORIENTED_EDGE('',*,*,#7183,.T.);
#5593=ORIENTED_EDGE('',*,*,#7184,.F.);
#5594=ORIENTED_EDGE('',*,*,#7179,.F.);
#5595=ORIENTED_EDGE('',*,*,#7185,.F.);
#5596=ORIENTED_EDGE('',*,*,#7109,.T.);
#5597=ORIENTED_EDGE('',*,*,#7107,.T.);
#5598=ORIENTED_EDGE('',*,*,#7186,.F.);
#5599=ORIENTED_EDGE('',*,*,#7183,.F.);
#5600=ORIENTED_EDGE('',*,*,#7106,.F.);
#5601=ORIENTED_EDGE('',*,*,#7187,.F.);
#5602=ORIENTED_EDGE('',*,*,#7188,.F.);
#5603=ORIENTED_EDGE('',*,*,#7187,.T.);
#5604=ORIENTED_EDGE('',*,*,#7105,.F.);
#5605=ORIENTED_EDGE('',*,*,#7095,.F.);
#5606=ORIENTED_EDGE('',*,*,#7099,.F.);
#5607=ORIENTED_EDGE('',*,*,#7189,.F.);
#5608=ORIENTED_EDGE('',*,*,#7190,.F.);
#5609=ORIENTED_EDGE('',*,*,#7189,.T.);
#5610=ORIENTED_EDGE('',*,*,#7098,.T.);
#5611=ORIENTED_EDGE('',*,*,#7083,.T.);
#5612=ORIENTED_EDGE('',*,*,#7190,.T.);
#5613=ORIENTED_EDGE('',*,*,#7082,.T.);
#5614=ORIENTED_EDGE('',*,*,#7191,.T.);
#5615=ORIENTED_EDGE('',*,*,#7192,.T.);
#5616=ORIENTED_EDGE('',*,*,#7180,.F.);
#5617=ORIENTED_EDGE('',*,*,#7184,.T.);
#5618=ORIENTED_EDGE('',*,*,#7186,.T.);
#5619=ORIENTED_EDGE('',*,*,#7188,.T.);
#5620=ORIENTED_EDGE('',*,*,#7191,.F.);
#5621=ORIENTED_EDGE('',*,*,#7087,.T.);
#5622=ORIENTED_EDGE('',*,*,#7193,.F.);
#5623=ORIENTED_EDGE('',*,*,#7194,.F.);
#5624=ORIENTED_EDGE('',*,*,#7194,.T.);
#5625=ORIENTED_EDGE('',*,*,#7195,.T.);
#5626=ORIENTED_EDGE('',*,*,#7196,.T.);
#5627=ORIENTED_EDGE('',*,*,#7197,.F.);
#5628=ORIENTED_EDGE('',*,*,#7181,.F.);
#5629=ORIENTED_EDGE('',*,*,#7192,.F.);
#5630=ORIENTED_EDGE('',*,*,#7198,.T.);
#5631=ORIENTED_EDGE('',*,*,#7199,.F.);
#5632=ORIENTED_EDGE('',*,*,#7196,.F.);
#5633=ORIENTED_EDGE('',*,*,#7200,.F.);
#5634=ORIENTED_EDGE('',*,*,#7199,.T.);
#5635=ORIENTED_EDGE('',*,*,#7201,.T.);
#5636=ORIENTED_EDGE('',*,*,#7202,.F.);
#5637=ORIENTED_EDGE('',*,*,#7075,.T.);
#5638=ORIENTED_EDGE('',*,*,#7110,.T.);
#5639=ORIENTED_EDGE('',*,*,#7185,.T.);
#5640=ORIENTED_EDGE('',*,*,#7182,.F.);
#5641=ORIENTED_EDGE('',*,*,#7197,.T.);
#5642=ORIENTED_EDGE('',*,*,#7203,.F.);
#5643=ORIENTED_EDGE('',*,*,#7201,.F.);
#5644=ORIENTED_EDGE('',*,*,#7198,.F.);
#5645=ORIENTED_EDGE('',*,*,#7204,.F.);
#5646=ORIENTED_EDGE('',*,*,#7080,.T.);
#5647=ORIENTED_EDGE('',*,*,#7205,.F.);
#5648=ORIENTED_EDGE('',*,*,#7204,.T.);
#5649=ORIENTED_EDGE('',*,*,#7200,.T.);
#5650=ORIENTED_EDGE('',*,*,#7195,.F.);
#5651=ORIENTED_EDGE('',*,*,#7193,.T.);
#5652=ORIENTED_EDGE('',*,*,#7086,.T.);
#5653=ORIENTED_EDGE('',*,*,#7090,.T.);
#5654=ORIENTED_EDGE('',*,*,#7092,.F.);
#5655=ORIENTED_EDGE('',*,*,#6424,.T.);
#5656=ORIENTED_EDGE('',*,*,#6431,.T.);
#5657=ORIENTED_EDGE('',*,*,#6436,.T.);
#5658=ORIENTED_EDGE('',*,*,#6445,.T.);
#5659=ORIENTED_EDGE('',*,*,#6452,.T.);
#5660=ORIENTED_EDGE('',*,*,#6457,.T.);
#5661=ORIENTED_EDGE('',*,*,#6466,.T.);
#5662=ORIENTED_EDGE('',*,*,#6473,.T.);
#5663=ORIENTED_EDGE('',*,*,#6478,.T.);
#5664=ORIENTED_EDGE('',*,*,#6487,.T.);
#5665=ORIENTED_EDGE('',*,*,#6494,.T.);
#5666=ORIENTED_EDGE('',*,*,#6499,.T.);
#5667=ORIENTED_EDGE('',*,*,#6508,.T.);
#5668=ORIENTED_EDGE('',*,*,#6515,.T.);
#5669=ORIENTED_EDGE('',*,*,#6520,.T.);
#5670=ORIENTED_EDGE('',*,*,#6529,.T.);
#5671=ORIENTED_EDGE('',*,*,#6536,.T.);
#5672=ORIENTED_EDGE('',*,*,#6541,.T.);
#5673=ORIENTED_EDGE('',*,*,#6550,.T.);
#5674=ORIENTED_EDGE('',*,*,#6557,.T.);
#5675=ORIENTED_EDGE('',*,*,#6562,.T.);
#5676=ORIENTED_EDGE('',*,*,#6571,.T.);
#5677=ORIENTED_EDGE('',*,*,#6578,.T.);
#5678=ORIENTED_EDGE('',*,*,#6583,.T.);
#5679=ORIENTED_EDGE('',*,*,#6592,.T.);
#5680=ORIENTED_EDGE('',*,*,#6599,.T.);
#5681=ORIENTED_EDGE('',*,*,#6604,.T.);
#5682=ORIENTED_EDGE('',*,*,#6613,.T.);
#5683=ORIENTED_EDGE('',*,*,#6620,.T.);
#5684=ORIENTED_EDGE('',*,*,#6625,.T.);
#5685=ORIENTED_EDGE('',*,*,#6634,.T.);
#5686=ORIENTED_EDGE('',*,*,#6641,.T.);
#5687=ORIENTED_EDGE('',*,*,#6646,.T.);
#5688=ORIENTED_EDGE('',*,*,#6655,.T.);
#5689=ORIENTED_EDGE('',*,*,#6662,.T.);
#5690=ORIENTED_EDGE('',*,*,#6667,.T.);
#5691=ORIENTED_EDGE('',*,*,#6676,.T.);
#5692=ORIENTED_EDGE('',*,*,#6683,.T.);
#5693=ORIENTED_EDGE('',*,*,#6688,.T.);
#5694=ORIENTED_EDGE('',*,*,#6697,.T.);
#5695=ORIENTED_EDGE('',*,*,#6704,.T.);
#5696=ORIENTED_EDGE('',*,*,#6709,.T.);
#5697=ORIENTED_EDGE('',*,*,#6718,.T.);
#5698=ORIENTED_EDGE('',*,*,#6725,.T.);
#5699=ORIENTED_EDGE('',*,*,#6730,.T.);
#5700=ORIENTED_EDGE('',*,*,#6739,.T.);
#5701=ORIENTED_EDGE('',*,*,#6746,.T.);
#5702=ORIENTED_EDGE('',*,*,#6751,.T.);
#5703=ORIENTED_EDGE('',*,*,#6760,.T.);
#5704=ORIENTED_EDGE('',*,*,#6767,.T.);
#5705=ORIENTED_EDGE('',*,*,#6772,.T.);
#5706=ORIENTED_EDGE('',*,*,#6781,.T.);
#5707=ORIENTED_EDGE('',*,*,#6788,.T.);
#5708=ORIENTED_EDGE('',*,*,#6793,.T.);
#5709=ORIENTED_EDGE('',*,*,#6802,.T.);
#5710=ORIENTED_EDGE('',*,*,#6809,.T.);
#5711=ORIENTED_EDGE('',*,*,#6814,.T.);
#5712=ORIENTED_EDGE('',*,*,#6823,.T.);
#5713=ORIENTED_EDGE('',*,*,#6830,.T.);
#5714=ORIENTED_EDGE('',*,*,#6835,.T.);
#5715=ORIENTED_EDGE('',*,*,#6844,.T.);
#5716=ORIENTED_EDGE('',*,*,#6851,.T.);
#5717=ORIENTED_EDGE('',*,*,#6856,.T.);
#5718=ORIENTED_EDGE('',*,*,#6865,.T.);
#5719=ORIENTED_EDGE('',*,*,#6872,.T.);
#5720=ORIENTED_EDGE('',*,*,#6877,.T.);
#5721=ORIENTED_EDGE('',*,*,#6886,.T.);
#5722=ORIENTED_EDGE('',*,*,#6893,.T.);
#5723=ORIENTED_EDGE('',*,*,#6898,.T.);
#5724=ORIENTED_EDGE('',*,*,#6907,.T.);
#5725=ORIENTED_EDGE('',*,*,#6914,.T.);
#5726=ORIENTED_EDGE('',*,*,#6919,.T.);
#5727=ORIENTED_EDGE('',*,*,#6928,.T.);
#5728=ORIENTED_EDGE('',*,*,#6935,.T.);
#5729=ORIENTED_EDGE('',*,*,#6940,.T.);
#5730=ORIENTED_EDGE('',*,*,#6949,.T.);
#5731=ORIENTED_EDGE('',*,*,#6956,.T.);
#5732=ORIENTED_EDGE('',*,*,#6961,.T.);
#5733=ORIENTED_EDGE('',*,*,#6970,.T.);
#5734=ORIENTED_EDGE('',*,*,#6977,.T.);
#5735=ORIENTED_EDGE('',*,*,#6982,.T.);
#5736=ORIENTED_EDGE('',*,*,#6991,.T.);
#5737=ORIENTED_EDGE('',*,*,#6998,.T.);
#5738=ORIENTED_EDGE('',*,*,#7003,.T.);
#5739=ORIENTED_EDGE('',*,*,#7012,.T.);
#5740=ORIENTED_EDGE('',*,*,#7019,.T.);
#5741=ORIENTED_EDGE('',*,*,#7024,.T.);
#5742=ORIENTED_EDGE('',*,*,#7033,.T.);
#5743=ORIENTED_EDGE('',*,*,#7040,.T.);
#5744=ORIENTED_EDGE('',*,*,#7045,.T.);
#5745=ORIENTED_EDGE('',*,*,#7053,.T.);
#5746=ORIENTED_EDGE('',*,*,#7058,.T.);
#5747=ORIENTED_EDGE('',*,*,#7063,.T.);
#5748=ORIENTED_EDGE('',*,*,#7068,.T.);
#5749=ORIENTED_EDGE('',*,*,#7073,.T.);
#5750=ORIENTED_EDGE('',*,*,#7206,.T.);
#5751=ORIENTED_EDGE('',*,*,#7205,.T.);
#5752=ORIENTED_EDGE('',*,*,#7091,.T.);
#5753=ORIENTED_EDGE('',*,*,#7101,.F.);
#5754=ORIENTED_EDGE('',*,*,#7102,.T.);
#5755=ORIENTED_EDGE('',*,*,#7104,.T.);
#5756=ORIENTED_EDGE('',*,*,#7076,.T.);
#5757=ORIENTED_EDGE('',*,*,#7202,.T.);
#5758=ORIENTED_EDGE('',*,*,#7203,.T.);
#5759=ORIENTED_EDGE('',*,*,#7207,.T.);
#5760=ORIENTED_EDGE('',*,*,#7047,.T.);
#5761=ORIENTED_EDGE('',*,*,#7206,.F.);
#5762=ORIENTED_EDGE('',*,*,#7207,.F.);
#5763=ORIENTED_EDGE('',*,*,#7048,.F.);
#5764=VERTEX_POINT('',#11524);
#5765=VERTEX_POINT('',#11527);
#5766=VERTEX_POINT('',#11530);
#5767=VERTEX_POINT('',#11533);
#5768=VERTEX_POINT('',#11536);
#5769=VERTEX_POINT('',#11539);
#5770=VERTEX_POINT('',#11542);
#5771=VERTEX_POINT('',#11543);
#5772=VERTEX_POINT('',#11559);
#5773=VERTEX_POINT('',#11564);
#5774=VERTEX_POINT('',#11568);
#5775=VERTEX_POINT('',#11571);
#5776=VERTEX_POINT('',#11572);
#5777=VERTEX_POINT('',#11590);
#5778=VERTEX_POINT('',#11594);
#5779=VERTEX_POINT('',#11597);
#5780=VERTEX_POINT('',#11598);
#5781=VERTEX_POINT('',#11617);
#5782=VERTEX_POINT('',#11620);
#5783=VERTEX_POINT('',#11623);
#5784=VERTEX_POINT('',#11626);
#5785=VERTEX_POINT('',#11629);
#5786=VERTEX_POINT('',#11632);
#5787=VERTEX_POINT('',#11635);
#5788=VERTEX_POINT('',#11638);
#5789=VERTEX_POINT('',#11639);
#5790=VERTEX_POINT('',#11655);
#5791=VERTEX_POINT('',#11660);
#5792=VERTEX_POINT('',#11664);
#5793=VERTEX_POINT('',#11667);
#5794=VERTEX_POINT('',#11668);
#5795=VERTEX_POINT('',#11686);
#5796=VERTEX_POINT('',#11690);
#5797=VERTEX_POINT('',#11693);
#5798=VERTEX_POINT('',#11694);
#5799=VERTEX_POINT('',#11713);
#5800=VERTEX_POINT('',#11716);
#5801=VERTEX_POINT('',#11719);
#5802=VERTEX_POINT('',#11722);
#5803=VERTEX_POINT('',#11725);
#5804=VERTEX_POINT('',#11728);
#5805=VERTEX_POINT('',#11731);
#5806=VERTEX_POINT('',#11734);
#5807=VERTEX_POINT('',#11735);
#5808=VERTEX_POINT('',#11751);
#5809=VERTEX_POINT('',#11756);
#5810=VERTEX_POINT('',#11760);
#5811=VERTEX_POINT('',#11763);
#5812=VERTEX_POINT('',#11764);
#5813=VERTEX_POINT('',#11782);
#5814=VERTEX_POINT('',#11786);
#5815=VERTEX_POINT('',#11789);
#5816=VERTEX_POINT('',#11790);
#5817=VERTEX_POINT('',#11809);
#5818=VERTEX_POINT('',#11812);
#5819=VERTEX_POINT('',#11815);
#5820=VERTEX_POINT('',#11818);
#5821=VERTEX_POINT('',#11821);
#5822=VERTEX_POINT('',#11824);
#5823=VERTEX_POINT('',#11827);
#5824=VERTEX_POINT('',#11830);
#5825=VERTEX_POINT('',#11831);
#5826=VERTEX_POINT('',#11847);
#5827=VERTEX_POINT('',#11852);
#5828=VERTEX_POINT('',#11856);
#5829=VERTEX_POINT('',#11859);
#5830=VERTEX_POINT('',#11860);
#5831=VERTEX_POINT('',#11878);
#5832=VERTEX_POINT('',#11882);
#5833=VERTEX_POINT('',#11885);
#5834=VERTEX_POINT('',#11886);
#5835=VERTEX_POINT('',#11905);
#5836=VERTEX_POINT('',#11908);
#5837=VERTEX_POINT('',#11911);
#5838=VERTEX_POINT('',#11914);
#5839=VERTEX_POINT('',#11917);
#5840=VERTEX_POINT('',#11920);
#5841=VERTEX_POINT('',#11923);
#5842=VERTEX_POINT('',#11926);
#5843=VERTEX_POINT('',#11927);
#5844=VERTEX_POINT('',#11943);
#5845=VERTEX_POINT('',#11948);
#5846=VERTEX_POINT('',#11952);
#5847=VERTEX_POINT('',#11955);
#5848=VERTEX_POINT('',#11956);
#5849=VERTEX_POINT('',#11974);
#5850=VERTEX_POINT('',#11978);
#5851=VERTEX_POINT('',#11981);
#5852=VERTEX_POINT('',#11982);
#5853=VERTEX_POINT('',#12001);
#5854=VERTEX_POINT('',#12004);
#5855=VERTEX_POINT('',#12007);
#5856=VERTEX_POINT('',#12010);
#5857=VERTEX_POINT('',#12013);
#5858=VERTEX_POINT('',#12016);
#5859=VERTEX_POINT('',#12019);
#5860=VERTEX_POINT('',#12022);
#5861=VERTEX_POINT('',#12023);
#5862=VERTEX_POINT('',#12039);
#5863=VERTEX_POINT('',#12044);
#5864=VERTEX_POINT('',#12048);
#5865=VERTEX_POINT('',#12051);
#5866=VERTEX_POINT('',#12052);
#5867=VERTEX_POINT('',#12070);
#5868=VERTEX_POINT('',#12074);
#5869=VERTEX_POINT('',#12077);
#5870=VERTEX_POINT('',#12078);
#5871=VERTEX_POINT('',#12097);
#5872=VERTEX_POINT('',#12100);
#5873=VERTEX_POINT('',#12103);
#5874=VERTEX_POINT('',#12106);
#5875=VERTEX_POINT('',#12109);
#5876=VERTEX_POINT('',#12112);
#5877=VERTEX_POINT('',#12115);
#5878=VERTEX_POINT('',#12118);
#5879=VERTEX_POINT('',#12119);
#5880=VERTEX_POINT('',#12135);
#5881=VERTEX_POINT('',#12140);
#5882=VERTEX_POINT('',#12144);
#5883=VERTEX_POINT('',#12147);
#5884=VERTEX_POINT('',#12148);
#5885=VERTEX_POINT('',#12166);
#5886=VERTEX_POINT('',#12170);
#5887=VERTEX_POINT('',#12173);
#5888=VERTEX_POINT('',#12174);
#5889=VERTEX_POINT('',#12193);
#5890=VERTEX_POINT('',#12196);
#5891=VERTEX_POINT('',#12199);
#5892=VERTEX_POINT('',#12202);
#5893=VERTEX_POINT('',#12205);
#5894=VERTEX_POINT('',#12208);
#5895=VERTEX_POINT('',#12211);
#5896=VERTEX_POINT('',#12214);
#5897=VERTEX_POINT('',#12215);
#5898=VERTEX_POINT('',#12231);
#5899=VERTEX_POINT('',#12236);
#5900=VERTEX_POINT('',#12240);
#5901=VERTEX_POINT('',#12243);
#5902=VERTEX_POINT('',#12244);
#5903=VERTEX_POINT('',#12262);
#5904=VERTEX_POINT('',#12266);
#5905=VERTEX_POINT('',#12269);
#5906=VERTEX_POINT('',#12270);
#5907=VERTEX_POINT('',#12289);
#5908=VERTEX_POINT('',#12292);
#5909=VERTEX_POINT('',#12295);
#5910=VERTEX_POINT('',#12298);
#5911=VERTEX_POINT('',#12301);
#5912=VERTEX_POINT('',#12304);
#5913=VERTEX_POINT('',#12307);
#5914=VERTEX_POINT('',#12310);
#5915=VERTEX_POINT('',#12311);
#5916=VERTEX_POINT('',#12327);
#5917=VERTEX_POINT('',#12332);
#5918=VERTEX_POINT('',#12336);
#5919=VERTEX_POINT('',#12339);
#5920=VERTEX_POINT('',#12340);
#5921=VERTEX_POINT('',#12358);
#5922=VERTEX_POINT('',#12362);
#5923=VERTEX_POINT('',#12365);
#5924=VERTEX_POINT('',#12366);
#5925=VERTEX_POINT('',#12385);
#5926=VERTEX_POINT('',#12388);
#5927=VERTEX_POINT('',#12391);
#5928=VERTEX_POINT('',#12394);
#5929=VERTEX_POINT('',#12397);
#5930=VERTEX_POINT('',#12400);
#5931=VERTEX_POINT('',#12403);
#5932=VERTEX_POINT('',#12406);
#5933=VERTEX_POINT('',#12407);
#5934=VERTEX_POINT('',#12423);
#5935=VERTEX_POINT('',#12428);
#5936=VERTEX_POINT('',#12432);
#5937=VERTEX_POINT('',#12435);
#5938=VERTEX_POINT('',#12436);
#5939=VERTEX_POINT('',#12454);
#5940=VERTEX_POINT('',#12458);
#5941=VERTEX_POINT('',#12461);
#5942=VERTEX_POINT('',#12462);
#5943=VERTEX_POINT('',#12481);
#5944=VERTEX_POINT('',#12484);
#5945=VERTEX_POINT('',#12487);
#5946=VERTEX_POINT('',#12490);
#5947=VERTEX_POINT('',#12493);
#5948=VERTEX_POINT('',#12496);
#5949=VERTEX_POINT('',#12499);
#5950=VERTEX_POINT('',#12502);
#5951=VERTEX_POINT('',#12503);
#5952=VERTEX_POINT('',#12519);
#5953=VERTEX_POINT('',#12524);
#5954=VERTEX_POINT('',#12528);
#5955=VERTEX_POINT('',#12531);
#5956=VERTEX_POINT('',#12532);
#5957=VERTEX_POINT('',#12550);
#5958=VERTEX_POINT('',#12554);
#5959=VERTEX_POINT('',#12557);
#5960=VERTEX_POINT('',#12558);
#5961=VERTEX_POINT('',#12577);
#5962=VERTEX_POINT('',#12580);
#5963=VERTEX_POINT('',#12583);
#5964=VERTEX_POINT('',#12586);
#5965=VERTEX_POINT('',#12589);
#5966=VERTEX_POINT('',#12592);
#5967=VERTEX_POINT('',#12595);
#5968=VERTEX_POINT('',#12598);
#5969=VERTEX_POINT('',#12599);
#5970=VERTEX_POINT('',#12615);
#5971=VERTEX_POINT('',#12620);
#5972=VERTEX_POINT('',#12624);
#5973=VERTEX_POINT('',#12627);
#5974=VERTEX_POINT('',#12628);
#5975=VERTEX_POINT('',#12646);
#5976=VERTEX_POINT('',#12650);
#5977=VERTEX_POINT('',#12653);
#5978=VERTEX_POINT('',#12654);
#5979=VERTEX_POINT('',#12673);
#5980=VERTEX_POINT('',#12676);
#5981=VERTEX_POINT('',#12679);
#5982=VERTEX_POINT('',#12682);
#5983=VERTEX_POINT('',#12685);
#5984=VERTEX_POINT('',#12688);
#5985=VERTEX_POINT('',#12691);
#5986=VERTEX_POINT('',#12694);
#5987=VERTEX_POINT('',#12695);
#5988=VERTEX_POINT('',#12711);
#5989=VERTEX_POINT('',#12716);
#5990=VERTEX_POINT('',#12720);
#5991=VERTEX_POINT('',#12723);
#5992=VERTEX_POINT('',#12724);
#5993=VERTEX_POINT('',#12742);
#5994=VERTEX_POINT('',#12746);
#5995=VERTEX_POINT('',#12749);
#5996=VERTEX_POINT('',#12750);
#5997=VERTEX_POINT('',#12769);
#5998=VERTEX_POINT('',#12772);
#5999=VERTEX_POINT('',#12775);
#6000=VERTEX_POINT('',#12778);
#6001=VERTEX_POINT('',#12781);
#6002=VERTEX_POINT('',#12784);
#6003=VERTEX_POINT('',#12787);
#6004=VERTEX_POINT('',#12790);
#6005=VERTEX_POINT('',#12791);
#6006=VERTEX_POINT('',#12807);
#6007=VERTEX_POINT('',#12812);
#6008=VERTEX_POINT('',#12816);
#6009=VERTEX_POINT('',#12819);
#6010=VERTEX_POINT('',#12820);
#6011=VERTEX_POINT('',#12838);
#6012=VERTEX_POINT('',#12842);
#6013=VERTEX_POINT('',#12845);
#6014=VERTEX_POINT('',#12846);
#6015=VERTEX_POINT('',#12865);
#6016=VERTEX_POINT('',#12868);
#6017=VERTEX_POINT('',#12871);
#6018=VERTEX_POINT('',#12874);
#6019=VERTEX_POINT('',#12877);
#6020=VERTEX_POINT('',#12880);
#6021=VERTEX_POINT('',#12883);
#6022=VERTEX_POINT('',#12886);
#6023=VERTEX_POINT('',#12887);
#6024=VERTEX_POINT('',#12903);
#6025=VERTEX_POINT('',#12908);
#6026=VERTEX_POINT('',#12912);
#6027=VERTEX_POINT('',#12915);
#6028=VERTEX_POINT('',#12916);
#6029=VERTEX_POINT('',#12934);
#6030=VERTEX_POINT('',#12938);
#6031=VERTEX_POINT('',#12941);
#6032=VERTEX_POINT('',#12942);
#6033=VERTEX_POINT('',#12961);
#6034=VERTEX_POINT('',#12964);
#6035=VERTEX_POINT('',#12967);
#6036=VERTEX_POINT('',#12970);
#6037=VERTEX_POINT('',#12973);
#6038=VERTEX_POINT('',#12976);
#6039=VERTEX_POINT('',#12979);
#6040=VERTEX_POINT('',#12982);
#6041=VERTEX_POINT('',#12983);
#6042=VERTEX_POINT('',#12999);
#6043=VERTEX_POINT('',#13004);
#6044=VERTEX_POINT('',#13008);
#6045=VERTEX_POINT('',#13011);
#6046=VERTEX_POINT('',#13012);
#6047=VERTEX_POINT('',#13030);
#6048=VERTEX_POINT('',#13034);
#6049=VERTEX_POINT('',#13037);
#6050=VERTEX_POINT('',#13038);
#6051=VERTEX_POINT('',#13057);
#6052=VERTEX_POINT('',#13060);
#6053=VERTEX_POINT('',#13063);
#6054=VERTEX_POINT('',#13066);
#6055=VERTEX_POINT('',#13069);
#6056=VERTEX_POINT('',#13072);
#6057=VERTEX_POINT('',#13075);
#6058=VERTEX_POINT('',#13078);
#6059=VERTEX_POINT('',#13079);
#6060=VERTEX_POINT('',#13095);
#6061=VERTEX_POINT('',#13100);
#6062=VERTEX_POINT('',#13104);
#6063=VERTEX_POINT('',#13107);
#6064=VERTEX_POINT('',#13108);
#6065=VERTEX_POINT('',#13126);
#6066=VERTEX_POINT('',#13130);
#6067=VERTEX_POINT('',#13133);
#6068=VERTEX_POINT('',#13134);
#6069=VERTEX_POINT('',#13153);
#6070=VERTEX_POINT('',#13156);
#6071=VERTEX_POINT('',#13159);
#6072=VERTEX_POINT('',#13162);
#6073=VERTEX_POINT('',#13165);
#6074=VERTEX_POINT('',#13168);
#6075=VERTEX_POINT('',#13171);
#6076=VERTEX_POINT('',#13174);
#6077=VERTEX_POINT('',#13175);
#6078=VERTEX_POINT('',#13191);
#6079=VERTEX_POINT('',#13196);
#6080=VERTEX_POINT('',#13200);
#6081=VERTEX_POINT('',#13203);
#6082=VERTEX_POINT('',#13204);
#6083=VERTEX_POINT('',#13222);
#6084=VERTEX_POINT('',#13226);
#6085=VERTEX_POINT('',#13229);
#6086=VERTEX_POINT('',#13230);
#6087=VERTEX_POINT('',#13249);
#6088=VERTEX_POINT('',#13252);
#6089=VERTEX_POINT('',#13255);
#6090=VERTEX_POINT('',#13258);
#6091=VERTEX_POINT('',#13261);
#6092=VERTEX_POINT('',#13264);
#6093=VERTEX_POINT('',#13267);
#6094=VERTEX_POINT('',#13270);
#6095=VERTEX_POINT('',#13271);
#6096=VERTEX_POINT('',#13287);
#6097=VERTEX_POINT('',#13292);
#6098=VERTEX_POINT('',#13296);
#6099=VERTEX_POINT('',#13299);
#6100=VERTEX_POINT('',#13300);
#6101=VERTEX_POINT('',#13318);
#6102=VERTEX_POINT('',#13322);
#6103=VERTEX_POINT('',#13325);
#6104=VERTEX_POINT('',#13326);
#6105=VERTEX_POINT('',#13345);
#6106=VERTEX_POINT('',#13348);
#6107=VERTEX_POINT('',#13351);
#6108=VERTEX_POINT('',#13354);
#6109=VERTEX_POINT('',#13357);
#6110=VERTEX_POINT('',#13360);
#6111=VERTEX_POINT('',#13363);
#6112=VERTEX_POINT('',#13366);
#6113=VERTEX_POINT('',#13367);
#6114=VERTEX_POINT('',#13383);
#6115=VERTEX_POINT('',#13388);
#6116=VERTEX_POINT('',#13392);
#6117=VERTEX_POINT('',#13395);
#6118=VERTEX_POINT('',#13396);
#6119=VERTEX_POINT('',#13414);
#6120=VERTEX_POINT('',#13418);
#6121=VERTEX_POINT('',#13421);
#6122=VERTEX_POINT('',#13422);
#6123=VERTEX_POINT('',#13441);
#6124=VERTEX_POINT('',#13444);
#6125=VERTEX_POINT('',#13447);
#6126=VERTEX_POINT('',#13450);
#6127=VERTEX_POINT('',#13453);
#6128=VERTEX_POINT('',#13456);
#6129=VERTEX_POINT('',#13459);
#6130=VERTEX_POINT('',#13462);
#6131=VERTEX_POINT('',#13463);
#6132=VERTEX_POINT('',#13479);
#6133=VERTEX_POINT('',#13484);
#6134=VERTEX_POINT('',#13488);
#6135=VERTEX_POINT('',#13491);
#6136=VERTEX_POINT('',#13492);
#6137=VERTEX_POINT('',#13510);
#6138=VERTEX_POINT('',#13514);
#6139=VERTEX_POINT('',#13517);
#6140=VERTEX_POINT('',#13518);
#6141=VERTEX_POINT('',#13537);
#6142=VERTEX_POINT('',#13540);
#6143=VERTEX_POINT('',#13543);
#6144=VERTEX_POINT('',#13546);
#6145=VERTEX_POINT('',#13549);
#6146=VERTEX_POINT('',#13552);
#6147=VERTEX_POINT('',#13555);
#6148=VERTEX_POINT('',#13558);
#6149=VERTEX_POINT('',#13559);
#6150=VERTEX_POINT('',#13575);
#6151=VERTEX_POINT('',#13580);
#6152=VERTEX_POINT('',#13584);
#6153=VERTEX_POINT('',#13587);
#6154=VERTEX_POINT('',#13588);
#6155=VERTEX_POINT('',#13606);
#6156=VERTEX_POINT('',#13610);
#6157=VERTEX_POINT('',#13613);
#6158=VERTEX_POINT('',#13614);
#6159=VERTEX_POINT('',#13633);
#6160=VERTEX_POINT('',#13636);
#6161=VERTEX_POINT('',#13639);
#6162=VERTEX_POINT('',#13642);
#6163=VERTEX_POINT('',#13645);
#6164=VERTEX_POINT('',#13648);
#6165=VERTEX_POINT('',#13651);
#6166=VERTEX_POINT('',#13654);
#6167=VERTEX_POINT('',#13655);
#6168=VERTEX_POINT('',#13671);
#6169=VERTEX_POINT('',#13676);
#6170=VERTEX_POINT('',#13680);
#6171=VERTEX_POINT('',#13683);
#6172=VERTEX_POINT('',#13684);
#6173=VERTEX_POINT('',#13702);
#6174=VERTEX_POINT('',#13706);
#6175=VERTEX_POINT('',#13709);
#6176=VERTEX_POINT('',#13710);
#6177=VERTEX_POINT('',#13729);
#6178=VERTEX_POINT('',#13732);
#6179=VERTEX_POINT('',#13735);
#6180=VERTEX_POINT('',#13738);
#6181=VERTEX_POINT('',#13741);
#6182=VERTEX_POINT('',#13744);
#6183=VERTEX_POINT('',#13747);
#6184=VERTEX_POINT('',#13750);
#6185=VERTEX_POINT('',#13751);
#6186=VERTEX_POINT('',#13767);
#6187=VERTEX_POINT('',#13772);
#6188=VERTEX_POINT('',#13776);
#6189=VERTEX_POINT('',#13779);
#6190=VERTEX_POINT('',#13780);
#6191=VERTEX_POINT('',#13798);
#6192=VERTEX_POINT('',#13802);
#6193=VERTEX_POINT('',#13805);
#6194=VERTEX_POINT('',#13806);
#6195=VERTEX_POINT('',#13825);
#6196=VERTEX_POINT('',#13828);
#6197=VERTEX_POINT('',#13831);
#6198=VERTEX_POINT('',#13834);
#6199=VERTEX_POINT('',#13837);
#6200=VERTEX_POINT('',#13840);
#6201=VERTEX_POINT('',#13843);
#6202=VERTEX_POINT('',#13846);
#6203=VERTEX_POINT('',#13847);
#6204=VERTEX_POINT('',#13863);
#6205=VERTEX_POINT('',#13868);
#6206=VERTEX_POINT('',#13872);
#6207=VERTEX_POINT('',#13875);
#6208=VERTEX_POINT('',#13876);
#6209=VERTEX_POINT('',#13894);
#6210=VERTEX_POINT('',#13898);
#6211=VERTEX_POINT('',#13901);
#6212=VERTEX_POINT('',#13902);
#6213=VERTEX_POINT('',#13921);
#6214=VERTEX_POINT('',#13924);
#6215=VERTEX_POINT('',#13927);
#6216=VERTEX_POINT('',#13930);
#6217=VERTEX_POINT('',#13933);
#6218=VERTEX_POINT('',#13936);
#6219=VERTEX_POINT('',#13939);
#6220=VERTEX_POINT('',#13942);
#6221=VERTEX_POINT('',#13943);
#6222=VERTEX_POINT('',#13959);
#6223=VERTEX_POINT('',#13964);
#6224=VERTEX_POINT('',#13968);
#6225=VERTEX_POINT('',#13971);
#6226=VERTEX_POINT('',#13972);
#6227=VERTEX_POINT('',#13990);
#6228=VERTEX_POINT('',#13994);
#6229=VERTEX_POINT('',#13997);
#6230=VERTEX_POINT('',#13998);
#6231=VERTEX_POINT('',#14017);
#6232=VERTEX_POINT('',#14020);
#6233=VERTEX_POINT('',#14023);
#6234=VERTEX_POINT('',#14026);
#6235=VERTEX_POINT('',#14029);
#6236=VERTEX_POINT('',#14032);
#6237=VERTEX_POINT('',#14035);
#6238=VERTEX_POINT('',#14038);
#6239=VERTEX_POINT('',#14039);
#6240=VERTEX_POINT('',#14055);
#6241=VERTEX_POINT('',#14060);
#6242=VERTEX_POINT('',#14064);
#6243=VERTEX_POINT('',#14067);
#6244=VERTEX_POINT('',#14068);
#6245=VERTEX_POINT('',#14086);
#6246=VERTEX_POINT('',#14090);
#6247=VERTEX_POINT('',#14093);
#6248=VERTEX_POINT('',#14094);
#6249=VERTEX_POINT('',#14113);
#6250=VERTEX_POINT('',#14116);
#6251=VERTEX_POINT('',#14119);
#6252=VERTEX_POINT('',#14122);
#6253=VERTEX_POINT('',#14125);
#6254=VERTEX_POINT('',#14128);
#6255=VERTEX_POINT('',#14131);
#6256=VERTEX_POINT('',#14134);
#6257=VERTEX_POINT('',#14135);
#6258=VERTEX_POINT('',#14151);
#6259=VERTEX_POINT('',#14156);
#6260=VERTEX_POINT('',#14160);
#6261=VERTEX_POINT('',#14163);
#6262=VERTEX_POINT('',#14164);
#6263=VERTEX_POINT('',#14182);
#6264=VERTEX_POINT('',#14186);
#6265=VERTEX_POINT('',#14189);
#6266=VERTEX_POINT('',#14190);
#6267=VERTEX_POINT('',#14209);
#6268=VERTEX_POINT('',#14212);
#6269=VERTEX_POINT('',#14215);
#6270=VERTEX_POINT('',#14218);
#6271=VERTEX_POINT('',#14221);
#6272=VERTEX_POINT('',#14224);
#6273=VERTEX_POINT('',#14227);
#6274=VERTEX_POINT('',#14230);
#6275=VERTEX_POINT('',#14231);
#6276=VERTEX_POINT('',#14247);
#6277=VERTEX_POINT('',#14252);
#6278=VERTEX_POINT('',#14256);
#6279=VERTEX_POINT('',#14259);
#6280=VERTEX_POINT('',#14260);
#6281=VERTEX_POINT('',#14278);
#6282=VERTEX_POINT('',#14282);
#6283=VERTEX_POINT('',#14285);
#6284=VERTEX_POINT('',#14286);
#6285=VERTEX_POINT('',#14305);
#6286=VERTEX_POINT('',#14308);
#6287=VERTEX_POINT('',#14311);
#6288=VERTEX_POINT('',#14314);
#6289=VERTEX_POINT('',#14317);
#6290=VERTEX_POINT('',#14320);
#6291=VERTEX_POINT('',#14323);
#6292=VERTEX_POINT('',#14326);
#6293=VERTEX_POINT('',#14327);
#6294=VERTEX_POINT('',#14343);
#6295=VERTEX_POINT('',#14348);
#6296=VERTEX_POINT('',#14352);
#6297=VERTEX_POINT('',#14355);
#6298=VERTEX_POINT('',#14356);
#6299=VERTEX_POINT('',#14374);
#6300=VERTEX_POINT('',#14378);
#6301=VERTEX_POINT('',#14381);
#6302=VERTEX_POINT('',#14382);
#6303=VERTEX_POINT('',#14401);
#6304=VERTEX_POINT('',#14404);
#6305=VERTEX_POINT('',#14420);
#6306=VERTEX_POINT('',#14421);
#6307=VERTEX_POINT('',#14425);
#6308=VERTEX_POINT('',#14441);
#6309=VERTEX_POINT('',#14442);
#6310=VERTEX_POINT('',#14448);
#6311=VERTEX_POINT('',#14451);
#6312=VERTEX_POINT('',#14467);
#6313=VERTEX_POINT('',#14468);
#6314=VERTEX_POINT('',#14474);
#6315=VERTEX_POINT('',#14477);
#6316=VERTEX_POINT('',#14493);
#6317=VERTEX_POINT('',#14494);
#6318=VERTEX_POINT('',#14500);
#6319=VERTEX_POINT('',#14503);
#6320=VERTEX_POINT('',#14519);
#6321=VERTEX_POINT('',#14520);
#6322=VERTEX_POINT('',#14526);
#6323=VERTEX_POINT('',#14529);
#6324=VERTEX_POINT('',#14545);
#6325=VERTEX_POINT('',#14546);
#6326=VERTEX_POINT('',#14552);
#6327=VERTEX_POINT('',#14555);
#6328=VERTEX_POINT('',#14556);
#6329=VERTEX_POINT('',#14558);
#6330=VERTEX_POINT('',#14560);
#6331=VERTEX_POINT('',#14564);
#6332=VERTEX_POINT('',#14566);
#6333=VERTEX_POINT('',#14569);
#6334=VERTEX_POINT('',#14571);
#6335=VERTEX_POINT('',#14574);
#6336=VERTEX_POINT('',#14575);
#6337=VERTEX_POINT('',#14577);
#6338=VERTEX_POINT('',#14579);
#6339=VERTEX_POINT('',#14581);
#6340=VERTEX_POINT('',#14583);
#6341=VERTEX_POINT('',#14587);
#6342=VERTEX_POINT('',#14589);
#6343=VERTEX_POINT('',#14593);
#6344=VERTEX_POINT('',#14594);
#6345=VERTEX_POINT('',#14599);
#6346=VERTEX_POINT('',#14600);
#6347=VERTEX_POINT('',#14602);
#6348=VERTEX_POINT('',#14604);
#6349=VERTEX_POINT('',#14608);
#6350=VERTEX_POINT('',#14611);
#6351=VERTEX_POINT('',#14615);
#6352=VERTEX_POINT('',#14620);
#6353=VERTEX_POINT('',#14622);
#6354=VERTEX_POINT('',#14624);
#6355=VERTEX_POINT('',#14628);
#6356=VERTEX_POINT('',#14632);
#6357=VERTEX_POINT('',#14635);
#6358=VERTEX_POINT('',#14638);
#6359=VERTEX_POINT('',#14641);
#6360=VERTEX_POINT('',#14644);
#6361=VERTEX_POINT('',#14647);
#6362=VERTEX_POINT('',#14650);
#6363=VERTEX_POINT('',#14653);
#6364=VERTEX_POINT('',#14656);
#6365=VERTEX_POINT('',#14659);
#6366=VERTEX_POINT('',#14662);
#6367=VERTEX_POINT('',#14665);
#6368=VERTEX_POINT('',#14668);
#6369=VERTEX_POINT('',#14669);
#6370=VERTEX_POINT('',#14671);
#6371=VERTEX_POINT('',#14673);
#6372=VERTEX_POINT('',#14677);
#6373=VERTEX_POINT('',#14678);
#6374=VERTEX_POINT('',#14681);
#6375=VERTEX_POINT('',#14685);
#6376=VERTEX_POINT('',#14689);
#6377=VERTEX_POINT('',#14691);
#6378=VERTEX_POINT('',#14695);
#6379=VERTEX_POINT('',#14697);
#6380=VERTEX_POINT('',#14701);
#6381=VERTEX_POINT('',#14702);
#6382=VERTEX_POINT('',#14704);
#6383=VERTEX_POINT('',#14706);
#6384=VERTEX_POINT('',#14710);
#6385=VERTEX_POINT('',#14712);
#6386=VERTEX_POINT('',#14717);
#6387=VERTEX_POINT('',#14721);
#6388=VERTEX_POINT('',#14727);
#6389=VERTEX_POINT('',#14735);
#6390=VERTEX_POINT('',#14739);
#6391=VERTEX_POINT('',#14741);
#6392=VERTEX_POINT('',#14745);
#6393=VERTEX_POINT('',#14749);
#6394=VERTEX_POINT('',#14753);
#6395=VERTEX_POINT('',#14757);
#6396=VERTEX_POINT('',#14761);
#6397=VERTEX_POINT('',#14762);
#6398=VERTEX_POINT('',#14769);
#6399=VERTEX_POINT('',#14775);
#6400=VERTEX_POINT('',#14781);
#6401=VERTEX_POINT('',#14782);
#6402=VERTEX_POINT('',#14784);
#6403=VERTEX_POINT('',#14786);
#6404=VERTEX_POINT('',#14790);
#6405=VERTEX_POINT('',#14795);
#6406=VERTEX_POINT('',#14799);
#6407=VERTEX_POINT('',#14805);
#6408=VERTEX_POINT('',#14809);
#6409=VERTEX_POINT('',#14813);
#6410=VERTEX_POINT('',#14815);
#6411=VERTEX_POINT('',#14819);
#6412=VERTEX_POINT('',#14820);
#6413=VERTEX_POINT('',#14825);
#6414=VERTEX_POINT('',#14829);
#6415=VERTEX_POINT('',#14835);
#6416=EDGE_CURVE('',#5764,#5764,#7208,.T.);
#6417=EDGE_CURVE('',#5765,#5765,#7209,.T.);
#6418=EDGE_CURVE('',#5766,#5766,#7210,.T.);
#6419=EDGE_CURVE('',#5767,#5767,#7211,.T.);
#6420=EDGE_CURVE('',#5768,#5768,#7212,.T.);
#6421=EDGE_CURVE('',#5769,#5769,#7213,.T.);
#6422=EDGE_CURVE('',#5770,#5771,#7214,.T.);
#6423=EDGE_CURVE('',#5771,#5770,#706,.T.);
#6424=EDGE_CURVE('',#5772,#5772,#7215,.T.);
#6425=EDGE_CURVE('',#5771,#5770,#7216,.T.);
#6426=EDGE_CURVE('',#5773,#5773,#7217,.T.);
#6427=EDGE_CURVE('',#5774,#5774,#7218,.T.);
#6428=EDGE_CURVE('',#5775,#5776,#7219,.T.);
#6429=EDGE_CURVE('',#5776,#5775,#7220,.T.);
#6430=EDGE_CURVE('',#5776,#5775,#707,.T.);
#6431=EDGE_CURVE('',#5777,#5777,#7221,.T.);
#6432=EDGE_CURVE('',#5778,#5778,#7222,.T.);
#6433=EDGE_CURVE('',#5779,#5780,#7223,.T.);
#6434=EDGE_CURVE('',#5780,#5779,#7224,.T.);
#6435=EDGE_CURVE('',#5780,#5779,#708,.T.);
#6436=EDGE_CURVE('',#5781,#5781,#7225,.T.);
#6437=EDGE_CURVE('',#5782,#5782,#7226,.T.);
#6438=EDGE_CURVE('',#5783,#5783,#7227,.T.);
#6439=EDGE_CURVE('',#5784,#5784,#7228,.T.);
#6440=EDGE_CURVE('',#5785,#5785,#7229,.T.);
#6441=EDGE_CURVE('',#5786,#5786,#7230,.T.);
#6442=EDGE_CURVE('',#5787,#5787,#7231,.T.);
#6443=EDGE_CURVE('',#5788,#5789,#7232,.T.);
#6444=EDGE_CURVE('',#5789,#5788,#709,.T.);
#6445=EDGE_CURVE('',#5790,#5790,#7233,.T.);
#6446=EDGE_CURVE('',#5789,#5788,#7234,.T.);
#6447=EDGE_CURVE('',#5791,#5791,#7235,.T.);
#6448=EDGE_CURVE('',#5792,#5792,#7236,.T.);
#6449=EDGE_CURVE('',#5793,#5794,#7237,.T.);
#6450=EDGE_CURVE('',#5794,#5793,#7238,.T.);
#6451=EDGE_CURVE('',#5794,#5793,#710,.T.);
#6452=EDGE_CURVE('',#5795,#5795,#7239,.T.);
#6453=EDGE_CURVE('',#5796,#5796,#7240,.T.);
#6454=EDGE_CURVE('',#5797,#5798,#7241,.T.);
#6455=EDGE_CURVE('',#5798,#5797,#7242,.T.);
#6456=EDGE_CURVE('',#5798,#5797,#711,.T.);
#6457=EDGE_CURVE('',#5799,#5799,#7243,.T.);
#6458=EDGE_CURVE('',#5800,#5800,#7244,.T.);
#6459=EDGE_CURVE('',#5801,#5801,#7245,.T.);
#6460=EDGE_CURVE('',#5802,#5802,#7246,.T.);
#6461=EDGE_CURVE('',#5803,#5803,#7247,.T.);
#6462=EDGE_CURVE('',#5804,#5804,#7248,.T.);
#6463=EDGE_CURVE('',#5805,#5805,#7249,.T.);
#6464=EDGE_CURVE('',#5806,#5807,#7250,.T.);
#6465=EDGE_CURVE('',#5807,#5806,#712,.T.);
#6466=EDGE_CURVE('',#5808,#5808,#7251,.T.);
#6467=EDGE_CURVE('',#5807,#5806,#7252,.T.);
#6468=EDGE_CURVE('',#5809,#5809,#7253,.T.);
#6469=EDGE_CURVE('',#5810,#5810,#7254,.T.);
#6470=EDGE_CURVE('',#5811,#5812,#7255,.T.);
#6471=EDGE_CURVE('',#5812,#5811,#7256,.T.);
#6472=EDGE_CURVE('',#5812,#5811,#713,.T.);
#6473=EDGE_CURVE('',#5813,#5813,#7257,.T.);
#6474=EDGE_CURVE('',#5814,#5814,#7258,.T.);
#6475=EDGE_CURVE('',#5815,#5816,#7259,.T.);
#6476=EDGE_CURVE('',#5816,#5815,#7260,.T.);
#6477=EDGE_CURVE('',#5816,#5815,#714,.T.);
#6478=EDGE_CURVE('',#5817,#5817,#7261,.T.);
#6479=EDGE_CURVE('',#5818,#5818,#7262,.T.);
#6480=EDGE_CURVE('',#5819,#5819,#7263,.T.);
#6481=EDGE_CURVE('',#5820,#5820,#7264,.T.);
#6482=EDGE_CURVE('',#5821,#5821,#7265,.T.);
#6483=EDGE_CURVE('',#5822,#5822,#7266,.T.);
#6484=EDGE_CURVE('',#5823,#5823,#7267,.T.);
#6485=EDGE_CURVE('',#5824,#5825,#7268,.T.);
#6486=EDGE_CURVE('',#5825,#5824,#715,.T.);
#6487=EDGE_CURVE('',#5826,#5826,#7269,.T.);
#6488=EDGE_CURVE('',#5825,#5824,#7270,.T.);
#6489=EDGE_CURVE('',#5827,#5827,#7271,.T.);
#6490=EDGE_CURVE('',#5828,#5828,#7272,.T.);
#6491=EDGE_CURVE('',#5829,#5830,#7273,.T.);
#6492=EDGE_CURVE('',#5830,#5829,#7274,.T.);
#6493=EDGE_CURVE('',#5830,#5829,#716,.T.);
#6494=EDGE_CURVE('',#5831,#5831,#7275,.T.);
#6495=EDGE_CURVE('',#5832,#5832,#7276,.T.);
#6496=EDGE_CURVE('',#5833,#5834,#7277,.T.);
#6497=EDGE_CURVE('',#5834,#5833,#7278,.T.);
#6498=EDGE_CURVE('',#5834,#5833,#717,.T.);
#6499=EDGE_CURVE('',#5835,#5835,#7279,.T.);
#6500=EDGE_CURVE('',#5836,#5836,#7280,.T.);
#6501=EDGE_CURVE('',#5837,#5837,#7281,.T.);
#6502=EDGE_CURVE('',#5838,#5838,#7282,.T.);
#6503=EDGE_CURVE('',#5839,#5839,#7283,.T.);
#6504=EDGE_CURVE('',#5840,#5840,#7284,.T.);
#6505=EDGE_CURVE('',#5841,#5841,#7285,.T.);
#6506=EDGE_CURVE('',#5842,#5843,#7286,.T.);
#6507=EDGE_CURVE('',#5843,#5842,#718,.T.);
#6508=EDGE_CURVE('',#5844,#5844,#7287,.T.);
#6509=EDGE_CURVE('',#5843,#5842,#7288,.T.);
#6510=EDGE_CURVE('',#5845,#5845,#7289,.T.);
#6511=EDGE_CURVE('',#5846,#5846,#7290,.T.);
#6512=EDGE_CURVE('',#5847,#5848,#7291,.T.);
#6513=EDGE_CURVE('',#5848,#5847,#7292,.T.);
#6514=EDGE_CURVE('',#5848,#5847,#719,.T.);
#6515=EDGE_CURVE('',#5849,#5849,#7293,.T.);
#6516=EDGE_CURVE('',#5850,#5850,#7294,.T.);
#6517=EDGE_CURVE('',#5851,#5852,#7295,.T.);
#6518=EDGE_CURVE('',#5852,#5851,#7296,.T.);
#6519=EDGE_CURVE('',#5852,#5851,#720,.T.);
#6520=EDGE_CURVE('',#5853,#5853,#7297,.T.);
#6521=EDGE_CURVE('',#5854,#5854,#7298,.T.);
#6522=EDGE_CURVE('',#5855,#5855,#7299,.T.);
#6523=EDGE_CURVE('',#5856,#5856,#7300,.T.);
#6524=EDGE_CURVE('',#5857,#5857,#7301,.T.);
#6525=EDGE_CURVE('',#5858,#5858,#7302,.T.);
#6526=EDGE_CURVE('',#5859,#5859,#7303,.T.);
#6527=EDGE_CURVE('',#5860,#5861,#7304,.T.);
#6528=EDGE_CURVE('',#5861,#5860,#721,.T.);
#6529=EDGE_CURVE('',#5862,#5862,#7305,.T.);
#6530=EDGE_CURVE('',#5861,#5860,#7306,.T.);
#6531=EDGE_CURVE('',#5863,#5863,#7307,.T.);
#6532=EDGE_CURVE('',#5864,#5864,#7308,.T.);
#6533=EDGE_CURVE('',#5865,#5866,#7309,.T.);
#6534=EDGE_CURVE('',#5866,#5865,#7310,.T.);
#6535=EDGE_CURVE('',#5866,#5865,#722,.T.);
#6536=EDGE_CURVE('',#5867,#5867,#7311,.T.);
#6537=EDGE_CURVE('',#5868,#5868,#7312,.T.);
#6538=EDGE_CURVE('',#5869,#5870,#7313,.T.);
#6539=EDGE_CURVE('',#5870,#5869,#7314,.T.);
#6540=EDGE_CURVE('',#5870,#5869,#723,.T.);
#6541=EDGE_CURVE('',#5871,#5871,#7315,.T.);
#6542=EDGE_CURVE('',#5872,#5872,#7316,.T.);
#6543=EDGE_CURVE('',#5873,#5873,#7317,.T.);
#6544=EDGE_CURVE('',#5874,#5874,#7318,.T.);
#6545=EDGE_CURVE('',#5875,#5875,#7319,.T.);
#6546=EDGE_CURVE('',#5876,#5876,#7320,.T.);
#6547=EDGE_CURVE('',#5877,#5877,#7321,.T.);
#6548=EDGE_CURVE('',#5878,#5879,#7322,.T.);
#6549=EDGE_CURVE('',#5879,#5878,#724,.T.);
#6550=EDGE_CURVE('',#5880,#5880,#7323,.T.);
#6551=EDGE_CURVE('',#5879,#5878,#7324,.T.);
#6552=EDGE_CURVE('',#5881,#5881,#7325,.T.);
#6553=EDGE_CURVE('',#5882,#5882,#7326,.T.);
#6554=EDGE_CURVE('',#5883,#5884,#7327,.T.);
#6555=EDGE_CURVE('',#5884,#5883,#7328,.T.);
#6556=EDGE_CURVE('',#5884,#5883,#725,.T.);
#6557=EDGE_CURVE('',#5885,#5885,#7329,.T.);
#6558=EDGE_CURVE('',#5886,#5886,#7330,.T.);
#6559=EDGE_CURVE('',#5887,#5888,#7331,.T.);
#6560=EDGE_CURVE('',#5888,#5887,#7332,.T.);
#6561=EDGE_CURVE('',#5888,#5887,#726,.T.);
#6562=EDGE_CURVE('',#5889,#5889,#7333,.T.);
#6563=EDGE_CURVE('',#5890,#5890,#7334,.T.);
#6564=EDGE_CURVE('',#5891,#5891,#7335,.T.);
#6565=EDGE_CURVE('',#5892,#5892,#7336,.T.);
#6566=EDGE_CURVE('',#5893,#5893,#7337,.T.);
#6567=EDGE_CURVE('',#5894,#5894,#7338,.T.);
#6568=EDGE_CURVE('',#5895,#5895,#7339,.T.);
#6569=EDGE_CURVE('',#5896,#5897,#7340,.T.);
#6570=EDGE_CURVE('',#5897,#5896,#727,.T.);
#6571=EDGE_CURVE('',#5898,#5898,#7341,.T.);
#6572=EDGE_CURVE('',#5897,#5896,#7342,.T.);
#6573=EDGE_CURVE('',#5899,#5899,#7343,.T.);
#6574=EDGE_CURVE('',#5900,#5900,#7344,.T.);
#6575=EDGE_CURVE('',#5901,#5902,#7345,.T.);
#6576=EDGE_CURVE('',#5902,#5901,#7346,.T.);
#6577=EDGE_CURVE('',#5902,#5901,#728,.T.);
#6578=EDGE_CURVE('',#5903,#5903,#7347,.T.);
#6579=EDGE_CURVE('',#5904,#5904,#7348,.T.);
#6580=EDGE_CURVE('',#5905,#5906,#7349,.T.);
#6581=EDGE_CURVE('',#5906,#5905,#7350,.T.);
#6582=EDGE_CURVE('',#5906,#5905,#729,.T.);
#6583=EDGE_CURVE('',#5907,#5907,#7351,.T.);
#6584=EDGE_CURVE('',#5908,#5908,#7352,.T.);
#6585=EDGE_CURVE('',#5909,#5909,#7353,.T.);
#6586=EDGE_CURVE('',#5910,#5910,#7354,.T.);
#6587=EDGE_CURVE('',#5911,#5911,#7355,.T.);
#6588=EDGE_CURVE('',#5912,#5912,#7356,.T.);
#6589=EDGE_CURVE('',#5913,#5913,#7357,.T.);
#6590=EDGE_CURVE('',#5914,#5915,#7358,.T.);
#6591=EDGE_CURVE('',#5915,#5914,#730,.T.);
#6592=EDGE_CURVE('',#5916,#5916,#7359,.T.);
#6593=EDGE_CURVE('',#5915,#5914,#7360,.T.);
#6594=EDGE_CURVE('',#5917,#5917,#7361,.T.);
#6595=EDGE_CURVE('',#5918,#5918,#7362,.T.);
#6596=EDGE_CURVE('',#5919,#5920,#7363,.T.);
#6597=EDGE_CURVE('',#5920,#5919,#7364,.T.);
#6598=EDGE_CURVE('',#5920,#5919,#731,.T.);
#6599=EDGE_CURVE('',#5921,#5921,#7365,.T.);
#6600=EDGE_CURVE('',#5922,#5922,#7366,.T.);
#6601=EDGE_CURVE('',#5923,#5924,#7367,.T.);
#6602=EDGE_CURVE('',#5924,#5923,#7368,.T.);
#6603=EDGE_CURVE('',#5924,#5923,#732,.T.);
#6604=EDGE_CURVE('',#5925,#5925,#7369,.T.);
#6605=EDGE_CURVE('',#5926,#5926,#7370,.T.);
#6606=EDGE_CURVE('',#5927,#5927,#7371,.T.);
#6607=EDGE_CURVE('',#5928,#5928,#7372,.T.);
#6608=EDGE_CURVE('',#5929,#5929,#7373,.T.);
#6609=EDGE_CURVE('',#5930,#5930,#7374,.T.);
#6610=EDGE_CURVE('',#5931,#5931,#7375,.T.);
#6611=EDGE_CURVE('',#5932,#5933,#7376,.T.);
#6612=EDGE_CURVE('',#5933,#5932,#733,.T.);
#6613=EDGE_CURVE('',#5934,#5934,#7377,.T.);
#6614=EDGE_CURVE('',#5933,#5932,#7378,.T.);
#6615=EDGE_CURVE('',#5935,#5935,#7379,.T.);
#6616=EDGE_CURVE('',#5936,#5936,#7380,.T.);
#6617=EDGE_CURVE('',#5937,#5938,#7381,.T.);
#6618=EDGE_CURVE('',#5938,#5937,#7382,.T.);
#6619=EDGE_CURVE('',#5938,#5937,#734,.T.);
#6620=EDGE_CURVE('',#5939,#5939,#7383,.T.);
#6621=EDGE_CURVE('',#5940,#5940,#7384,.T.);
#6622=EDGE_CURVE('',#5941,#5942,#7385,.T.);
#6623=EDGE_CURVE('',#5942,#5941,#7386,.T.);
#6624=EDGE_CURVE('',#5942,#5941,#735,.T.);
#6625=EDGE_CURVE('',#5943,#5943,#7387,.T.);
#6626=EDGE_CURVE('',#5944,#5944,#7388,.T.);
#6627=EDGE_CURVE('',#5945,#5945,#7389,.T.);
#6628=EDGE_CURVE('',#5946,#5946,#7390,.T.);
#6629=EDGE_CURVE('',#5947,#5947,#7391,.T.);
#6630=EDGE_CURVE('',#5948,#5948,#7392,.T.);
#6631=EDGE_CURVE('',#5949,#5949,#7393,.T.);
#6632=EDGE_CURVE('',#5950,#5951,#7394,.T.);
#6633=EDGE_CURVE('',#5951,#5950,#736,.T.);
#6634=EDGE_CURVE('',#5952,#5952,#7395,.T.);
#6635=EDGE_CURVE('',#5951,#5950,#7396,.T.);
#6636=EDGE_CURVE('',#5953,#5953,#7397,.T.);
#6637=EDGE_CURVE('',#5954,#5954,#7398,.T.);
#6638=EDGE_CURVE('',#5955,#5956,#7399,.T.);
#6639=EDGE_CURVE('',#5956,#5955,#7400,.T.);
#6640=EDGE_CURVE('',#5956,#5955,#737,.T.);
#6641=EDGE_CURVE('',#5957,#5957,#7401,.T.);
#6642=EDGE_CURVE('',#5958,#5958,#7402,.T.);
#6643=EDGE_CURVE('',#5959,#5960,#7403,.T.);
#6644=EDGE_CURVE('',#5960,#5959,#7404,.T.);
#6645=EDGE_CURVE('',#5960,#5959,#738,.T.);
#6646=EDGE_CURVE('',#5961,#5961,#7405,.T.);
#6647=EDGE_CURVE('',#5962,#5962,#7406,.T.);
#6648=EDGE_CURVE('',#5963,#5963,#7407,.T.);
#6649=EDGE_CURVE('',#5964,#5964,#7408,.T.);
#6650=EDGE_CURVE('',#5965,#5965,#7409,.T.);
#6651=EDGE_CURVE('',#5966,#5966,#7410,.T.);
#6652=EDGE_CURVE('',#5967,#5967,#7411,.T.);
#6653=EDGE_CURVE('',#5968,#5969,#7412,.T.);
#6654=EDGE_CURVE('',#5969,#5968,#739,.T.);
#6655=EDGE_CURVE('',#5970,#5970,#7413,.T.);
#6656=EDGE_CURVE('',#5969,#5968,#7414,.T.);
#6657=EDGE_CURVE('',#5971,#5971,#7415,.T.);
#6658=EDGE_CURVE('',#5972,#5972,#7416,.T.);
#6659=EDGE_CURVE('',#5973,#5974,#7417,.T.);
#6660=EDGE_CURVE('',#5974,#5973,#7418,.T.);
#6661=EDGE_CURVE('',#5974,#5973,#740,.T.);
#6662=EDGE_CURVE('',#5975,#5975,#7419,.T.);
#6663=EDGE_CURVE('',#5976,#5976,#7420,.T.);
#6664=EDGE_CURVE('',#5977,#5978,#7421,.T.);
#6665=EDGE_CURVE('',#5978,#5977,#7422,.T.);
#6666=EDGE_CURVE('',#5978,#5977,#741,.T.);
#6667=EDGE_CURVE('',#5979,#5979,#7423,.T.);
#6668=EDGE_CURVE('',#5980,#5980,#7424,.T.);
#6669=EDGE_CURVE('',#5981,#5981,#7425,.T.);
#6670=EDGE_CURVE('',#5982,#5982,#7426,.T.);
#6671=EDGE_CURVE('',#5983,#5983,#7427,.T.);
#6672=EDGE_CURVE('',#5984,#5984,#7428,.T.);
#6673=EDGE_CURVE('',#5985,#5985,#7429,.T.);
#6674=EDGE_CURVE('',#5986,#5987,#7430,.T.);
#6675=EDGE_CURVE('',#5987,#5986,#742,.T.);
#6676=EDGE_CURVE('',#5988,#5988,#7431,.T.);
#6677=EDGE_CURVE('',#5987,#5986,#7432,.T.);
#6678=EDGE_CURVE('',#5989,#5989,#7433,.T.);
#6679=EDGE_CURVE('',#5990,#5990,#7434,.T.);
#6680=EDGE_CURVE('',#5991,#5992,#7435,.T.);
#6681=EDGE_CURVE('',#5992,#5991,#7436,.T.);
#6682=EDGE_CURVE('',#5992,#5991,#743,.T.);
#6683=EDGE_CURVE('',#5993,#5993,#7437,.T.);
#6684=EDGE_CURVE('',#5994,#5994,#7438,.T.);
#6685=EDGE_CURVE('',#5995,#5996,#7439,.T.);
#6686=EDGE_CURVE('',#5996,#5995,#7440,.T.);
#6687=EDGE_CURVE('',#5996,#5995,#744,.T.);
#6688=EDGE_CURVE('',#5997,#5997,#7441,.T.);
#6689=EDGE_CURVE('',#5998,#5998,#7442,.T.);
#6690=EDGE_CURVE('',#5999,#5999,#7443,.T.);
#6691=EDGE_CURVE('',#6000,#6000,#7444,.T.);
#6692=EDGE_CURVE('',#6001,#6001,#7445,.T.);
#6693=EDGE_CURVE('',#6002,#6002,#7446,.T.);
#6694=EDGE_CURVE('',#6003,#6003,#7447,.T.);
#6695=EDGE_CURVE('',#6004,#6005,#7448,.T.);
#6696=EDGE_CURVE('',#6005,#6004,#745,.T.);
#6697=EDGE_CURVE('',#6006,#6006,#7449,.T.);
#6698=EDGE_CURVE('',#6005,#6004,#7450,.T.);
#6699=EDGE_CURVE('',#6007,#6007,#7451,.T.);
#6700=EDGE_CURVE('',#6008,#6008,#7452,.T.);
#6701=EDGE_CURVE('',#6009,#6010,#7453,.T.);
#6702=EDGE_CURVE('',#6010,#6009,#7454,.T.);
#6703=EDGE_CURVE('',#6010,#6009,#746,.T.);
#6704=EDGE_CURVE('',#6011,#6011,#7455,.T.);
#6705=EDGE_CURVE('',#6012,#6012,#7456,.T.);
#6706=EDGE_CURVE('',#6013,#6014,#7457,.T.);
#6707=EDGE_CURVE('',#6014,#6013,#7458,.T.);
#6708=EDGE_CURVE('',#6014,#6013,#747,.T.);
#6709=EDGE_CURVE('',#6015,#6015,#7459,.T.);
#6710=EDGE_CURVE('',#6016,#6016,#7460,.T.);
#6711=EDGE_CURVE('',#6017,#6017,#7461,.T.);
#6712=EDGE_CURVE('',#6018,#6018,#7462,.T.);
#6713=EDGE_CURVE('',#6019,#6019,#7463,.T.);
#6714=EDGE_CURVE('',#6020,#6020,#7464,.T.);
#6715=EDGE_CURVE('',#6021,#6021,#7465,.T.);
#6716=EDGE_CURVE('',#6022,#6023,#7466,.T.);
#6717=EDGE_CURVE('',#6023,#6022,#748,.T.);
#6718=EDGE_CURVE('',#6024,#6024,#7467,.T.);
#6719=EDGE_CURVE('',#6023,#6022,#7468,.T.);
#6720=EDGE_CURVE('',#6025,#6025,#7469,.T.);
#6721=EDGE_CURVE('',#6026,#6026,#7470,.T.);
#6722=EDGE_CURVE('',#6027,#6028,#7471,.T.);
#6723=EDGE_CURVE('',#6028,#6027,#7472,.T.);
#6724=EDGE_CURVE('',#6028,#6027,#749,.T.);
#6725=EDGE_CURVE('',#6029,#6029,#7473,.T.);
#6726=EDGE_CURVE('',#6030,#6030,#7474,.T.);
#6727=EDGE_CURVE('',#6031,#6032,#7475,.T.);
#6728=EDGE_CURVE('',#6032,#6031,#7476,.T.);
#6729=EDGE_CURVE('',#6032,#6031,#750,.T.);
#6730=EDGE_CURVE('',#6033,#6033,#7477,.T.);
#6731=EDGE_CURVE('',#6034,#6034,#7478,.T.);
#6732=EDGE_CURVE('',#6035,#6035,#7479,.T.);
#6733=EDGE_CURVE('',#6036,#6036,#7480,.T.);
#6734=EDGE_CURVE('',#6037,#6037,#7481,.T.);
#6735=EDGE_CURVE('',#6038,#6038,#7482,.T.);
#6736=EDGE_CURVE('',#6039,#6039,#7483,.T.);
#6737=EDGE_CURVE('',#6040,#6041,#7484,.T.);
#6738=EDGE_CURVE('',#6041,#6040,#751,.T.);
#6739=EDGE_CURVE('',#6042,#6042,#7485,.T.);
#6740=EDGE_CURVE('',#6041,#6040,#7486,.T.);
#6741=EDGE_CURVE('',#6043,#6043,#7487,.T.);
#6742=EDGE_CURVE('',#6044,#6044,#7488,.T.);
#6743=EDGE_CURVE('',#6045,#6046,#7489,.T.);
#6744=EDGE_CURVE('',#6046,#6045,#7490,.T.);
#6745=EDGE_CURVE('',#6046,#6045,#752,.T.);
#6746=EDGE_CURVE('',#6047,#6047,#7491,.T.);
#6747=EDGE_CURVE('',#6048,#6048,#7492,.T.);
#6748=EDGE_CURVE('',#6049,#6050,#7493,.T.);
#6749=EDGE_CURVE('',#6050,#6049,#7494,.T.);
#6750=EDGE_CURVE('',#6050,#6049,#753,.T.);
#6751=EDGE_CURVE('',#6051,#6051,#7495,.T.);
#6752=EDGE_CURVE('',#6052,#6052,#7496,.T.);
#6753=EDGE_CURVE('',#6053,#6053,#7497,.T.);
#6754=EDGE_CURVE('',#6054,#6054,#7498,.T.);
#6755=EDGE_CURVE('',#6055,#6055,#7499,.T.);
#6756=EDGE_CURVE('',#6056,#6056,#7500,.T.);
#6757=EDGE_CURVE('',#6057,#6057,#7501,.T.);
#6758=EDGE_CURVE('',#6058,#6059,#7502,.T.);
#6759=EDGE_CURVE('',#6059,#6058,#754,.T.);
#6760=EDGE_CURVE('',#6060,#6060,#7503,.T.);
#6761=EDGE_CURVE('',#6059,#6058,#7504,.T.);
#6762=EDGE_CURVE('',#6061,#6061,#7505,.T.);
#6763=EDGE_CURVE('',#6062,#6062,#7506,.T.);
#6764=EDGE_CURVE('',#6063,#6064,#7507,.T.);
#6765=EDGE_CURVE('',#6064,#6063,#7508,.T.);
#6766=EDGE_CURVE('',#6064,#6063,#755,.T.);
#6767=EDGE_CURVE('',#6065,#6065,#7509,.T.);
#6768=EDGE_CURVE('',#6066,#6066,#7510,.T.);
#6769=EDGE_CURVE('',#6067,#6068,#7511,.T.);
#6770=EDGE_CURVE('',#6068,#6067,#7512,.T.);
#6771=EDGE_CURVE('',#6068,#6067,#756,.T.);
#6772=EDGE_CURVE('',#6069,#6069,#7513,.T.);
#6773=EDGE_CURVE('',#6070,#6070,#7514,.T.);
#6774=EDGE_CURVE('',#6071,#6071,#7515,.T.);
#6775=EDGE_CURVE('',#6072,#6072,#7516,.T.);
#6776=EDGE_CURVE('',#6073,#6073,#7517,.T.);
#6777=EDGE_CURVE('',#6074,#6074,#7518,.T.);
#6778=EDGE_CURVE('',#6075,#6075,#7519,.T.);
#6779=EDGE_CURVE('',#6076,#6077,#7520,.T.);
#6780=EDGE_CURVE('',#6077,#6076,#757,.T.);
#6781=EDGE_CURVE('',#6078,#6078,#7521,.T.);
#6782=EDGE_CURVE('',#6077,#6076,#7522,.T.);
#6783=EDGE_CURVE('',#6079,#6079,#7523,.T.);
#6784=EDGE_CURVE('',#6080,#6080,#7524,.T.);
#6785=EDGE_CURVE('',#6081,#6082,#7525,.T.);
#6786=EDGE_CURVE('',#6082,#6081,#7526,.T.);
#6787=EDGE_CURVE('',#6082,#6081,#758,.T.);
#6788=EDGE_CURVE('',#6083,#6083,#7527,.T.);
#6789=EDGE_CURVE('',#6084,#6084,#7528,.T.);
#6790=EDGE_CURVE('',#6085,#6086,#7529,.T.);
#6791=EDGE_CURVE('',#6086,#6085,#7530,.T.);
#6792=EDGE_CURVE('',#6086,#6085,#759,.T.);
#6793=EDGE_CURVE('',#6087,#6087,#7531,.T.);
#6794=EDGE_CURVE('',#6088,#6088,#7532,.T.);
#6795=EDGE_CURVE('',#6089,#6089,#7533,.T.);
#6796=EDGE_CURVE('',#6090,#6090,#7534,.T.);
#6797=EDGE_CURVE('',#6091,#6091,#7535,.T.);
#6798=EDGE_CURVE('',#6092,#6092,#7536,.T.);
#6799=EDGE_CURVE('',#6093,#6093,#7537,.T.);
#6800=EDGE_CURVE('',#6094,#6095,#7538,.T.);
#6801=EDGE_CURVE('',#6095,#6094,#760,.T.);
#6802=EDGE_CURVE('',#6096,#6096,#7539,.T.);
#6803=EDGE_CURVE('',#6095,#6094,#7540,.T.);
#6804=EDGE_CURVE('',#6097,#6097,#7541,.T.);
#6805=EDGE_CURVE('',#6098,#6098,#7542,.T.);
#6806=EDGE_CURVE('',#6099,#6100,#7543,.T.);
#6807=EDGE_CURVE('',#6100,#6099,#7544,.T.);
#6808=EDGE_CURVE('',#6100,#6099,#761,.T.);
#6809=EDGE_CURVE('',#6101,#6101,#7545,.T.);
#6810=EDGE_CURVE('',#6102,#6102,#7546,.T.);
#6811=EDGE_CURVE('',#6103,#6104,#7547,.T.);
#6812=EDGE_CURVE('',#6104,#6103,#7548,.T.);
#6813=EDGE_CURVE('',#6104,#6103,#762,.T.);
#6814=EDGE_CURVE('',#6105,#6105,#7549,.T.);
#6815=EDGE_CURVE('',#6106,#6106,#7550,.T.);
#6816=EDGE_CURVE('',#6107,#6107,#7551,.T.);
#6817=EDGE_CURVE('',#6108,#6108,#7552,.T.);
#6818=EDGE_CURVE('',#6109,#6109,#7553,.T.);
#6819=EDGE_CURVE('',#6110,#6110,#7554,.T.);
#6820=EDGE_CURVE('',#6111,#6111,#7555,.T.);
#6821=EDGE_CURVE('',#6112,#6113,#7556,.T.);
#6822=EDGE_CURVE('',#6113,#6112,#763,.T.);
#6823=EDGE_CURVE('',#6114,#6114,#7557,.T.);
#6824=EDGE_CURVE('',#6113,#6112,#7558,.T.);
#6825=EDGE_CURVE('',#6115,#6115,#7559,.T.);
#6826=EDGE_CURVE('',#6116,#6116,#7560,.T.);
#6827=EDGE_CURVE('',#6117,#6118,#7561,.T.);
#6828=EDGE_CURVE('',#6118,#6117,#7562,.T.);
#6829=EDGE_CURVE('',#6118,#6117,#764,.T.);
#6830=EDGE_CURVE('',#6119,#6119,#7563,.T.);
#6831=EDGE_CURVE('',#6120,#6120,#7564,.T.);
#6832=EDGE_CURVE('',#6121,#6122,#7565,.T.);
#6833=EDGE_CURVE('',#6122,#6121,#7566,.T.);
#6834=EDGE_CURVE('',#6122,#6121,#765,.T.);
#6835=EDGE_CURVE('',#6123,#6123,#7567,.T.);
#6836=EDGE_CURVE('',#6124,#6124,#7568,.T.);
#6837=EDGE_CURVE('',#6125,#6125,#7569,.T.);
#6838=EDGE_CURVE('',#6126,#6126,#7570,.T.);
#6839=EDGE_CURVE('',#6127,#6127,#7571,.T.);
#6840=EDGE_CURVE('',#6128,#6128,#7572,.T.);
#6841=EDGE_CURVE('',#6129,#6129,#7573,.T.);
#6842=EDGE_CURVE('',#6130,#6131,#7574,.T.);
#6843=EDGE_CURVE('',#6131,#6130,#766,.T.);
#6844=EDGE_CURVE('',#6132,#6132,#7575,.T.);
#6845=EDGE_CURVE('',#6131,#6130,#7576,.T.);
#6846=EDGE_CURVE('',#6133,#6133,#7577,.T.);
#6847=EDGE_CURVE('',#6134,#6134,#7578,.T.);
#6848=EDGE_CURVE('',#6135,#6136,#7579,.T.);
#6849=EDGE_CURVE('',#6136,#6135,#7580,.T.);
#6850=EDGE_CURVE('',#6136,#6135,#767,.T.);
#6851=EDGE_CURVE('',#6137,#6137,#7581,.T.);
#6852=EDGE_CURVE('',#6138,#6138,#7582,.T.);
#6853=EDGE_CURVE('',#6139,#6140,#7583,.T.);
#6854=EDGE_CURVE('',#6140,#6139,#7584,.T.);
#6855=EDGE_CURVE('',#6140,#6139,#768,.T.);
#6856=EDGE_CURVE('',#6141,#6141,#7585,.T.);
#6857=EDGE_CURVE('',#6142,#6142,#7586,.T.);
#6858=EDGE_CURVE('',#6143,#6143,#7587,.T.);
#6859=EDGE_CURVE('',#6144,#6144,#7588,.T.);
#6860=EDGE_CURVE('',#6145,#6145,#7589,.T.);
#6861=EDGE_CURVE('',#6146,#6146,#7590,.T.);
#6862=EDGE_CURVE('',#6147,#6147,#7591,.T.);
#6863=EDGE_CURVE('',#6148,#6149,#7592,.T.);
#6864=EDGE_CURVE('',#6149,#6148,#769,.T.);
#6865=EDGE_CURVE('',#6150,#6150,#7593,.T.);
#6866=EDGE_CURVE('',#6149,#6148,#7594,.T.);
#6867=EDGE_CURVE('',#6151,#6151,#7595,.T.);
#6868=EDGE_CURVE('',#6152,#6152,#7596,.T.);
#6869=EDGE_CURVE('',#6153,#6154,#7597,.T.);
#6870=EDGE_CURVE('',#6154,#6153,#7598,.T.);
#6871=EDGE_CURVE('',#6154,#6153,#770,.T.);
#6872=EDGE_CURVE('',#6155,#6155,#7599,.T.);
#6873=EDGE_CURVE('',#6156,#6156,#7600,.T.);
#6874=EDGE_CURVE('',#6157,#6158,#7601,.T.);
#6875=EDGE_CURVE('',#6158,#6157,#7602,.T.);
#6876=EDGE_CURVE('',#6158,#6157,#771,.T.);
#6877=EDGE_CURVE('',#6159,#6159,#7603,.T.);
#6878=EDGE_CURVE('',#6160,#6160,#7604,.T.);
#6879=EDGE_CURVE('',#6161,#6161,#7605,.T.);
#6880=EDGE_CURVE('',#6162,#6162,#7606,.T.);
#6881=EDGE_CURVE('',#6163,#6163,#7607,.T.);
#6882=EDGE_CURVE('',#6164,#6164,#7608,.T.);
#6883=EDGE_CURVE('',#6165,#6165,#7609,.T.);
#6884=EDGE_CURVE('',#6166,#6167,#7610,.T.);
#6885=EDGE_CURVE('',#6167,#6166,#772,.T.);
#6886=EDGE_CURVE('',#6168,#6168,#7611,.T.);
#6887=EDGE_CURVE('',#6167,#6166,#7612,.T.);
#6888=EDGE_CURVE('',#6169,#6169,#7613,.T.);
#6889=EDGE_CURVE('',#6170,#6170,#7614,.T.);
#6890=EDGE_CURVE('',#6171,#6172,#7615,.T.);
#6891=EDGE_CURVE('',#6172,#6171,#7616,.T.);
#6892=EDGE_CURVE('',#6172,#6171,#773,.T.);
#6893=EDGE_CURVE('',#6173,#6173,#7617,.T.);
#6894=EDGE_CURVE('',#6174,#6174,#7618,.T.);
#6895=EDGE_CURVE('',#6175,#6176,#7619,.T.);
#6896=EDGE_CURVE('',#6176,#6175,#7620,.T.);
#6897=EDGE_CURVE('',#6176,#6175,#774,.T.);
#6898=EDGE_CURVE('',#6177,#6177,#7621,.T.);
#6899=EDGE_CURVE('',#6178,#6178,#7622,.T.);
#6900=EDGE_CURVE('',#6179,#6179,#7623,.T.);
#6901=EDGE_CURVE('',#6180,#6180,#7624,.T.);
#6902=EDGE_CURVE('',#6181,#6181,#7625,.T.);
#6903=EDGE_CURVE('',#6182,#6182,#7626,.T.);
#6904=EDGE_CURVE('',#6183,#6183,#7627,.T.);
#6905=EDGE_CURVE('',#6184,#6185,#7628,.T.);
#6906=EDGE_CURVE('',#6185,#6184,#775,.T.);
#6907=EDGE_CURVE('',#6186,#6186,#7629,.T.);
#6908=EDGE_CURVE('',#6185,#6184,#7630,.T.);
#6909=EDGE_CURVE('',#6187,#6187,#7631,.T.);
#6910=EDGE_CURVE('',#6188,#6188,#7632,.T.);
#6911=EDGE_CURVE('',#6189,#6190,#7633,.T.);
#6912=EDGE_CURVE('',#6190,#6189,#7634,.T.);
#6913=EDGE_CURVE('',#6190,#6189,#776,.T.);
#6914=EDGE_CURVE('',#6191,#6191,#7635,.T.);
#6915=EDGE_CURVE('',#6192,#6192,#7636,.T.);
#6916=EDGE_CURVE('',#6193,#6194,#7637,.T.);
#6917=EDGE_CURVE('',#6194,#6193,#7638,.T.);
#6918=EDGE_CURVE('',#6194,#6193,#777,.T.);
#6919=EDGE_CURVE('',#6195,#6195,#7639,.T.);
#6920=EDGE_CURVE('',#6196,#6196,#7640,.T.);
#6921=EDGE_CURVE('',#6197,#6197,#7641,.T.);
#6922=EDGE_CURVE('',#6198,#6198,#7642,.T.);
#6923=EDGE_CURVE('',#6199,#6199,#7643,.T.);
#6924=EDGE_CURVE('',#6200,#6200,#7644,.T.);
#6925=EDGE_CURVE('',#6201,#6201,#7645,.T.);
#6926=EDGE_CURVE('',#6202,#6203,#7646,.T.);
#6927=EDGE_CURVE('',#6203,#6202,#778,.T.);
#6928=EDGE_CURVE('',#6204,#6204,#7647,.T.);
#6929=EDGE_CURVE('',#6203,#6202,#7648,.T.);
#6930=EDGE_CURVE('',#6205,#6205,#7649,.T.);
#6931=EDGE_CURVE('',#6206,#6206,#7650,.T.);
#6932=EDGE_CURVE('',#6207,#6208,#7651,.T.);
#6933=EDGE_CURVE('',#6208,#6207,#7652,.T.);
#6934=EDGE_CURVE('',#6208,#6207,#779,.T.);
#6935=EDGE_CURVE('',#6209,#6209,#7653,.T.);
#6936=EDGE_CURVE('',#6210,#6210,#7654,.T.);
#6937=EDGE_CURVE('',#6211,#6212,#7655,.T.);
#6938=EDGE_CURVE('',#6212,#6211,#7656,.T.);
#6939=EDGE_CURVE('',#6212,#6211,#780,.T.);
#6940=EDGE_CURVE('',#6213,#6213,#7657,.T.);
#6941=EDGE_CURVE('',#6214,#6214,#7658,.T.);
#6942=EDGE_CURVE('',#6215,#6215,#7659,.T.);
#6943=EDGE_CURVE('',#6216,#6216,#7660,.T.);
#6944=EDGE_CURVE('',#6217,#6217,#7661,.T.);
#6945=EDGE_CURVE('',#6218,#6218,#7662,.T.);
#6946=EDGE_CURVE('',#6219,#6219,#7663,.T.);
#6947=EDGE_CURVE('',#6220,#6221,#7664,.T.);
#6948=EDGE_CURVE('',#6221,#6220,#781,.T.);
#6949=EDGE_CURVE('',#6222,#6222,#7665,.T.);
#6950=EDGE_CURVE('',#6221,#6220,#7666,.T.);
#6951=EDGE_CURVE('',#6223,#6223,#7667,.T.);
#6952=EDGE_CURVE('',#6224,#6224,#7668,.T.);
#6953=EDGE_CURVE('',#6225,#6226,#7669,.T.);
#6954=EDGE_CURVE('',#6226,#6225,#7670,.T.);
#6955=EDGE_CURVE('',#6226,#6225,#782,.T.);
#6956=EDGE_CURVE('',#6227,#6227,#7671,.T.);
#6957=EDGE_CURVE('',#6228,#6228,#7672,.T.);
#6958=EDGE_CURVE('',#6229,#6230,#7673,.T.);
#6959=EDGE_CURVE('',#6230,#6229,#7674,.T.);
#6960=EDGE_CURVE('',#6230,#6229,#783,.T.);
#6961=EDGE_CURVE('',#6231,#6231,#7675,.T.);
#6962=EDGE_CURVE('',#6232,#6232,#7676,.T.);
#6963=EDGE_CURVE('',#6233,#6233,#7677,.T.);
#6964=EDGE_CURVE('',#6234,#6234,#7678,.T.);
#6965=EDGE_CURVE('',#6235,#6235,#7679,.T.);
#6966=EDGE_CURVE('',#6236,#6236,#7680,.T.);
#6967=EDGE_CURVE('',#6237,#6237,#7681,.T.);
#6968=EDGE_CURVE('',#6238,#6239,#7682,.T.);
#6969=EDGE_CURVE('',#6239,#6238,#784,.T.);
#6970=EDGE_CURVE('',#6240,#6240,#7683,.T.);
#6971=EDGE_CURVE('',#6239,#6238,#7684,.T.);
#6972=EDGE_CURVE('',#6241,#6241,#7685,.T.);
#6973=EDGE_CURVE('',#6242,#6242,#7686,.T.);
#6974=EDGE_CURVE('',#6243,#6244,#7687,.T.);
#6975=EDGE_CURVE('',#6244,#6243,#7688,.T.);
#6976=EDGE_CURVE('',#6244,#6243,#785,.T.);
#6977=EDGE_CURVE('',#6245,#6245,#7689,.T.);
#6978=EDGE_CURVE('',#6246,#6246,#7690,.T.);
#6979=EDGE_CURVE('',#6247,#6248,#7691,.T.);
#6980=EDGE_CURVE('',#6248,#6247,#7692,.T.);
#6981=EDGE_CURVE('',#6248,#6247,#786,.T.);
#6982=EDGE_CURVE('',#6249,#6249,#7693,.T.);
#6983=EDGE_CURVE('',#6250,#6250,#7694,.T.);
#6984=EDGE_CURVE('',#6251,#6251,#7695,.T.);
#6985=EDGE_CURVE('',#6252,#6252,#7696,.T.);
#6986=EDGE_CURVE('',#6253,#6253,#7697,.T.);
#6987=EDGE_CURVE('',#6254,#6254,#7698,.T.);
#6988=EDGE_CURVE('',#6255,#6255,#7699,.T.);
#6989=EDGE_CURVE('',#6256,#6257,#7700,.T.);
#6990=EDGE_CURVE('',#6257,#6256,#787,.T.);
#6991=EDGE_CURVE('',#6258,#6258,#7701,.T.);
#6992=EDGE_CURVE('',#6257,#6256,#7702,.T.);
#6993=EDGE_CURVE('',#6259,#6259,#7703,.T.);
#6994=EDGE_CURVE('',#6260,#6260,#7704,.T.);
#6995=EDGE_CURVE('',#6261,#6262,#7705,.T.);
#6996=EDGE_CURVE('',#6262,#6261,#7706,.T.);
#6997=EDGE_CURVE('',#6262,#6261,#788,.T.);
#6998=EDGE_CURVE('',#6263,#6263,#7707,.T.);
#6999=EDGE_CURVE('',#6264,#6264,#7708,.T.);
#7000=EDGE_CURVE('',#6265,#6266,#7709,.T.);
#7001=EDGE_CURVE('',#6266,#6265,#7710,.T.);
#7002=EDGE_CURVE('',#6266,#6265,#789,.T.);
#7003=EDGE_CURVE('',#6267,#6267,#7711,.T.);
#7004=EDGE_CURVE('',#6268,#6268,#7712,.T.);
#7005=EDGE_CURVE('',#6269,#6269,#7713,.T.);
#7006=EDGE_CURVE('',#6270,#6270,#7714,.T.);
#7007=EDGE_CURVE('',#6271,#6271,#7715,.T.);
#7008=EDGE_CURVE('',#6272,#6272,#7716,.T.);
#7009=EDGE_CURVE('',#6273,#6273,#7717,.T.);
#7010=EDGE_CURVE('',#6274,#6275,#7718,.T.);
#7011=EDGE_CURVE('',#6275,#6274,#790,.T.);
#7012=EDGE_CURVE('',#6276,#6276,#7719,.T.);
#7013=EDGE_CURVE('',#6275,#6274,#7720,.T.);
#7014=EDGE_CURVE('',#6277,#6277,#7721,.T.);
#7015=EDGE_CURVE('',#6278,#6278,#7722,.T.);
#7016=EDGE_CURVE('',#6279,#6280,#7723,.T.);
#7017=EDGE_CURVE('',#6280,#6279,#7724,.T.);
#7018=EDGE_CURVE('',#6280,#6279,#791,.T.);
#7019=EDGE_CURVE('',#6281,#6281,#7725,.T.);
#7020=EDGE_CURVE('',#6282,#6282,#7726,.T.);
#7021=EDGE_CURVE('',#6283,#6284,#7727,.T.);
#7022=EDGE_CURVE('',#6284,#6283,#7728,.T.);
#7023=EDGE_CURVE('',#6284,#6283,#792,.T.);
#7024=EDGE_CURVE('',#6285,#6285,#7729,.T.);
#7025=EDGE_CURVE('',#6286,#6286,#7730,.T.);
#7026=EDGE_CURVE('',#6287,#6287,#7731,.T.);
#7027=EDGE_CURVE('',#6288,#6288,#7732,.T.);
#7028=EDGE_CURVE('',#6289,#6289,#7733,.T.);
#7029=EDGE_CURVE('',#6290,#6290,#7734,.T.);
#7030=EDGE_CURVE('',#6291,#6291,#7735,.T.);
#7031=EDGE_CURVE('',#6292,#6293,#7736,.T.);
#7032=EDGE_CURVE('',#6293,#6292,#793,.T.);
#7033=EDGE_CURVE('',#6294,#6294,#7737,.T.);
#7034=EDGE_CURVE('',#6293,#6292,#7738,.T.);
#7035=EDGE_CURVE('',#6295,#6295,#7739,.T.);
#7036=EDGE_CURVE('',#6296,#6296,#7740,.T.);
#7037=EDGE_CURVE('',#6297,#6298,#7741,.T.);
#7038=EDGE_CURVE('',#6298,#6297,#7742,.T.);
#7039=EDGE_CURVE('',#6298,#6297,#794,.T.);
#7040=EDGE_CURVE('',#6299,#6299,#7743,.T.);
#7041=EDGE_CURVE('',#6300,#6300,#7744,.T.);
#7042=EDGE_CURVE('',#6301,#6302,#7745,.T.);
#7043=EDGE_CURVE('',#6302,#6301,#7746,.T.);
#7044=EDGE_CURVE('',#6302,#6301,#795,.T.);
#7045=EDGE_CURVE('',#6303,#6303,#7747,.T.);
#7046=EDGE_CURVE('',#6304,#6304,#7748,.T.);
#7047=EDGE_CURVE('',#6305,#6306,#796,.T.);
#7048=EDGE_CURVE('',#6305,#6306,#7749,.T.);
#7049=EDGE_CURVE('',#6307,#6307,#7750,.T.);
#7050=EDGE_CURVE('',#6308,#6309,#797,.T.);
#7051=EDGE_CURVE('',#6308,#6309,#7751,.T.);
#7052=EDGE_CURVE('',#6309,#6308,#7752,.T.);
#7053=EDGE_CURVE('',#6310,#6310,#7753,.T.);
#7054=EDGE_CURVE('',#6311,#6311,#7754,.T.);
#7055=EDGE_CURVE('',#6312,#6313,#798,.T.);
#7056=EDGE_CURVE('',#6312,#6313,#7755,.T.);
#7057=EDGE_CURVE('',#6313,#6312,#7756,.T.);
#7058=EDGE_CURVE('',#6314,#6314,#7757,.T.);
#7059=EDGE_CURVE('',#6315,#6315,#7758,.T.);
#7060=EDGE_CURVE('',#6316,#6317,#799,.T.);
#7061=EDGE_CURVE('',#6316,#6317,#7759,.T.);
#7062=EDGE_CURVE('',#6317,#6316,#7760,.T.);
#7063=EDGE_CURVE('',#6318,#6318,#7761,.T.);
#7064=EDGE_CURVE('',#6319,#6319,#7762,.T.);
#7065=EDGE_CURVE('',#6320,#6321,#800,.T.);
#7066=EDGE_CURVE('',#6320,#6321,#7763,.T.);
#7067=EDGE_CURVE('',#6321,#6320,#7764,.T.);
#7068=EDGE_CURVE('',#6322,#6322,#7765,.T.);
#7069=EDGE_CURVE('',#6323,#6323,#7766,.T.);
#7070=EDGE_CURVE('',#6324,#6325,#801,.T.);
#7071=EDGE_CURVE('',#6324,#6325,#7767,.T.);
#7072=EDGE_CURVE('',#6325,#6324,#7768,.T.);
#7073=EDGE_CURVE('',#6326,#6326,#7769,.T.);
#7074=EDGE_CURVE('',#6327,#6328,#378,.T.);
#7075=EDGE_CURVE('',#6329,#6328,#379,.T.);
#7076=EDGE_CURVE('',#6330,#6329,#380,.T.);
#7077=EDGE_CURVE('',#6327,#6330,#381,.T.);
#7078=EDGE_CURVE('',#6331,#6331,#7770,.T.);
#7079=EDGE_CURVE('',#6332,#6332,#7771,.T.);
#7080=EDGE_CURVE('',#6333,#6333,#7772,.T.);
#7081=EDGE_CURVE('',#6334,#6334,#7773,.T.);
#7082=EDGE_CURVE('',#6335,#6336,#382,.T.);
#7083=EDGE_CURVE('',#6337,#6335,#383,.T.);
#7084=EDGE_CURVE('',#6338,#6337,#384,.T.);
#7085=EDGE_CURVE('',#6338,#6339,#385,.T.);
#7086=EDGE_CURVE('',#6340,#6339,#386,.T.);
#7087=EDGE_CURVE('',#6336,#6340,#387,.T.);
#7088=EDGE_CURVE('',#6341,#6338,#388,.T.);
#7089=EDGE_CURVE('',#6342,#6341,#389,.T.);
#7090=EDGE_CURVE('',#6339,#6342,#390,.T.);
#7091=EDGE_CURVE('',#6343,#6344,#391,.T.);
#7092=EDGE_CURVE('',#6343,#6342,#392,.T.);
#7093=EDGE_CURVE('',#6344,#6341,#393,.T.);
#7094=EDGE_CURVE('',#6345,#6346,#394,.T.);
#7095=EDGE_CURVE('',#6345,#6347,#395,.T.);
#7096=EDGE_CURVE('',#6348,#6347,#396,.T.);
#7097=EDGE_CURVE('',#6346,#6348,#397,.T.);
#7098=EDGE_CURVE('',#6349,#6337,#398,.T.);
#7099=EDGE_CURVE('',#6349,#6345,#399,.T.);
#7100=EDGE_CURVE('',#6346,#6350,#400,.T.);
#7101=EDGE_CURVE('',#6350,#6344,#401,.T.);
#7102=EDGE_CURVE('',#6350,#6351,#402,.T.);
#7103=EDGE_CURVE('',#6348,#6351,#403,.T.);
#7104=EDGE_CURVE('',#6351,#6330,#404,.T.);
#7105=EDGE_CURVE('',#6347,#6352,#405,.T.);
#7106=EDGE_CURVE('',#6352,#6353,#406,.T.);
#7107=EDGE_CURVE('',#6354,#6353,#407,.T.);
#7108=EDGE_CURVE('',#6354,#6327,#408,.T.);
#7109=EDGE_CURVE('',#6355,#6354,#409,.T.);
#7110=EDGE_CURVE('',#6328,#6355,#410,.T.);
#7111=EDGE_CURVE('',#6356,#6356,#7774,.T.);
#7112=EDGE_CURVE('',#6357,#6357,#7775,.T.);
#7113=EDGE_CURVE('',#6358,#6358,#7776,.T.);
#7114=EDGE_CURVE('',#6359,#6359,#7777,.T.);
#7115=EDGE_CURVE('',#6360,#6360,#7778,.T.);
#7116=EDGE_CURVE('',#6361,#6361,#7779,.T.);
#7117=EDGE_CURVE('',#6362,#6362,#7780,.T.);
#7118=EDGE_CURVE('',#6363,#6363,#7781,.T.);
#7119=EDGE_CURVE('',#6364,#6364,#7782,.T.);
#7120=EDGE_CURVE('',#6365,#6365,#7783,.T.);
#7121=EDGE_CURVE('',#6366,#6366,#7784,.T.);
#7122=EDGE_CURVE('',#6367,#6367,#7785,.T.);
#7123=EDGE_CURVE('',#6368,#6369,#411,.T.);
#7124=EDGE_CURVE('',#6368,#6370,#412,.T.);
#7125=EDGE_CURVE('',#6370,#6371,#413,.T.);
#7126=EDGE_CURVE('',#6371,#6369,#414,.T.);
#7127=EDGE_CURVE('',#6372,#6373,#415,.T.);
#7128=EDGE_CURVE('',#6370,#6372,#416,.T.);
#7129=EDGE_CURVE('',#6374,#6370,#417,.T.);
#7130=EDGE_CURVE('',#6373,#6374,#418,.T.);
#7131=EDGE_CURVE('',#6368,#6375,#419,.T.);
#7132=EDGE_CURVE('',#6374,#6375,#420,.T.);
#7133=EDGE_CURVE('',#6376,#6368,#421,.T.);
#7134=EDGE_CURVE('',#6376,#6377,#422,.T.);
#7135=EDGE_CURVE('',#6375,#6377,#423,.T.);
#7136=EDGE_CURVE('',#6378,#6376,#424,.T.);
#7137=EDGE_CURVE('',#6378,#6379,#425,.T.);
#7138=EDGE_CURVE('',#6377,#6379,#426,.T.);
#7139=EDGE_CURVE('',#6380,#6381,#427,.T.);
#7140=EDGE_CURVE('',#6380,#6382,#428,.T.);
#7141=EDGE_CURVE('',#6382,#6383,#429,.T.);
#7142=EDGE_CURVE('',#6383,#6381,#430,.T.);
#7143=EDGE_CURVE('',#6382,#6384,#431,.T.);
#7144=EDGE_CURVE('',#6384,#6385,#432,.T.);
#7145=EDGE_CURVE('',#6385,#6383,#433,.T.);
#7146=EDGE_CURVE('',#6384,#6378,#434,.T.);
#7147=EDGE_CURVE('',#6378,#6386,#435,.T.);
#7148=EDGE_CURVE('',#6386,#6385,#436,.T.);
#7149=EDGE_CURVE('',#6387,#6376,#437,.T.);
#7150=EDGE_CURVE('',#6387,#6386,#438,.T.);
#7151=EDGE_CURVE('',#6369,#6387,#439,.T.);
#7152=EDGE_CURVE('',#6388,#6371,#440,.T.);
#7153=EDGE_CURVE('',#6381,#6388,#441,.T.);
#7154=EDGE_CURVE('',#6372,#6388,#442,.T.);
#7155=EDGE_CURVE('',#6372,#6380,#443,.T.);
#7156=EDGE_CURVE('',#6380,#6389,#444,.T.);
#7157=EDGE_CURVE('',#6389,#6373,#445,.T.);
#7158=EDGE_CURVE('',#6390,#6389,#446,.T.);
#7159=EDGE_CURVE('',#6373,#6391,#447,.T.);
#7160=EDGE_CURVE('',#6390,#6391,#448,.T.);
#7161=EDGE_CURVE('',#6392,#6374,#449,.T.);
#7162=EDGE_CURVE('',#6391,#6392,#450,.T.);
#7163=EDGE_CURVE('',#6375,#6393,#451,.T.);
#7164=EDGE_CURVE('',#6392,#6393,#452,.T.);
#7165=EDGE_CURVE('',#6377,#6394,#453,.T.);
#7166=EDGE_CURVE('',#6393,#6394,#454,.T.);
#7167=EDGE_CURVE('',#6379,#6395,#455,.T.);
#7168=EDGE_CURVE('',#6394,#6395,#456,.T.);
#7169=EDGE_CURVE('',#6396,#6397,#457,.T.);
#7170=EDGE_CURVE('',#6395,#6397,#458,.T.);
#7171=EDGE_CURVE('',#6379,#6396,#459,.T.);
#7172=EDGE_CURVE('',#6384,#6396,#460,.T.);
#7173=EDGE_CURVE('',#6382,#6398,#461,.T.);
#7174=EDGE_CURVE('',#6396,#6398,#462,.T.);
#7175=EDGE_CURVE('',#6398,#6389,#463,.T.);
#7176=EDGE_CURVE('',#6398,#6399,#464,.T.);
#7177=EDGE_CURVE('',#6399,#6390,#465,.T.);
#7178=EDGE_CURVE('',#6397,#6399,#466,.T.);
#7179=EDGE_CURVE('',#6400,#6401,#467,.T.);
#7180=EDGE_CURVE('',#6401,#6402,#468,.T.);
#7181=EDGE_CURVE('',#6402,#6403,#469,.T.);
#7182=EDGE_CURVE('',#6403,#6400,#470,.T.);
#7183=EDGE_CURVE('',#6353,#6404,#471,.T.);
#7184=EDGE_CURVE('',#6401,#6404,#472,.T.);
#7185=EDGE_CURVE('',#6355,#6400,#473,.T.);
#7186=EDGE_CURVE('',#6404,#6405,#474,.T.);
#7187=EDGE_CURVE('',#6405,#6352,#475,.T.);
#7188=EDGE_CURVE('',#6405,#6406,#476,.T.);
#7189=EDGE_CURVE('',#6406,#6349,#477,.T.);
#7190=EDGE_CURVE('',#6406,#6335,#478,.T.);
#7191=EDGE_CURVE('',#6336,#6407,#479,.T.);
#7192=EDGE_CURVE('',#6407,#6402,#480,.T.);
#7193=EDGE_CURVE('',#6408,#6340,#481,.T.);
#7194=EDGE_CURVE('',#6407,#6408,#482,.T.);
#7195=EDGE_CURVE('',#6408,#6409,#483,.T.);
#7196=EDGE_CURVE('',#6409,#6410,#484,.T.);
#7197=EDGE_CURVE('',#6403,#6410,#485,.T.);
#7198=EDGE_CURVE('',#6411,#6412,#486,.T.);
#7199=EDGE_CURVE('',#6410,#6412,#487,.T.);
#7200=EDGE_CURVE('',#6411,#6409,#488,.T.);
#7201=EDGE_CURVE('',#6412,#6413,#489,.T.);
#7202=EDGE_CURVE('',#6329,#6413,#490,.T.);
#7203=EDGE_CURVE('',#6413,#6414,#491,.T.);
#7204=EDGE_CURVE('',#6414,#6411,#492,.T.);
#7205=EDGE_CURVE('',#6414,#6343,#493,.T.);
#7206=EDGE_CURVE('',#6415,#6415,#7786,.T.);
#7207=EDGE_CURVE('',#6306,#6305,#7787,.T.);
#7208=CIRCLE('',#7789,0.300000000000003);
#7209=CIRCLE('',#7791,0.300000000000012);
#7210=CIRCLE('',#7793,0.300000000000001);
#7211=CIRCLE('',#7795,0.300000000000012);
#7212=CIRCLE('',#7797,0.300000000000002);
#7213=CIRCLE('',#7799,0.300000000000013);
#7214=CIRCLE('',#7801,0.299999999999996);
#7215=CIRCLE('',#7802,0.300000000000016);
#7216=CIRCLE('',#7804,0.300000000000007);
#7217=CIRCLE('',#7806,0.299999999999998);
#7218=CIRCLE('',#7809,0.299999999999999);
#7219=CIRCLE('',#7811,0.299999999999998);
#7220=CIRCLE('',#7812,0.300000000000009);
#7221=CIRCLE('',#7814,0.300000000000012);
#7222=CIRCLE('',#7817,0.299999999999997);
#7223=CIRCLE('',#7819,0.3);
#7224=CIRCLE('',#7820,0.300000000000007);
#7225=CIRCLE('',#7823,0.300000000000013);
#7226=CIRCLE('',#7825,0.300000000000003);
#7227=CIRCLE('',#7827,0.300000000000012);
#7228=CIRCLE('',#7829,0.300000000000001);
#7229=CIRCLE('',#7831,0.300000000000012);
#7230=CIRCLE('',#7833,0.300000000000002);
#7231=CIRCLE('',#7835,0.300000000000013);
#7232=CIRCLE('',#7837,0.299999999999996);
#7233=CIRCLE('',#7838,0.300000000000016);
#7234=CIRCLE('',#7840,0.300000000000007);
#7235=CIRCLE('',#7842,0.299999999999998);
#7236=CIRCLE('',#7845,0.299999999999999);
#7237=CIRCLE('',#7847,0.299999999999998);
#7238=CIRCLE('',#7848,0.300000000000009);
#7239=CIRCLE('',#7850,0.300000000000012);
#7240=CIRCLE('',#7853,0.299999999999997);
#7241=CIRCLE('',#7855,0.3);
#7242=CIRCLE('',#7856,0.300000000000007);
#7243=CIRCLE('',#7859,0.300000000000013);
#7244=CIRCLE('',#7861,0.300000000000003);
#7245=CIRCLE('',#7863,0.300000000000012);
#7246=CIRCLE('',#7865,0.300000000000001);
#7247=CIRCLE('',#7867,0.300000000000012);
#7248=CIRCLE('',#7869,0.300000000000002);
#7249=CIRCLE('',#7871,0.300000000000013);
#7250=CIRCLE('',#7873,0.299999999999996);
#7251=CIRCLE('',#7874,0.300000000000016);
#7252=CIRCLE('',#7876,0.300000000000007);
#7253=CIRCLE('',#7878,0.299999999999998);
#7254=CIRCLE('',#7881,0.299999999999999);
#7255=CIRCLE('',#7883,0.299999999999998);
#7256=CIRCLE('',#7884,0.300000000000009);
#7257=CIRCLE('',#7886,0.300000000000012);
#7258=CIRCLE('',#7889,0.299999999999997);
#7259=CIRCLE('',#7891,0.3);
#7260=CIRCLE('',#7892,0.300000000000007);
#7261=CIRCLE('',#7895,0.300000000000013);
#7262=CIRCLE('',#7897,0.300000000000003);
#7263=CIRCLE('',#7899,0.300000000000012);
#7264=CIRCLE('',#7901,0.300000000000001);
#7265=CIRCLE('',#7903,0.300000000000012);
#7266=CIRCLE('',#7905,0.300000000000002);
#7267=CIRCLE('',#7907,0.300000000000013);
#7268=CIRCLE('',#7909,0.299999999999996);
#7269=CIRCLE('',#7910,0.300000000000016);
#7270=CIRCLE('',#7912,0.300000000000007);
#7271=CIRCLE('',#7914,0.299999999999998);
#7272=CIRCLE('',#7917,0.299999999999999);
#7273=CIRCLE('',#7919,0.299999999999998);
#7274=CIRCLE('',#7920,0.300000000000009);
#7275=CIRCLE('',#7922,0.300000000000012);
#7276=CIRCLE('',#7925,0.299999999999997);
#7277=CIRCLE('',#7927,0.3);
#7278=CIRCLE('',#7928,0.300000000000007);
#7279=CIRCLE('',#7931,0.300000000000013);
#7280=CIRCLE('',#7933,0.300000000000003);
#7281=CIRCLE('',#7935,0.300000000000012);
#7282=CIRCLE('',#7937,0.300000000000001);
#7283=CIRCLE('',#7939,0.300000000000012);
#7284=CIRCLE('',#7941,0.300000000000002);
#7285=CIRCLE('',#7943,0.300000000000013);
#7286=CIRCLE('',#7945,0.299999999999996);
#7287=CIRCLE('',#7946,0.300000000000016);
#7288=CIRCLE('',#7948,0.300000000000007);
#7289=CIRCLE('',#7950,0.299999999999998);
#7290=CIRCLE('',#7953,0.299999999999999);
#7291=CIRCLE('',#7955,0.299999999999998);
#7292=CIRCLE('',#7956,0.300000000000009);
#7293=CIRCLE('',#7958,0.300000000000012);
#7294=CIRCLE('',#7961,0.299999999999997);
#7295=CIRCLE('',#7963,0.3);
#7296=CIRCLE('',#7964,0.300000000000007);
#7297=CIRCLE('',#7967,0.300000000000013);
#7298=CIRCLE('',#7969,0.300000000000003);
#7299=CIRCLE('',#7971,0.300000000000012);
#7300=CIRCLE('',#7973,0.300000000000001);
#7301=CIRCLE('',#7975,0.300000000000012);
#7302=CIRCLE('',#7977,0.300000000000002);
#7303=CIRCLE('',#7979,0.300000000000013);
#7304=CIRCLE('',#7981,0.299999999999996);
#7305=CIRCLE('',#7982,0.300000000000016);
#7306=CIRCLE('',#7984,0.300000000000007);
#7307=CIRCLE('',#7986,0.299999999999998);
#7308=CIRCLE('',#7989,0.299999999999999);
#7309=CIRCLE('',#7991,0.299999999999998);
#7310=CIRCLE('',#7992,0.300000000000009);
#7311=CIRCLE('',#7994,0.300000000000012);
#7312=CIRCLE('',#7997,0.299999999999997);
#7313=CIRCLE('',#7999,0.3);
#7314=CIRCLE('',#8000,0.300000000000007);
#7315=CIRCLE('',#8003,0.300000000000013);
#7316=CIRCLE('',#8005,0.300000000000003);
#7317=CIRCLE('',#8007,0.300000000000012);
#7318=CIRCLE('',#8009,0.300000000000001);
#7319=CIRCLE('',#8011,0.300000000000012);
#7320=CIRCLE('',#8013,0.300000000000002);
#7321=CIRCLE('',#8015,0.300000000000013);
#7322=CIRCLE('',#8017,0.299999999999996);
#7323=CIRCLE('',#8018,0.300000000000016);
#7324=CIRCLE('',#8020,0.300000000000007);
#7325=CIRCLE('',#8022,0.299999999999998);
#7326=CIRCLE('',#8025,0.299999999999999);
#7327=CIRCLE('',#8027,0.299999999999998);
#7328=CIRCLE('',#8028,0.300000000000009);
#7329=CIRCLE('',#8030,0.300000000000012);
#7330=CIRCLE('',#8033,0.299999999999997);
#7331=CIRCLE('',#8035,0.3);
#7332=CIRCLE('',#8036,0.300000000000007);
#7333=CIRCLE('',#8039,0.300000000000013);
#7334=CIRCLE('',#8041,0.300000000000003);
#7335=CIRCLE('',#8043,0.300000000000012);
#7336=CIRCLE('',#8045,0.300000000000001);
#7337=CIRCLE('',#8047,0.300000000000012);
#7338=CIRCLE('',#8049,0.300000000000002);
#7339=CIRCLE('',#8051,0.300000000000013);
#7340=CIRCLE('',#8053,0.299999999999996);
#7341=CIRCLE('',#8054,0.300000000000016);
#7342=CIRCLE('',#8056,0.300000000000007);
#7343=CIRCLE('',#8058,0.299999999999998);
#7344=CIRCLE('',#8061,0.299999999999999);
#7345=CIRCLE('',#8063,0.299999999999998);
#7346=CIRCLE('',#8064,0.300000000000009);
#7347=CIRCLE('',#8066,0.300000000000012);
#7348=CIRCLE('',#8069,0.299999999999997);
#7349=CIRCLE('',#8071,0.3);
#7350=CIRCLE('',#8072,0.300000000000007);
#7351=CIRCLE('',#8075,0.300000000000013);
#7352=CIRCLE('',#8077,0.300000000000003);
#7353=CIRCLE('',#8079,0.300000000000012);
#7354=CIRCLE('',#8081,0.300000000000001);
#7355=CIRCLE('',#8083,0.300000000000012);
#7356=CIRCLE('',#8085,0.300000000000002);
#7357=CIRCLE('',#8087,0.300000000000013);
#7358=CIRCLE('',#8089,0.299999999999996);
#7359=CIRCLE('',#8090,0.300000000000016);
#7360=CIRCLE('',#8092,0.300000000000007);
#7361=CIRCLE('',#8094,0.299999999999998);
#7362=CIRCLE('',#8097,0.299999999999999);
#7363=CIRCLE('',#8099,0.299999999999998);
#7364=CIRCLE('',#8100,0.300000000000009);
#7365=CIRCLE('',#8102,0.300000000000012);
#7366=CIRCLE('',#8105,0.299999999999997);
#7367=CIRCLE('',#8107,0.3);
#7368=CIRCLE('',#8108,0.300000000000007);
#7369=CIRCLE('',#8111,0.300000000000013);
#7370=CIRCLE('',#8113,0.300000000000003);
#7371=CIRCLE('',#8115,0.300000000000012);
#7372=CIRCLE('',#8117,0.300000000000001);
#7373=CIRCLE('',#8119,0.300000000000012);
#7374=CIRCLE('',#8121,0.300000000000002);
#7375=CIRCLE('',#8123,0.300000000000013);
#7376=CIRCLE('',#8125,0.299999999999996);
#7377=CIRCLE('',#8126,0.300000000000016);
#7378=CIRCLE('',#8128,0.300000000000007);
#7379=CIRCLE('',#8130,0.299999999999998);
#7380=CIRCLE('',#8133,0.299999999999999);
#7381=CIRCLE('',#8135,0.299999999999998);
#7382=CIRCLE('',#8136,0.300000000000009);
#7383=CIRCLE('',#8138,0.300000000000012);
#7384=CIRCLE('',#8141,0.299999999999997);
#7385=CIRCLE('',#8143,0.3);
#7386=CIRCLE('',#8144,0.300000000000007);
#7387=CIRCLE('',#8147,0.300000000000013);
#7388=CIRCLE('',#8149,0.300000000000003);
#7389=CIRCLE('',#8151,0.300000000000012);
#7390=CIRCLE('',#8153,0.300000000000001);
#7391=CIRCLE('',#8155,0.300000000000012);
#7392=CIRCLE('',#8157,0.300000000000002);
#7393=CIRCLE('',#8159,0.300000000000013);
#7394=CIRCLE('',#8161,0.299999999999996);
#7395=CIRCLE('',#8162,0.300000000000016);
#7396=CIRCLE('',#8164,0.300000000000007);
#7397=CIRCLE('',#8166,0.299999999999998);
#7398=CIRCLE('',#8169,0.299999999999999);
#7399=CIRCLE('',#8171,0.299999999999998);
#7400=CIRCLE('',#8172,0.300000000000009);
#7401=CIRCLE('',#8174,0.300000000000012);
#7402=CIRCLE('',#8177,0.299999999999997);
#7403=CIRCLE('',#8179,0.3);
#7404=CIRCLE('',#8180,0.300000000000007);
#7405=CIRCLE('',#8183,0.300000000000013);
#7406=CIRCLE('',#8185,0.300000000000003);
#7407=CIRCLE('',#8187,0.300000000000012);
#7408=CIRCLE('',#8189,0.300000000000001);
#7409=CIRCLE('',#8191,0.300000000000012);
#7410=CIRCLE('',#8193,0.300000000000002);
#7411=CIRCLE('',#8195,0.300000000000013);
#7412=CIRCLE('',#8197,0.299999999999996);
#7413=CIRCLE('',#8198,0.300000000000016);
#7414=CIRCLE('',#8200,0.300000000000007);
#7415=CIRCLE('',#8202,0.299999999999998);
#7416=CIRCLE('',#8205,0.299999999999999);
#7417=CIRCLE('',#8207,0.299999999999998);
#7418=CIRCLE('',#8208,0.300000000000009);
#7419=CIRCLE('',#8210,0.300000000000012);
#7420=CIRCLE('',#8213,0.299999999999997);
#7421=CIRCLE('',#8215,0.3);
#7422=CIRCLE('',#8216,0.300000000000007);
#7423=CIRCLE('',#8219,0.300000000000013);
#7424=CIRCLE('',#8221,0.300000000000003);
#7425=CIRCLE('',#8223,0.300000000000012);
#7426=CIRCLE('',#8225,0.300000000000001);
#7427=CIRCLE('',#8227,0.300000000000012);
#7428=CIRCLE('',#8229,0.300000000000002);
#7429=CIRCLE('',#8231,0.300000000000013);
#7430=CIRCLE('',#8233,0.299999999999996);
#7431=CIRCLE('',#8234,0.300000000000016);
#7432=CIRCLE('',#8236,0.300000000000007);
#7433=CIRCLE('',#8238,0.299999999999998);
#7434=CIRCLE('',#8241,0.299999999999999);
#7435=CIRCLE('',#8243,0.299999999999998);
#7436=CIRCLE('',#8244,0.300000000000009);
#7437=CIRCLE('',#8246,0.300000000000012);
#7438=CIRCLE('',#8249,0.299999999999997);
#7439=CIRCLE('',#8251,0.3);
#7440=CIRCLE('',#8252,0.300000000000007);
#7441=CIRCLE('',#8255,0.300000000000013);
#7442=CIRCLE('',#8257,0.300000000000003);
#7443=CIRCLE('',#8259,0.300000000000012);
#7444=CIRCLE('',#8261,0.300000000000001);
#7445=CIRCLE('',#8263,0.300000000000012);
#7446=CIRCLE('',#8265,0.300000000000002);
#7447=CIRCLE('',#8267,0.300000000000013);
#7448=CIRCLE('',#8269,0.299999999999996);
#7449=CIRCLE('',#8270,0.300000000000016);
#7450=CIRCLE('',#8272,0.300000000000007);
#7451=CIRCLE('',#8274,0.299999999999998);
#7452=CIRCLE('',#8277,0.299999999999999);
#7453=CIRCLE('',#8279,0.299999999999998);
#7454=CIRCLE('',#8280,0.300000000000009);
#7455=CIRCLE('',#8282,0.300000000000012);
#7456=CIRCLE('',#8285,0.299999999999997);
#7457=CIRCLE('',#8287,0.3);
#7458=CIRCLE('',#8288,0.300000000000007);
#7459=CIRCLE('',#8291,0.300000000000013);
#7460=CIRCLE('',#8293,0.300000000000003);
#7461=CIRCLE('',#8295,0.300000000000012);
#7462=CIRCLE('',#8297,0.300000000000001);
#7463=CIRCLE('',#8299,0.300000000000012);
#7464=CIRCLE('',#8301,0.300000000000002);
#7465=CIRCLE('',#8303,0.300000000000013);
#7466=CIRCLE('',#8305,0.299999999999996);
#7467=CIRCLE('',#8306,0.300000000000016);
#7468=CIRCLE('',#8308,0.300000000000007);
#7469=CIRCLE('',#8310,0.299999999999998);
#7470=CIRCLE('',#8313,0.299999999999999);
#7471=CIRCLE('',#8315,0.299999999999998);
#7472=CIRCLE('',#8316,0.300000000000009);
#7473=CIRCLE('',#8318,0.300000000000012);
#7474=CIRCLE('',#8321,0.299999999999997);
#7475=CIRCLE('',#8323,0.3);
#7476=CIRCLE('',#8324,0.300000000000007);
#7477=CIRCLE('',#8327,0.300000000000013);
#7478=CIRCLE('',#8329,0.300000000000003);
#7479=CIRCLE('',#8331,0.300000000000012);
#7480=CIRCLE('',#8333,0.300000000000001);
#7481=CIRCLE('',#8335,0.300000000000012);
#7482=CIRCLE('',#8337,0.300000000000002);
#7483=CIRCLE('',#8339,0.300000000000013);
#7484=CIRCLE('',#8341,0.299999999999996);
#7485=CIRCLE('',#8342,0.300000000000016);
#7486=CIRCLE('',#8344,0.300000000000007);
#7487=CIRCLE('',#8346,0.299999999999998);
#7488=CIRCLE('',#8349,0.299999999999999);
#7489=CIRCLE('',#8351,0.299999999999998);
#7490=CIRCLE('',#8352,0.300000000000009);
#7491=CIRCLE('',#8354,0.300000000000012);
#7492=CIRCLE('',#8357,0.299999999999997);
#7493=CIRCLE('',#8359,0.3);
#7494=CIRCLE('',#8360,0.300000000000007);
#7495=CIRCLE('',#8363,0.300000000000013);
#7496=CIRCLE('',#8365,0.300000000000003);
#7497=CIRCLE('',#8367,0.300000000000012);
#7498=CIRCLE('',#8369,0.300000000000001);
#7499=CIRCLE('',#8371,0.300000000000012);
#7500=CIRCLE('',#8373,0.300000000000002);
#7501=CIRCLE('',#8375,0.300000000000013);
#7502=CIRCLE('',#8377,0.299999999999996);
#7503=CIRCLE('',#8378,0.300000000000016);
#7504=CIRCLE('',#8380,0.300000000000007);
#7505=CIRCLE('',#8382,0.299999999999998);
#7506=CIRCLE('',#8385,0.299999999999999);
#7507=CIRCLE('',#8387,0.299999999999998);
#7508=CIRCLE('',#8388,0.300000000000009);
#7509=CIRCLE('',#8390,0.300000000000012);
#7510=CIRCLE('',#8393,0.299999999999997);
#7511=CIRCLE('',#8395,0.3);
#7512=CIRCLE('',#8396,0.300000000000007);
#7513=CIRCLE('',#8399,0.300000000000013);
#7514=CIRCLE('',#8401,0.300000000000003);
#7515=CIRCLE('',#8403,0.300000000000012);
#7516=CIRCLE('',#8405,0.300000000000001);
#7517=CIRCLE('',#8407,0.300000000000012);
#7518=CIRCLE('',#8409,0.300000000000002);
#7519=CIRCLE('',#8411,0.300000000000013);
#7520=CIRCLE('',#8413,0.299999999999996);
#7521=CIRCLE('',#8414,0.300000000000016);
#7522=CIRCLE('',#8416,0.300000000000007);
#7523=CIRCLE('',#8418,0.299999999999998);
#7524=CIRCLE('',#8421,0.299999999999999);
#7525=CIRCLE('',#8423,0.299999999999998);
#7526=CIRCLE('',#8424,0.300000000000009);
#7527=CIRCLE('',#8426,0.300000000000012);
#7528=CIRCLE('',#8429,0.299999999999997);
#7529=CIRCLE('',#8431,0.3);
#7530=CIRCLE('',#8432,0.300000000000007);
#7531=CIRCLE('',#8435,0.300000000000013);
#7532=CIRCLE('',#8437,0.300000000000003);
#7533=CIRCLE('',#8439,0.300000000000012);
#7534=CIRCLE('',#8441,0.300000000000001);
#7535=CIRCLE('',#8443,0.300000000000012);
#7536=CIRCLE('',#8445,0.300000000000002);
#7537=CIRCLE('',#8447,0.300000000000013);
#7538=CIRCLE('',#8449,0.299999999999996);
#7539=CIRCLE('',#8450,0.300000000000016);
#7540=CIRCLE('',#8452,0.300000000000007);
#7541=CIRCLE('',#8454,0.299999999999998);
#7542=CIRCLE('',#8457,0.299999999999999);
#7543=CIRCLE('',#8459,0.299999999999998);
#7544=CIRCLE('',#8460,0.300000000000009);
#7545=CIRCLE('',#8462,0.300000000000012);
#7546=CIRCLE('',#8465,0.299999999999997);
#7547=CIRCLE('',#8467,0.3);
#7548=CIRCLE('',#8468,0.300000000000007);
#7549=CIRCLE('',#8471,0.300000000000013);
#7550=CIRCLE('',#8473,0.300000000000003);
#7551=CIRCLE('',#8475,0.300000000000012);
#7552=CIRCLE('',#8477,0.300000000000001);
#7553=CIRCLE('',#8479,0.300000000000012);
#7554=CIRCLE('',#8481,0.300000000000002);
#7555=CIRCLE('',#8483,0.300000000000013);
#7556=CIRCLE('',#8485,0.299999999999996);
#7557=CIRCLE('',#8486,0.300000000000016);
#7558=CIRCLE('',#8488,0.300000000000007);
#7559=CIRCLE('',#8490,0.299999999999998);
#7560=CIRCLE('',#8493,0.299999999999999);
#7561=CIRCLE('',#8495,0.299999999999998);
#7562=CIRCLE('',#8496,0.300000000000009);
#7563=CIRCLE('',#8498,0.300000000000012);
#7564=CIRCLE('',#8501,0.299999999999997);
#7565=CIRCLE('',#8503,0.3);
#7566=CIRCLE('',#8504,0.300000000000007);
#7567=CIRCLE('',#8507,0.300000000000013);
#7568=CIRCLE('',#8509,0.300000000000003);
#7569=CIRCLE('',#8511,0.300000000000012);
#7570=CIRCLE('',#8513,0.300000000000001);
#7571=CIRCLE('',#8515,0.300000000000012);
#7572=CIRCLE('',#8517,0.300000000000002);
#7573=CIRCLE('',#8519,0.300000000000013);
#7574=CIRCLE('',#8521,0.299999999999996);
#7575=CIRCLE('',#8522,0.300000000000016);
#7576=CIRCLE('',#8524,0.300000000000007);
#7577=CIRCLE('',#8526,0.299999999999998);
#7578=CIRCLE('',#8529,0.299999999999999);
#7579=CIRCLE('',#8531,0.299999999999998);
#7580=CIRCLE('',#8532,0.300000000000009);
#7581=CIRCLE('',#8534,0.300000000000012);
#7582=CIRCLE('',#8537,0.299999999999997);
#7583=CIRCLE('',#8539,0.3);
#7584=CIRCLE('',#8540,0.300000000000007);
#7585=CIRCLE('',#8543,0.300000000000013);
#7586=CIRCLE('',#8545,0.300000000000003);
#7587=CIRCLE('',#8547,0.300000000000012);
#7588=CIRCLE('',#8549,0.300000000000001);
#7589=CIRCLE('',#8551,0.300000000000012);
#7590=CIRCLE('',#8553,0.300000000000002);
#7591=CIRCLE('',#8555,0.300000000000013);
#7592=CIRCLE('',#8557,0.299999999999996);
#7593=CIRCLE('',#8558,0.300000000000016);
#7594=CIRCLE('',#8560,0.300000000000007);
#7595=CIRCLE('',#8562,0.299999999999998);
#7596=CIRCLE('',#8565,0.299999999999999);
#7597=CIRCLE('',#8567,0.299999999999998);
#7598=CIRCLE('',#8568,0.300000000000009);
#7599=CIRCLE('',#8570,0.300000000000012);
#7600=CIRCLE('',#8573,0.299999999999997);
#7601=CIRCLE('',#8575,0.3);
#7602=CIRCLE('',#8576,0.300000000000007);
#7603=CIRCLE('',#8579,0.300000000000013);
#7604=CIRCLE('',#8581,0.300000000000003);
#7605=CIRCLE('',#8583,0.300000000000012);
#7606=CIRCLE('',#8585,0.300000000000001);
#7607=CIRCLE('',#8587,0.300000000000012);
#7608=CIRCLE('',#8589,0.300000000000002);
#7609=CIRCLE('',#8591,0.300000000000013);
#7610=CIRCLE('',#8593,0.299999999999996);
#7611=CIRCLE('',#8594,0.300000000000016);
#7612=CIRCLE('',#8596,0.300000000000007);
#7613=CIRCLE('',#8598,0.299999999999998);
#7614=CIRCLE('',#8601,0.299999999999999);
#7615=CIRCLE('',#8603,0.299999999999998);
#7616=CIRCLE('',#8604,0.300000000000009);
#7617=CIRCLE('',#8606,0.300000000000012);
#7618=CIRCLE('',#8609,0.299999999999997);
#7619=CIRCLE('',#8611,0.3);
#7620=CIRCLE('',#8612,0.300000000000007);
#7621=CIRCLE('',#8615,0.300000000000013);
#7622=CIRCLE('',#8617,0.300000000000003);
#7623=CIRCLE('',#8619,0.300000000000012);
#7624=CIRCLE('',#8621,0.300000000000001);
#7625=CIRCLE('',#8623,0.300000000000012);
#7626=CIRCLE('',#8625,0.300000000000002);
#7627=CIRCLE('',#8627,0.300000000000013);
#7628=CIRCLE('',#8629,0.299999999999996);
#7629=CIRCLE('',#8630,0.300000000000016);
#7630=CIRCLE('',#8632,0.300000000000007);
#7631=CIRCLE('',#8634,0.299999999999998);
#7632=CIRCLE('',#8637,0.299999999999999);
#7633=CIRCLE('',#8639,0.299999999999998);
#7634=CIRCLE('',#8640,0.300000000000009);
#7635=CIRCLE('',#8642,0.300000000000012);
#7636=CIRCLE('',#8645,0.299999999999997);
#7637=CIRCLE('',#8647,0.3);
#7638=CIRCLE('',#8648,0.300000000000007);
#7639=CIRCLE('',#8651,0.300000000000013);
#7640=CIRCLE('',#8653,0.300000000000003);
#7641=CIRCLE('',#8655,0.300000000000012);
#7642=CIRCLE('',#8657,0.300000000000001);
#7643=CIRCLE('',#8659,0.300000000000012);
#7644=CIRCLE('',#8661,0.300000000000002);
#7645=CIRCLE('',#8663,0.300000000000013);
#7646=CIRCLE('',#8665,0.299999999999996);
#7647=CIRCLE('',#8666,0.300000000000016);
#7648=CIRCLE('',#8668,0.300000000000007);
#7649=CIRCLE('',#8670,0.299999999999998);
#7650=CIRCLE('',#8673,0.299999999999999);
#7651=CIRCLE('',#8675,0.299999999999998);
#7652=CIRCLE('',#8676,0.300000000000009);
#7653=CIRCLE('',#8678,0.300000000000012);
#7654=CIRCLE('',#8681,0.299999999999997);
#7655=CIRCLE('',#8683,0.3);
#7656=CIRCLE('',#8684,0.300000000000007);
#7657=CIRCLE('',#8687,0.300000000000013);
#7658=CIRCLE('',#8689,0.300000000000003);
#7659=CIRCLE('',#8691,0.300000000000012);
#7660=CIRCLE('',#8693,0.300000000000001);
#7661=CIRCLE('',#8695,0.300000000000012);
#7662=CIRCLE('',#8697,0.300000000000002);
#7663=CIRCLE('',#8699,0.300000000000013);
#7664=CIRCLE('',#8701,0.299999999999996);
#7665=CIRCLE('',#8702,0.300000000000016);
#7666=CIRCLE('',#8704,0.300000000000007);
#7667=CIRCLE('',#8706,0.299999999999998);
#7668=CIRCLE('',#8709,0.299999999999999);
#7669=CIRCLE('',#8711,0.299999999999998);
#7670=CIRCLE('',#8712,0.300000000000009);
#7671=CIRCLE('',#8714,0.300000000000012);
#7672=CIRCLE('',#8717,0.299999999999997);
#7673=CIRCLE('',#8719,0.3);
#7674=CIRCLE('',#8720,0.300000000000007);
#7675=CIRCLE('',#8723,0.300000000000013);
#7676=CIRCLE('',#8725,0.300000000000003);
#7677=CIRCLE('',#8727,0.300000000000012);
#7678=CIRCLE('',#8729,0.300000000000001);
#7679=CIRCLE('',#8731,0.300000000000012);
#7680=CIRCLE('',#8733,0.300000000000002);
#7681=CIRCLE('',#8735,0.300000000000013);
#7682=CIRCLE('',#8737,0.299999999999996);
#7683=CIRCLE('',#8738,0.300000000000016);
#7684=CIRCLE('',#8740,0.300000000000007);
#7685=CIRCLE('',#8742,0.299999999999998);
#7686=CIRCLE('',#8745,0.299999999999999);
#7687=CIRCLE('',#8747,0.299999999999998);
#7688=CIRCLE('',#8748,0.300000000000009);
#7689=CIRCLE('',#8750,0.300000000000012);
#7690=CIRCLE('',#8753,0.299999999999997);
#7691=CIRCLE('',#8755,0.3);
#7692=CIRCLE('',#8756,0.300000000000007);
#7693=CIRCLE('',#8759,0.300000000000013);
#7694=CIRCLE('',#8761,0.300000000000003);
#7695=CIRCLE('',#8763,0.300000000000012);
#7696=CIRCLE('',#8765,0.300000000000001);
#7697=CIRCLE('',#8767,0.300000000000012);
#7698=CIRCLE('',#8769,0.300000000000002);
#7699=CIRCLE('',#8771,0.300000000000013);
#7700=CIRCLE('',#8773,0.299999999999996);
#7701=CIRCLE('',#8774,0.300000000000016);
#7702=CIRCLE('',#8776,0.300000000000007);
#7703=CIRCLE('',#8778,0.299999999999998);
#7704=CIRCLE('',#8781,0.299999999999999);
#7705=CIRCLE('',#8783,0.299999999999998);
#7706=CIRCLE('',#8784,0.300000000000009);
#7707=CIRCLE('',#8786,0.300000000000012);
#7708=CIRCLE('',#8789,0.299999999999997);
#7709=CIRCLE('',#8791,0.3);
#7710=CIRCLE('',#8792,0.300000000000007);
#7711=CIRCLE('',#8795,0.300000000000013);
#7712=CIRCLE('',#8797,0.300000000000003);
#7713=CIRCLE('',#8799,0.300000000000012);
#7714=CIRCLE('',#8801,0.300000000000001);
#7715=CIRCLE('',#8803,0.300000000000012);
#7716=CIRCLE('',#8805,0.300000000000002);
#7717=CIRCLE('',#8807,0.300000000000013);
#7718=CIRCLE('',#8809,0.299999999999996);
#7719=CIRCLE('',#8810,0.300000000000016);
#7720=CIRCLE('',#8812,0.300000000000007);
#7721=CIRCLE('',#8814,0.299999999999998);
#7722=CIRCLE('',#8817,0.299999999999999);
#7723=CIRCLE('',#8819,0.299999999999998);
#7724=CIRCLE('',#8820,0.300000000000009);
#7725=CIRCLE('',#8822,0.300000000000012);
#7726=CIRCLE('',#8825,0.299999999999997);
#7727=CIRCLE('',#8827,0.3);
#7728=CIRCLE('',#8828,0.300000000000007);
#7729=CIRCLE('',#8831,0.300000000000013);
#7730=CIRCLE('',#8833,0.300000000000003);
#7731=CIRCLE('',#8835,0.300000000000012);
#7732=CIRCLE('',#8837,0.300000000000001);
#7733=CIRCLE('',#8839,0.300000000000012);
#7734=CIRCLE('',#8841,0.300000000000002);
#7735=CIRCLE('',#8843,0.300000000000013);
#7736=CIRCLE('',#8845,0.299999999999996);
#7737=CIRCLE('',#8846,0.300000000000016);
#7738=CIRCLE('',#8848,0.300000000000007);
#7739=CIRCLE('',#8850,0.299999999999998);
#7740=CIRCLE('',#8853,0.299999999999999);
#7741=CIRCLE('',#8855,0.299999999999998);
#7742=CIRCLE('',#8856,0.300000000000009);
#7743=CIRCLE('',#8858,0.300000000000012);
#7744=CIRCLE('',#8861,0.299999999999997);
#7745=CIRCLE('',#8863,0.3);
#7746=CIRCLE('',#8864,0.300000000000007);
#7747=CIRCLE('',#8867,0.300000000000013);
#7748=CIRCLE('',#8869,0.299999999999997);
#7749=CIRCLE('',#8871,0.299999999999996);
#7750=CIRCLE('',#8873,0.299999999999997);
#7751=CIRCLE('',#8875,0.300000000000007);
#7752=CIRCLE('',#8877,0.3);
#7753=CIRCLE('',#8879,0.300000000000013);
#7754=CIRCLE('',#8881,0.299999999999999);
#7755=CIRCLE('',#8883,0.300000000000009);
#7756=CIRCLE('',#8885,0.299999999999998);
#7757=CIRCLE('',#8887,0.300000000000012);
#7758=CIRCLE('',#8889,0.299999999999998);
#7759=CIRCLE('',#8891,0.300000000000007);
#7760=CIRCLE('',#8893,0.299999999999996);
#7761=CIRCLE('',#8895,0.300000000000016);
#7762=CIRCLE('',#8897,0.299999999999996);
#7763=CIRCLE('',#8899,0.299999999999997);
#7764=CIRCLE('',#8901,0.300000000000008);
#7765=CIRCLE('',#8903,0.300000000000001);
#7766=CIRCLE('',#8905,0.299999999999997);
#7767=CIRCLE('',#8907,0.299999999999999);
#7768=CIRCLE('',#8909,0.300000000000007);
#7769=CIRCLE('',#8911,0.299999999999998);
#7770=CIRCLE('',#8914,1.25);
#7771=CIRCLE('',#8915,1.25);
#7772=CIRCLE('',#8917,1.25000000000001);
#7773=CIRCLE('',#8918,1.25);
#7774=CIRCLE('',#8928,0.300000000000002);
#7775=CIRCLE('',#8930,0.300000000000013);
#7776=CIRCLE('',#8932,0.300000000000001);
#7777=CIRCLE('',#8934,0.300000000000012);
#7778=CIRCLE('',#8936,0.300000000000003);
#7779=CIRCLE('',#8938,0.300000000000012);
#7780=CIRCLE('',#8940,0.3);
#7781=CIRCLE('',#8942,0.300000000000001);
#7782=CIRCLE('',#8944,0.3);
#7783=CIRCLE('',#8946,0.299999999999999);
#7784=CIRCLE('',#8948,0.3);
#7785=CIRCLE('',#8950,0.300000000000002);
#7786=CIRCLE('',#8989,0.3);
#7787=CIRCLE('',#8991,0.300000000000006);
#7788=AXIS2_PLACEMENT_3D('',#11522,#8994,#8995);
#7789=AXIS2_PLACEMENT_3D('',#11523,#8996,#8997);
#7790=AXIS2_PLACEMENT_3D('',#11525,#8998,#8999);
#7791=AXIS2_PLACEMENT_3D('',#11526,#9000,#9001);
#7792=AXIS2_PLACEMENT_3D('',#11528,#9002,#9003);
#7793=AXIS2_PLACEMENT_3D('',#11529,#9004,#9005);
#7794=AXIS2_PLACEMENT_3D('',#11531,#9006,#9007);
#7795=AXIS2_PLACEMENT_3D('',#11532,#9008,#9009);
#7796=AXIS2_PLACEMENT_3D('',#11534,#9010,#9011);
#7797=AXIS2_PLACEMENT_3D('',#11535,#9012,#9013);
#7798=AXIS2_PLACEMENT_3D('',#11537,#9014,#9015);
#7799=AXIS2_PLACEMENT_3D('',#11538,#9016,#9017);
#7800=AXIS2_PLACEMENT_3D('',#11540,#9018,#9019);
#7801=AXIS2_PLACEMENT_3D('',#11541,#9020,#9021);
#7802=AXIS2_PLACEMENT_3D('',#11558,#9022,#9023);
#7803=AXIS2_PLACEMENT_3D('',#11560,#9024,#9025);
#7804=AXIS2_PLACEMENT_3D('',#11561,#9026,#9027);
#7805=AXIS2_PLACEMENT_3D('',#11562,#9028,#9029);
#7806=AXIS2_PLACEMENT_3D('',#11563,#9030,#9031);
#7807=AXIS2_PLACEMENT_3D('',#11565,#9032,#9033);
#7808=AXIS2_PLACEMENT_3D('',#11566,#9034,#9035);
#7809=AXIS2_PLACEMENT_3D('',#11567,#9036,#9037);
#7810=AXIS2_PLACEMENT_3D('',#11569,#9038,#9039);
#7811=AXIS2_PLACEMENT_3D('',#11570,#9040,#9041);
#7812=AXIS2_PLACEMENT_3D('',#11573,#9042,#9043);
#7813=AXIS2_PLACEMENT_3D('',#11574,#9044,#9045);
#7814=AXIS2_PLACEMENT_3D('',#11589,#9046,#9047);
#7815=AXIS2_PLACEMENT_3D('',#11591,#9048,#9049);
#7816=AXIS2_PLACEMENT_3D('',#11592,#9050,#9051);
#7817=AXIS2_PLACEMENT_3D('',#11593,#9052,#9053);
#7818=AXIS2_PLACEMENT_3D('',#11595,#9054,#9055);
#7819=AXIS2_PLACEMENT_3D('',#11596,#9056,#9057);
#7820=AXIS2_PLACEMENT_3D('',#11599,#9058,#9059);
#7821=AXIS2_PLACEMENT_3D('',#11600,#9060,#9061);
#7822=AXIS2_PLACEMENT_3D('',#11615,#9062,#9063);
#7823=AXIS2_PLACEMENT_3D('',#11616,#9064,#9065);
#7824=AXIS2_PLACEMENT_3D('',#11618,#9066,#9067);
#7825=AXIS2_PLACEMENT_3D('',#11619,#9068,#9069);
#7826=AXIS2_PLACEMENT_3D('',#11621,#9070,#9071);
#7827=AXIS2_PLACEMENT_3D('',#11622,#9072,#9073);
#7828=AXIS2_PLACEMENT_3D('',#11624,#9074,#9075);
#7829=AXIS2_PLACEMENT_3D('',#11625,#9076,#9077);
#7830=AXIS2_PLACEMENT_3D('',#11627,#9078,#9079);
#7831=AXIS2_PLACEMENT_3D('',#11628,#9080,#9081);
#7832=AXIS2_PLACEMENT_3D('',#11630,#9082,#9083);
#7833=AXIS2_PLACEMENT_3D('',#11631,#9084,#9085);
#7834=AXIS2_PLACEMENT_3D('',#11633,#9086,#9087);
#7835=AXIS2_PLACEMENT_3D('',#11634,#9088,#9089);
#7836=AXIS2_PLACEMENT_3D('',#11636,#9090,#9091);
#7837=AXIS2_PLACEMENT_3D('',#11637,#9092,#9093);
#7838=AXIS2_PLACEMENT_3D('',#11654,#9094,#9095);
#7839=AXIS2_PLACEMENT_3D('',#11656,#9096,#9097);
#7840=AXIS2_PLACEMENT_3D('',#11657,#9098,#9099);
#7841=AXIS2_PLACEMENT_3D('',#11658,#9100,#9101);
#7842=AXIS2_PLACEMENT_3D('',#11659,#9102,#9103);
#7843=AXIS2_PLACEMENT_3D('',#11661,#9104,#9105);
#7844=AXIS2_PLACEMENT_3D('',#11662,#9106,#9107);
#7845=AXIS2_PLACEMENT_3D('',#11663,#9108,#9109);
#7846=AXIS2_PLACEMENT_3D('',#11665,#9110,#9111);
#7847=AXIS2_PLACEMENT_3D('',#11666,#9112,#9113);
#7848=AXIS2_PLACEMENT_3D('',#11669,#9114,#9115);
#7849=AXIS2_PLACEMENT_3D('',#11670,#9116,#9117);
#7850=AXIS2_PLACEMENT_3D('',#11685,#9118,#9119);
#7851=AXIS2_PLACEMENT_3D('',#11687,#9120,#9121);
#7852=AXIS2_PLACEMENT_3D('',#11688,#9122,#9123);
#7853=AXIS2_PLACEMENT_3D('',#11689,#9124,#9125);
#7854=AXIS2_PLACEMENT_3D('',#11691,#9126,#9127);
#7855=AXIS2_PLACEMENT_3D('',#11692,#9128,#9129);
#7856=AXIS2_PLACEMENT_3D('',#11695,#9130,#9131);
#7857=AXIS2_PLACEMENT_3D('',#11696,#9132,#9133);
#7858=AXIS2_PLACEMENT_3D('',#11711,#9134,#9135);
#7859=AXIS2_PLACEMENT_3D('',#11712,#9136,#9137);
#7860=AXIS2_PLACEMENT_3D('',#11714,#9138,#9139);
#7861=AXIS2_PLACEMENT_3D('',#11715,#9140,#9141);
#7862=AXIS2_PLACEMENT_3D('',#11717,#9142,#9143);
#7863=AXIS2_PLACEMENT_3D('',#11718,#9144,#9145);
#7864=AXIS2_PLACEMENT_3D('',#11720,#9146,#9147);
#7865=AXIS2_PLACEMENT_3D('',#11721,#9148,#9149);
#7866=AXIS2_PLACEMENT_3D('',#11723,#9150,#9151);
#7867=AXIS2_PLACEMENT_3D('',#11724,#9152,#9153);
#7868=AXIS2_PLACEMENT_3D('',#11726,#9154,#9155);
#7869=AXIS2_PLACEMENT_3D('',#11727,#9156,#9157);
#7870=AXIS2_PLACEMENT_3D('',#11729,#9158,#9159);
#7871=AXIS2_PLACEMENT_3D('',#11730,#9160,#9161);
#7872=AXIS2_PLACEMENT_3D('',#11732,#9162,#9163);
#7873=AXIS2_PLACEMENT_3D('',#11733,#9164,#9165);
#7874=AXIS2_PLACEMENT_3D('',#11750,#9166,#9167);
#7875=AXIS2_PLACEMENT_3D('',#11752,#9168,#9169);
#7876=AXIS2_PLACEMENT_3D('',#11753,#9170,#9171);
#7877=AXIS2_PLACEMENT_3D('',#11754,#9172,#9173);
#7878=AXIS2_PLACEMENT_3D('',#11755,#9174,#9175);
#7879=AXIS2_PLACEMENT_3D('',#11757,#9176,#9177);
#7880=AXIS2_PLACEMENT_3D('',#11758,#9178,#9179);
#7881=AXIS2_PLACEMENT_3D('',#11759,#9180,#9181);
#7882=AXIS2_PLACEMENT_3D('',#11761,#9182,#9183);
#7883=AXIS2_PLACEMENT_3D('',#11762,#9184,#9185);
#7884=AXIS2_PLACEMENT_3D('',#11765,#9186,#9187);
#7885=AXIS2_PLACEMENT_3D('',#11766,#9188,#9189);
#7886=AXIS2_PLACEMENT_3D('',#11781,#9190,#9191);
#7887=AXIS2_PLACEMENT_3D('',#11783,#9192,#9193);
#7888=AXIS2_PLACEMENT_3D('',#11784,#9194,#9195);
#7889=AXIS2_PLACEMENT_3D('',#11785,#9196,#9197);
#7890=AXIS2_PLACEMENT_3D('',#11787,#9198,#9199);
#7891=AXIS2_PLACEMENT_3D('',#11788,#9200,#9201);
#7892=AXIS2_PLACEMENT_3D('',#11791,#9202,#9203);
#7893=AXIS2_PLACEMENT_3D('',#11792,#9204,#9205);
#7894=AXIS2_PLACEMENT_3D('',#11807,#9206,#9207);
#7895=AXIS2_PLACEMENT_3D('',#11808,#9208,#9209);
#7896=AXIS2_PLACEMENT_3D('',#11810,#9210,#9211);
#7897=AXIS2_PLACEMENT_3D('',#11811,#9212,#9213);
#7898=AXIS2_PLACEMENT_3D('',#11813,#9214,#9215);
#7899=AXIS2_PLACEMENT_3D('',#11814,#9216,#9217);
#7900=AXIS2_PLACEMENT_3D('',#11816,#9218,#9219);
#7901=AXIS2_PLACEMENT_3D('',#11817,#9220,#9221);
#7902=AXIS2_PLACEMENT_3D('',#11819,#9222,#9223);
#7903=AXIS2_PLACEMENT_3D('',#11820,#9224,#9225);
#7904=AXIS2_PLACEMENT_3D('',#11822,#9226,#9227);
#7905=AXIS2_PLACEMENT_3D('',#11823,#9228,#9229);
#7906=AXIS2_PLACEMENT_3D('',#11825,#9230,#9231);
#7907=AXIS2_PLACEMENT_3D('',#11826,#9232,#9233);
#7908=AXIS2_PLACEMENT_3D('',#11828,#9234,#9235);
#7909=AXIS2_PLACEMENT_3D('',#11829,#9236,#9237);
#7910=AXIS2_PLACEMENT_3D('',#11846,#9238,#9239);
#7911=AXIS2_PLACEMENT_3D('',#11848,#9240,#9241);
#7912=AXIS2_PLACEMENT_3D('',#11849,#9242,#9243);
#7913=AXIS2_PLACEMENT_3D('',#11850,#9244,#9245);
#7914=AXIS2_PLACEMENT_3D('',#11851,#9246,#9247);
#7915=AXIS2_PLACEMENT_3D('',#11853,#9248,#9249);
#7916=AXIS2_PLACEMENT_3D('',#11854,#9250,#9251);
#7917=AXIS2_PLACEMENT_3D('',#11855,#9252,#9253);
#7918=AXIS2_PLACEMENT_3D('',#11857,#9254,#9255);
#7919=AXIS2_PLACEMENT_3D('',#11858,#9256,#9257);
#7920=AXIS2_PLACEMENT_3D('',#11861,#9258,#9259);
#7921=AXIS2_PLACEMENT_3D('',#11862,#9260,#9261);
#7922=AXIS2_PLACEMENT_3D('',#11877,#9262,#9263);
#7923=AXIS2_PLACEMENT_3D('',#11879,#9264,#9265);
#7924=AXIS2_PLACEMENT_3D('',#11880,#9266,#9267);
#7925=AXIS2_PLACEMENT_3D('',#11881,#9268,#9269);
#7926=AXIS2_PLACEMENT_3D('',#11883,#9270,#9271);
#7927=AXIS2_PLACEMENT_3D('',#11884,#9272,#9273);
#7928=AXIS2_PLACEMENT_3D('',#11887,#9274,#9275);
#7929=AXIS2_PLACEMENT_3D('',#11888,#9276,#9277);
#7930=AXIS2_PLACEMENT_3D('',#11903,#9278,#9279);
#7931=AXIS2_PLACEMENT_3D('',#11904,#9280,#9281);
#7932=AXIS2_PLACEMENT_3D('',#11906,#9282,#9283);
#7933=AXIS2_PLACEMENT_3D('',#11907,#9284,#9285);
#7934=AXIS2_PLACEMENT_3D('',#11909,#9286,#9287);
#7935=AXIS2_PLACEMENT_3D('',#11910,#9288,#9289);
#7936=AXIS2_PLACEMENT_3D('',#11912,#9290,#9291);
#7937=AXIS2_PLACEMENT_3D('',#11913,#9292,#9293);
#7938=AXIS2_PLACEMENT_3D('',#11915,#9294,#9295);
#7939=AXIS2_PLACEMENT_3D('',#11916,#9296,#9297);
#7940=AXIS2_PLACEMENT_3D('',#11918,#9298,#9299);
#7941=AXIS2_PLACEMENT_3D('',#11919,#9300,#9301);
#7942=AXIS2_PLACEMENT_3D('',#11921,#9302,#9303);
#7943=AXIS2_PLACEMENT_3D('',#11922,#9304,#9305);
#7944=AXIS2_PLACEMENT_3D('',#11924,#9306,#9307);
#7945=AXIS2_PLACEMENT_3D('',#11925,#9308,#9309);
#7946=AXIS2_PLACEMENT_3D('',#11942,#9310,#9311);
#7947=AXIS2_PLACEMENT_3D('',#11944,#9312,#9313);
#7948=AXIS2_PLACEMENT_3D('',#11945,#9314,#9315);
#7949=AXIS2_PLACEMENT_3D('',#11946,#9316,#9317);
#7950=AXIS2_PLACEMENT_3D('',#11947,#9318,#9319);
#7951=AXIS2_PLACEMENT_3D('',#11949,#9320,#9321);
#7952=AXIS2_PLACEMENT_3D('',#11950,#9322,#9323);
#7953=AXIS2_PLACEMENT_3D('',#11951,#9324,#9325);
#7954=AXIS2_PLACEMENT_3D('',#11953,#9326,#9327);
#7955=AXIS2_PLACEMENT_3D('',#11954,#9328,#9329);
#7956=AXIS2_PLACEMENT_3D('',#11957,#9330,#9331);
#7957=AXIS2_PLACEMENT_3D('',#11958,#9332,#9333);
#7958=AXIS2_PLACEMENT_3D('',#11973,#9334,#9335);
#7959=AXIS2_PLACEMENT_3D('',#11975,#9336,#9337);
#7960=AXIS2_PLACEMENT_3D('',#11976,#9338,#9339);
#7961=AXIS2_PLACEMENT_3D('',#11977,#9340,#9341);
#7962=AXIS2_PLACEMENT_3D('',#11979,#9342,#9343);
#7963=AXIS2_PLACEMENT_3D('',#11980,#9344,#9345);
#7964=AXIS2_PLACEMENT_3D('',#11983,#9346,#9347);
#7965=AXIS2_PLACEMENT_3D('',#11984,#9348,#9349);
#7966=AXIS2_PLACEMENT_3D('',#11999,#9350,#9351);
#7967=AXIS2_PLACEMENT_3D('',#12000,#9352,#9353);
#7968=AXIS2_PLACEMENT_3D('',#12002,#9354,#9355);
#7969=AXIS2_PLACEMENT_3D('',#12003,#9356,#9357);
#7970=AXIS2_PLACEMENT_3D('',#12005,#9358,#9359);
#7971=AXIS2_PLACEMENT_3D('',#12006,#9360,#9361);
#7972=AXIS2_PLACEMENT_3D('',#12008,#9362,#9363);
#7973=AXIS2_PLACEMENT_3D('',#12009,#9364,#9365);
#7974=AXIS2_PLACEMENT_3D('',#12011,#9366,#9367);
#7975=AXIS2_PLACEMENT_3D('',#12012,#9368,#9369);
#7976=AXIS2_PLACEMENT_3D('',#12014,#9370,#9371);
#7977=AXIS2_PLACEMENT_3D('',#12015,#9372,#9373);
#7978=AXIS2_PLACEMENT_3D('',#12017,#9374,#9375);
#7979=AXIS2_PLACEMENT_3D('',#12018,#9376,#9377);
#7980=AXIS2_PLACEMENT_3D('',#12020,#9378,#9379);
#7981=AXIS2_PLACEMENT_3D('',#12021,#9380,#9381);
#7982=AXIS2_PLACEMENT_3D('',#12038,#9382,#9383);
#7983=AXIS2_PLACEMENT_3D('',#12040,#9384,#9385);
#7984=AXIS2_PLACEMENT_3D('',#12041,#9386,#9387);
#7985=AXIS2_PLACEMENT_3D('',#12042,#9388,#9389);
#7986=AXIS2_PLACEMENT_3D('',#12043,#9390,#9391);
#7987=AXIS2_PLACEMENT_3D('',#12045,#9392,#9393);
#7988=AXIS2_PLACEMENT_3D('',#12046,#9394,#9395);
#7989=AXIS2_PLACEMENT_3D('',#12047,#9396,#9397);
#7990=AXIS2_PLACEMENT_3D('',#12049,#9398,#9399);
#7991=AXIS2_PLACEMENT_3D('',#12050,#9400,#9401);
#7992=AXIS2_PLACEMENT_3D('',#12053,#9402,#9403);
#7993=AXIS2_PLACEMENT_3D('',#12054,#9404,#9405);
#7994=AXIS2_PLACEMENT_3D('',#12069,#9406,#9407);
#7995=AXIS2_PLACEMENT_3D('',#12071,#9408,#9409);
#7996=AXIS2_PLACEMENT_3D('',#12072,#9410,#9411);
#7997=AXIS2_PLACEMENT_3D('',#12073,#9412,#9413);
#7998=AXIS2_PLACEMENT_3D('',#12075,#9414,#9415);
#7999=AXIS2_PLACEMENT_3D('',#12076,#9416,#9417);
#8000=AXIS2_PLACEMENT_3D('',#12079,#9418,#9419);
#8001=AXIS2_PLACEMENT_3D('',#12080,#9420,#9421);
#8002=AXIS2_PLACEMENT_3D('',#12095,#9422,#9423);
#8003=AXIS2_PLACEMENT_3D('',#12096,#9424,#9425);
#8004=AXIS2_PLACEMENT_3D('',#12098,#9426,#9427);
#8005=AXIS2_PLACEMENT_3D('',#12099,#9428,#9429);
#8006=AXIS2_PLACEMENT_3D('',#12101,#9430,#9431);
#8007=AXIS2_PLACEMENT_3D('',#12102,#9432,#9433);
#8008=AXIS2_PLACEMENT_3D('',#12104,#9434,#9435);
#8009=AXIS2_PLACEMENT_3D('',#12105,#9436,#9437);
#8010=AXIS2_PLACEMENT_3D('',#12107,#9438,#9439);
#8011=AXIS2_PLACEMENT_3D('',#12108,#9440,#9441);
#8012=AXIS2_PLACEMENT_3D('',#12110,#9442,#9443);
#8013=AXIS2_PLACEMENT_3D('',#12111,#9444,#9445);
#8014=AXIS2_PLACEMENT_3D('',#12113,#9446,#9447);
#8015=AXIS2_PLACEMENT_3D('',#12114,#9448,#9449);
#8016=AXIS2_PLACEMENT_3D('',#12116,#9450,#9451);
#8017=AXIS2_PLACEMENT_3D('',#12117,#9452,#9453);
#8018=AXIS2_PLACEMENT_3D('',#12134,#9454,#9455);
#8019=AXIS2_PLACEMENT_3D('',#12136,#9456,#9457);
#8020=AXIS2_PLACEMENT_3D('',#12137,#9458,#9459);
#8021=AXIS2_PLACEMENT_3D('',#12138,#9460,#9461);
#8022=AXIS2_PLACEMENT_3D('',#12139,#9462,#9463);
#8023=AXIS2_PLACEMENT_3D('',#12141,#9464,#9465);
#8024=AXIS2_PLACEMENT_3D('',#12142,#9466,#9467);
#8025=AXIS2_PLACEMENT_3D('',#12143,#9468,#9469);
#8026=AXIS2_PLACEMENT_3D('',#12145,#9470,#9471);
#8027=AXIS2_PLACEMENT_3D('',#12146,#9472,#9473);
#8028=AXIS2_PLACEMENT_3D('',#12149,#9474,#9475);
#8029=AXIS2_PLACEMENT_3D('',#12150,#9476,#9477);
#8030=AXIS2_PLACEMENT_3D('',#12165,#9478,#9479);
#8031=AXIS2_PLACEMENT_3D('',#12167,#9480,#9481);
#8032=AXIS2_PLACEMENT_3D('',#12168,#9482,#9483);
#8033=AXIS2_PLACEMENT_3D('',#12169,#9484,#9485);
#8034=AXIS2_PLACEMENT_3D('',#12171,#9486,#9487);
#8035=AXIS2_PLACEMENT_3D('',#12172,#9488,#9489);
#8036=AXIS2_PLACEMENT_3D('',#12175,#9490,#9491);
#8037=AXIS2_PLACEMENT_3D('',#12176,#9492,#9493);
#8038=AXIS2_PLACEMENT_3D('',#12191,#9494,#9495);
#8039=AXIS2_PLACEMENT_3D('',#12192,#9496,#9497);
#8040=AXIS2_PLACEMENT_3D('',#12194,#9498,#9499);
#8041=AXIS2_PLACEMENT_3D('',#12195,#9500,#9501);
#8042=AXIS2_PLACEMENT_3D('',#12197,#9502,#9503);
#8043=AXIS2_PLACEMENT_3D('',#12198,#9504,#9505);
#8044=AXIS2_PLACEMENT_3D('',#12200,#9506,#9507);
#8045=AXIS2_PLACEMENT_3D('',#12201,#9508,#9509);
#8046=AXIS2_PLACEMENT_3D('',#12203,#9510,#9511);
#8047=AXIS2_PLACEMENT_3D('',#12204,#9512,#9513);
#8048=AXIS2_PLACEMENT_3D('',#12206,#9514,#9515);
#8049=AXIS2_PLACEMENT_3D('',#12207,#9516,#9517);
#8050=AXIS2_PLACEMENT_3D('',#12209,#9518,#9519);
#8051=AXIS2_PLACEMENT_3D('',#12210,#9520,#9521);
#8052=AXIS2_PLACEMENT_3D('',#12212,#9522,#9523);
#8053=AXIS2_PLACEMENT_3D('',#12213,#9524,#9525);
#8054=AXIS2_PLACEMENT_3D('',#12230,#9526,#9527);
#8055=AXIS2_PLACEMENT_3D('',#12232,#9528,#9529);
#8056=AXIS2_PLACEMENT_3D('',#12233,#9530,#9531);
#8057=AXIS2_PLACEMENT_3D('',#12234,#9532,#9533);
#8058=AXIS2_PLACEMENT_3D('',#12235,#9534,#9535);
#8059=AXIS2_PLACEMENT_3D('',#12237,#9536,#9537);
#8060=AXIS2_PLACEMENT_3D('',#12238,#9538,#9539);
#8061=AXIS2_PLACEMENT_3D('',#12239,#9540,#9541);
#8062=AXIS2_PLACEMENT_3D('',#12241,#9542,#9543);
#8063=AXIS2_PLACEMENT_3D('',#12242,#9544,#9545);
#8064=AXIS2_PLACEMENT_3D('',#12245,#9546,#9547);
#8065=AXIS2_PLACEMENT_3D('',#12246,#9548,#9549);
#8066=AXIS2_PLACEMENT_3D('',#12261,#9550,#9551);
#8067=AXIS2_PLACEMENT_3D('',#12263,#9552,#9553);
#8068=AXIS2_PLACEMENT_3D('',#12264,#9554,#9555);
#8069=AXIS2_PLACEMENT_3D('',#12265,#9556,#9557);
#8070=AXIS2_PLACEMENT_3D('',#12267,#9558,#9559);
#8071=AXIS2_PLACEMENT_3D('',#12268,#9560,#9561);
#8072=AXIS2_PLACEMENT_3D('',#12271,#9562,#9563);
#8073=AXIS2_PLACEMENT_3D('',#12272,#9564,#9565);
#8074=AXIS2_PLACEMENT_3D('',#12287,#9566,#9567);
#8075=AXIS2_PLACEMENT_3D('',#12288,#9568,#9569);
#8076=AXIS2_PLACEMENT_3D('',#12290,#9570,#9571);
#8077=AXIS2_PLACEMENT_3D('',#12291,#9572,#9573);
#8078=AXIS2_PLACEMENT_3D('',#12293,#9574,#9575);
#8079=AXIS2_PLACEMENT_3D('',#12294,#9576,#9577);
#8080=AXIS2_PLACEMENT_3D('',#12296,#9578,#9579);
#8081=AXIS2_PLACEMENT_3D('',#12297,#9580,#9581);
#8082=AXIS2_PLACEMENT_3D('',#12299,#9582,#9583);
#8083=AXIS2_PLACEMENT_3D('',#12300,#9584,#9585);
#8084=AXIS2_PLACEMENT_3D('',#12302,#9586,#9587);
#8085=AXIS2_PLACEMENT_3D('',#12303,#9588,#9589);
#8086=AXIS2_PLACEMENT_3D('',#12305,#9590,#9591);
#8087=AXIS2_PLACEMENT_3D('',#12306,#9592,#9593);
#8088=AXIS2_PLACEMENT_3D('',#12308,#9594,#9595);
#8089=AXIS2_PLACEMENT_3D('',#12309,#9596,#9597);
#8090=AXIS2_PLACEMENT_3D('',#12326,#9598,#9599);
#8091=AXIS2_PLACEMENT_3D('',#12328,#9600,#9601);
#8092=AXIS2_PLACEMENT_3D('',#12329,#9602,#9603);
#8093=AXIS2_PLACEMENT_3D('',#12330,#9604,#9605);
#8094=AXIS2_PLACEMENT_3D('',#12331,#9606,#9607);
#8095=AXIS2_PLACEMENT_3D('',#12333,#9608,#9609);
#8096=AXIS2_PLACEMENT_3D('',#12334,#9610,#9611);
#8097=AXIS2_PLACEMENT_3D('',#12335,#9612,#9613);
#8098=AXIS2_PLACEMENT_3D('',#12337,#9614,#9615);
#8099=AXIS2_PLACEMENT_3D('',#12338,#9616,#9617);
#8100=AXIS2_PLACEMENT_3D('',#12341,#9618,#9619);
#8101=AXIS2_PLACEMENT_3D('',#12342,#9620,#9621);
#8102=AXIS2_PLACEMENT_3D('',#12357,#9622,#9623);
#8103=AXIS2_PLACEMENT_3D('',#12359,#9624,#9625);
#8104=AXIS2_PLACEMENT_3D('',#12360,#9626,#9627);
#8105=AXIS2_PLACEMENT_3D('',#12361,#9628,#9629);
#8106=AXIS2_PLACEMENT_3D('',#12363,#9630,#9631);
#8107=AXIS2_PLACEMENT_3D('',#12364,#9632,#9633);
#8108=AXIS2_PLACEMENT_3D('',#12367,#9634,#9635);
#8109=AXIS2_PLACEMENT_3D('',#12368,#9636,#9637);
#8110=AXIS2_PLACEMENT_3D('',#12383,#9638,#9639);
#8111=AXIS2_PLACEMENT_3D('',#12384,#9640,#9641);
#8112=AXIS2_PLACEMENT_3D('',#12386,#9642,#9643);
#8113=AXIS2_PLACEMENT_3D('',#12387,#9644,#9645);
#8114=AXIS2_PLACEMENT_3D('',#12389,#9646,#9647);
#8115=AXIS2_PLACEMENT_3D('',#12390,#9648,#9649);
#8116=AXIS2_PLACEMENT_3D('',#12392,#9650,#9651);
#8117=AXIS2_PLACEMENT_3D('',#12393,#9652,#9653);
#8118=AXIS2_PLACEMENT_3D('',#12395,#9654,#9655);
#8119=AXIS2_PLACEMENT_3D('',#12396,#9656,#9657);
#8120=AXIS2_PLACEMENT_3D('',#12398,#9658,#9659);
#8121=AXIS2_PLACEMENT_3D('',#12399,#9660,#9661);
#8122=AXIS2_PLACEMENT_3D('',#12401,#9662,#9663);
#8123=AXIS2_PLACEMENT_3D('',#12402,#9664,#9665);
#8124=AXIS2_PLACEMENT_3D('',#12404,#9666,#9667);
#8125=AXIS2_PLACEMENT_3D('',#12405,#9668,#9669);
#8126=AXIS2_PLACEMENT_3D('',#12422,#9670,#9671);
#8127=AXIS2_PLACEMENT_3D('',#12424,#9672,#9673);
#8128=AXIS2_PLACEMENT_3D('',#12425,#9674,#9675);
#8129=AXIS2_PLACEMENT_3D('',#12426,#9676,#9677);
#8130=AXIS2_PLACEMENT_3D('',#12427,#9678,#9679);
#8131=AXIS2_PLACEMENT_3D('',#12429,#9680,#9681);
#8132=AXIS2_PLACEMENT_3D('',#12430,#9682,#9683);
#8133=AXIS2_PLACEMENT_3D('',#12431,#9684,#9685);
#8134=AXIS2_PLACEMENT_3D('',#12433,#9686,#9687);
#8135=AXIS2_PLACEMENT_3D('',#12434,#9688,#9689);
#8136=AXIS2_PLACEMENT_3D('',#12437,#9690,#9691);
#8137=AXIS2_PLACEMENT_3D('',#12438,#9692,#9693);
#8138=AXIS2_PLACEMENT_3D('',#12453,#9694,#9695);
#8139=AXIS2_PLACEMENT_3D('',#12455,#9696,#9697);
#8140=AXIS2_PLACEMENT_3D('',#12456,#9698,#9699);
#8141=AXIS2_PLACEMENT_3D('',#12457,#9700,#9701);
#8142=AXIS2_PLACEMENT_3D('',#12459,#9702,#9703);
#8143=AXIS2_PLACEMENT_3D('',#12460,#9704,#9705);
#8144=AXIS2_PLACEMENT_3D('',#12463,#9706,#9707);
#8145=AXIS2_PLACEMENT_3D('',#12464,#9708,#9709);
#8146=AXIS2_PLACEMENT_3D('',#12479,#9710,#9711);
#8147=AXIS2_PLACEMENT_3D('',#12480,#9712,#9713);
#8148=AXIS2_PLACEMENT_3D('',#12482,#9714,#9715);
#8149=AXIS2_PLACEMENT_3D('',#12483,#9716,#9717);
#8150=AXIS2_PLACEMENT_3D('',#12485,#9718,#9719);
#8151=AXIS2_PLACEMENT_3D('',#12486,#9720,#9721);
#8152=AXIS2_PLACEMENT_3D('',#12488,#9722,#9723);
#8153=AXIS2_PLACEMENT_3D('',#12489,#9724,#9725);
#8154=AXIS2_PLACEMENT_3D('',#12491,#9726,#9727);
#8155=AXIS2_PLACEMENT_3D('',#12492,#9728,#9729);
#8156=AXIS2_PLACEMENT_3D('',#12494,#9730,#9731);
#8157=AXIS2_PLACEMENT_3D('',#12495,#9732,#9733);
#8158=AXIS2_PLACEMENT_3D('',#12497,#9734,#9735);
#8159=AXIS2_PLACEMENT_3D('',#12498,#9736,#9737);
#8160=AXIS2_PLACEMENT_3D('',#12500,#9738,#9739);
#8161=AXIS2_PLACEMENT_3D('',#12501,#9740,#9741);
#8162=AXIS2_PLACEMENT_3D('',#12518,#9742,#9743);
#8163=AXIS2_PLACEMENT_3D('',#12520,#9744,#9745);
#8164=AXIS2_PLACEMENT_3D('',#12521,#9746,#9747);
#8165=AXIS2_PLACEMENT_3D('',#12522,#9748,#9749);
#8166=AXIS2_PLACEMENT_3D('',#12523,#9750,#9751);
#8167=AXIS2_PLACEMENT_3D('',#12525,#9752,#9753);
#8168=AXIS2_PLACEMENT_3D('',#12526,#9754,#9755);
#8169=AXIS2_PLACEMENT_3D('',#12527,#9756,#9757);
#8170=AXIS2_PLACEMENT_3D('',#12529,#9758,#9759);
#8171=AXIS2_PLACEMENT_3D('',#12530,#9760,#9761);
#8172=AXIS2_PLACEMENT_3D('',#12533,#9762,#9763);
#8173=AXIS2_PLACEMENT_3D('',#12534,#9764,#9765);
#8174=AXIS2_PLACEMENT_3D('',#12549,#9766,#9767);
#8175=AXIS2_PLACEMENT_3D('',#12551,#9768,#9769);
#8176=AXIS2_PLACEMENT_3D('',#12552,#9770,#9771);
#8177=AXIS2_PLACEMENT_3D('',#12553,#9772,#9773);
#8178=AXIS2_PLACEMENT_3D('',#12555,#9774,#9775);
#8179=AXIS2_PLACEMENT_3D('',#12556,#9776,#9777);
#8180=AXIS2_PLACEMENT_3D('',#12559,#9778,#9779);
#8181=AXIS2_PLACEMENT_3D('',#12560,#9780,#9781);
#8182=AXIS2_PLACEMENT_3D('',#12575,#9782,#9783);
#8183=AXIS2_PLACEMENT_3D('',#12576,#9784,#9785);
#8184=AXIS2_PLACEMENT_3D('',#12578,#9786,#9787);
#8185=AXIS2_PLACEMENT_3D('',#12579,#9788,#9789);
#8186=AXIS2_PLACEMENT_3D('',#12581,#9790,#9791);
#8187=AXIS2_PLACEMENT_3D('',#12582,#9792,#9793);
#8188=AXIS2_PLACEMENT_3D('',#12584,#9794,#9795);
#8189=AXIS2_PLACEMENT_3D('',#12585,#9796,#9797);
#8190=AXIS2_PLACEMENT_3D('',#12587,#9798,#9799);
#8191=AXIS2_PLACEMENT_3D('',#12588,#9800,#9801);
#8192=AXIS2_PLACEMENT_3D('',#12590,#9802,#9803);
#8193=AXIS2_PLACEMENT_3D('',#12591,#9804,#9805);
#8194=AXIS2_PLACEMENT_3D('',#12593,#9806,#9807);
#8195=AXIS2_PLACEMENT_3D('',#12594,#9808,#9809);
#8196=AXIS2_PLACEMENT_3D('',#12596,#9810,#9811);
#8197=AXIS2_PLACEMENT_3D('',#12597,#9812,#9813);
#8198=AXIS2_PLACEMENT_3D('',#12614,#9814,#9815);
#8199=AXIS2_PLACEMENT_3D('',#12616,#9816,#9817);
#8200=AXIS2_PLACEMENT_3D('',#12617,#9818,#9819);
#8201=AXIS2_PLACEMENT_3D('',#12618,#9820,#9821);
#8202=AXIS2_PLACEMENT_3D('',#12619,#9822,#9823);
#8203=AXIS2_PLACEMENT_3D('',#12621,#9824,#9825);
#8204=AXIS2_PLACEMENT_3D('',#12622,#9826,#9827);
#8205=AXIS2_PLACEMENT_3D('',#12623,#9828,#9829);
#8206=AXIS2_PLACEMENT_3D('',#12625,#9830,#9831);
#8207=AXIS2_PLACEMENT_3D('',#12626,#9832,#9833);
#8208=AXIS2_PLACEMENT_3D('',#12629,#9834,#9835);
#8209=AXIS2_PLACEMENT_3D('',#12630,#9836,#9837);
#8210=AXIS2_PLACEMENT_3D('',#12645,#9838,#9839);
#8211=AXIS2_PLACEMENT_3D('',#12647,#9840,#9841);
#8212=AXIS2_PLACEMENT_3D('',#12648,#9842,#9843);
#8213=AXIS2_PLACEMENT_3D('',#12649,#9844,#9845);
#8214=AXIS2_PLACEMENT_3D('',#12651,#9846,#9847);
#8215=AXIS2_PLACEMENT_3D('',#12652,#9848,#9849);
#8216=AXIS2_PLACEMENT_3D('',#12655,#9850,#9851);
#8217=AXIS2_PLACEMENT_3D('',#12656,#9852,#9853);
#8218=AXIS2_PLACEMENT_3D('',#12671,#9854,#9855);
#8219=AXIS2_PLACEMENT_3D('',#12672,#9856,#9857);
#8220=AXIS2_PLACEMENT_3D('',#12674,#9858,#9859);
#8221=AXIS2_PLACEMENT_3D('',#12675,#9860,#9861);
#8222=AXIS2_PLACEMENT_3D('',#12677,#9862,#9863);
#8223=AXIS2_PLACEMENT_3D('',#12678,#9864,#9865);
#8224=AXIS2_PLACEMENT_3D('',#12680,#9866,#9867);
#8225=AXIS2_PLACEMENT_3D('',#12681,#9868,#9869);
#8226=AXIS2_PLACEMENT_3D('',#12683,#9870,#9871);
#8227=AXIS2_PLACEMENT_3D('',#12684,#9872,#9873);
#8228=AXIS2_PLACEMENT_3D('',#12686,#9874,#9875);
#8229=AXIS2_PLACEMENT_3D('',#12687,#9876,#9877);
#8230=AXIS2_PLACEMENT_3D('',#12689,#9878,#9879);
#8231=AXIS2_PLACEMENT_3D('',#12690,#9880,#9881);
#8232=AXIS2_PLACEMENT_3D('',#12692,#9882,#9883);
#8233=AXIS2_PLACEMENT_3D('',#12693,#9884,#9885);
#8234=AXIS2_PLACEMENT_3D('',#12710,#9886,#9887);
#8235=AXIS2_PLACEMENT_3D('',#12712,#9888,#9889);
#8236=AXIS2_PLACEMENT_3D('',#12713,#9890,#9891);
#8237=AXIS2_PLACEMENT_3D('',#12714,#9892,#9893);
#8238=AXIS2_PLACEMENT_3D('',#12715,#9894,#9895);
#8239=AXIS2_PLACEMENT_3D('',#12717,#9896,#9897);
#8240=AXIS2_PLACEMENT_3D('',#12718,#9898,#9899);
#8241=AXIS2_PLACEMENT_3D('',#12719,#9900,#9901);
#8242=AXIS2_PLACEMENT_3D('',#12721,#9902,#9903);
#8243=AXIS2_PLACEMENT_3D('',#12722,#9904,#9905);
#8244=AXIS2_PLACEMENT_3D('',#12725,#9906,#9907);
#8245=AXIS2_PLACEMENT_3D('',#12726,#9908,#9909);
#8246=AXIS2_PLACEMENT_3D('',#12741,#9910,#9911);
#8247=AXIS2_PLACEMENT_3D('',#12743,#9912,#9913);
#8248=AXIS2_PLACEMENT_3D('',#12744,#9914,#9915);
#8249=AXIS2_PLACEMENT_3D('',#12745,#9916,#9917);
#8250=AXIS2_PLACEMENT_3D('',#12747,#9918,#9919);
#8251=AXIS2_PLACEMENT_3D('',#12748,#9920,#9921);
#8252=AXIS2_PLACEMENT_3D('',#12751,#9922,#9923);
#8253=AXIS2_PLACEMENT_3D('',#12752,#9924,#9925);
#8254=AXIS2_PLACEMENT_3D('',#12767,#9926,#9927);
#8255=AXIS2_PLACEMENT_3D('',#12768,#9928,#9929);
#8256=AXIS2_PLACEMENT_3D('',#12770,#9930,#9931);
#8257=AXIS2_PLACEMENT_3D('',#12771,#9932,#9933);
#8258=AXIS2_PLACEMENT_3D('',#12773,#9934,#9935);
#8259=AXIS2_PLACEMENT_3D('',#12774,#9936,#9937);
#8260=AXIS2_PLACEMENT_3D('',#12776,#9938,#9939);
#8261=AXIS2_PLACEMENT_3D('',#12777,#9940,#9941);
#8262=AXIS2_PLACEMENT_3D('',#12779,#9942,#9943);
#8263=AXIS2_PLACEMENT_3D('',#12780,#9944,#9945);
#8264=AXIS2_PLACEMENT_3D('',#12782,#9946,#9947);
#8265=AXIS2_PLACEMENT_3D('',#12783,#9948,#9949);
#8266=AXIS2_PLACEMENT_3D('',#12785,#9950,#9951);
#8267=AXIS2_PLACEMENT_3D('',#12786,#9952,#9953);
#8268=AXIS2_PLACEMENT_3D('',#12788,#9954,#9955);
#8269=AXIS2_PLACEMENT_3D('',#12789,#9956,#9957);
#8270=AXIS2_PLACEMENT_3D('',#12806,#9958,#9959);
#8271=AXIS2_PLACEMENT_3D('',#12808,#9960,#9961);
#8272=AXIS2_PLACEMENT_3D('',#12809,#9962,#9963);
#8273=AXIS2_PLACEMENT_3D('',#12810,#9964,#9965);
#8274=AXIS2_PLACEMENT_3D('',#12811,#9966,#9967);
#8275=AXIS2_PLACEMENT_3D('',#12813,#9968,#9969);
#8276=AXIS2_PLACEMENT_3D('',#12814,#9970,#9971);
#8277=AXIS2_PLACEMENT_3D('',#12815,#9972,#9973);
#8278=AXIS2_PLACEMENT_3D('',#12817,#9974,#9975);
#8279=AXIS2_PLACEMENT_3D('',#12818,#9976,#9977);
#8280=AXIS2_PLACEMENT_3D('',#12821,#9978,#9979);
#8281=AXIS2_PLACEMENT_3D('',#12822,#9980,#9981);
#8282=AXIS2_PLACEMENT_3D('',#12837,#9982,#9983);
#8283=AXIS2_PLACEMENT_3D('',#12839,#9984,#9985);
#8284=AXIS2_PLACEMENT_3D('',#12840,#9986,#9987);
#8285=AXIS2_PLACEMENT_3D('',#12841,#9988,#9989);
#8286=AXIS2_PLACEMENT_3D('',#12843,#9990,#9991);
#8287=AXIS2_PLACEMENT_3D('',#12844,#9992,#9993);
#8288=AXIS2_PLACEMENT_3D('',#12847,#9994,#9995);
#8289=AXIS2_PLACEMENT_3D('',#12848,#9996,#9997);
#8290=AXIS2_PLACEMENT_3D('',#12863,#9998,#9999);
#8291=AXIS2_PLACEMENT_3D('',#12864,#10000,#10001);
#8292=AXIS2_PLACEMENT_3D('',#12866,#10002,#10003);
#8293=AXIS2_PLACEMENT_3D('',#12867,#10004,#10005);
#8294=AXIS2_PLACEMENT_3D('',#12869,#10006,#10007);
#8295=AXIS2_PLACEMENT_3D('',#12870,#10008,#10009);
#8296=AXIS2_PLACEMENT_3D('',#12872,#10010,#10011);
#8297=AXIS2_PLACEMENT_3D('',#12873,#10012,#10013);
#8298=AXIS2_PLACEMENT_3D('',#12875,#10014,#10015);
#8299=AXIS2_PLACEMENT_3D('',#12876,#10016,#10017);
#8300=AXIS2_PLACEMENT_3D('',#12878,#10018,#10019);
#8301=AXIS2_PLACEMENT_3D('',#12879,#10020,#10021);
#8302=AXIS2_PLACEMENT_3D('',#12881,#10022,#10023);
#8303=AXIS2_PLACEMENT_3D('',#12882,#10024,#10025);
#8304=AXIS2_PLACEMENT_3D('',#12884,#10026,#10027);
#8305=AXIS2_PLACEMENT_3D('',#12885,#10028,#10029);
#8306=AXIS2_PLACEMENT_3D('',#12902,#10030,#10031);
#8307=AXIS2_PLACEMENT_3D('',#12904,#10032,#10033);
#8308=AXIS2_PLACEMENT_3D('',#12905,#10034,#10035);
#8309=AXIS2_PLACEMENT_3D('',#12906,#10036,#10037);
#8310=AXIS2_PLACEMENT_3D('',#12907,#10038,#10039);
#8311=AXIS2_PLACEMENT_3D('',#12909,#10040,#10041);
#8312=AXIS2_PLACEMENT_3D('',#12910,#10042,#10043);
#8313=AXIS2_PLACEMENT_3D('',#12911,#10044,#10045);
#8314=AXIS2_PLACEMENT_3D('',#12913,#10046,#10047);
#8315=AXIS2_PLACEMENT_3D('',#12914,#10048,#10049);
#8316=AXIS2_PLACEMENT_3D('',#12917,#10050,#10051);
#8317=AXIS2_PLACEMENT_3D('',#12918,#10052,#10053);
#8318=AXIS2_PLACEMENT_3D('',#12933,#10054,#10055);
#8319=AXIS2_PLACEMENT_3D('',#12935,#10056,#10057);
#8320=AXIS2_PLACEMENT_3D('',#12936,#10058,#10059);
#8321=AXIS2_PLACEMENT_3D('',#12937,#10060,#10061);
#8322=AXIS2_PLACEMENT_3D('',#12939,#10062,#10063);
#8323=AXIS2_PLACEMENT_3D('',#12940,#10064,#10065);
#8324=AXIS2_PLACEMENT_3D('',#12943,#10066,#10067);
#8325=AXIS2_PLACEMENT_3D('',#12944,#10068,#10069);
#8326=AXIS2_PLACEMENT_3D('',#12959,#10070,#10071);
#8327=AXIS2_PLACEMENT_3D('',#12960,#10072,#10073);
#8328=AXIS2_PLACEMENT_3D('',#12962,#10074,#10075);
#8329=AXIS2_PLACEMENT_3D('',#12963,#10076,#10077);
#8330=AXIS2_PLACEMENT_3D('',#12965,#10078,#10079);
#8331=AXIS2_PLACEMENT_3D('',#12966,#10080,#10081);
#8332=AXIS2_PLACEMENT_3D('',#12968,#10082,#10083);
#8333=AXIS2_PLACEMENT_3D('',#12969,#10084,#10085);
#8334=AXIS2_PLACEMENT_3D('',#12971,#10086,#10087);
#8335=AXIS2_PLACEMENT_3D('',#12972,#10088,#10089);
#8336=AXIS2_PLACEMENT_3D('',#12974,#10090,#10091);
#8337=AXIS2_PLACEMENT_3D('',#12975,#10092,#10093);
#8338=AXIS2_PLACEMENT_3D('',#12977,#10094,#10095);
#8339=AXIS2_PLACEMENT_3D('',#12978,#10096,#10097);
#8340=AXIS2_PLACEMENT_3D('',#12980,#10098,#10099);
#8341=AXIS2_PLACEMENT_3D('',#12981,#10100,#10101);
#8342=AXIS2_PLACEMENT_3D('',#12998,#10102,#10103);
#8343=AXIS2_PLACEMENT_3D('',#13000,#10104,#10105);
#8344=AXIS2_PLACEMENT_3D('',#13001,#10106,#10107);
#8345=AXIS2_PLACEMENT_3D('',#13002,#10108,#10109);
#8346=AXIS2_PLACEMENT_3D('',#13003,#10110,#10111);
#8347=AXIS2_PLACEMENT_3D('',#13005,#10112,#10113);
#8348=AXIS2_PLACEMENT_3D('',#13006,#10114,#10115);
#8349=AXIS2_PLACEMENT_3D('',#13007,#10116,#10117);
#8350=AXIS2_PLACEMENT_3D('',#13009,#10118,#10119);
#8351=AXIS2_PLACEMENT_3D('',#13010,#10120,#10121);
#8352=AXIS2_PLACEMENT_3D('',#13013,#10122,#10123);
#8353=AXIS2_PLACEMENT_3D('',#13014,#10124,#10125);
#8354=AXIS2_PLACEMENT_3D('',#13029,#10126,#10127);
#8355=AXIS2_PLACEMENT_3D('',#13031,#10128,#10129);
#8356=AXIS2_PLACEMENT_3D('',#13032,#10130,#10131);
#8357=AXIS2_PLACEMENT_3D('',#13033,#10132,#10133);
#8358=AXIS2_PLACEMENT_3D('',#13035,#10134,#10135);
#8359=AXIS2_PLACEMENT_3D('',#13036,#10136,#10137);
#8360=AXIS2_PLACEMENT_3D('',#13039,#10138,#10139);
#8361=AXIS2_PLACEMENT_3D('',#13040,#10140,#10141);
#8362=AXIS2_PLACEMENT_3D('',#13055,#10142,#10143);
#8363=AXIS2_PLACEMENT_3D('',#13056,#10144,#10145);
#8364=AXIS2_PLACEMENT_3D('',#13058,#10146,#10147);
#8365=AXIS2_PLACEMENT_3D('',#13059,#10148,#10149);
#8366=AXIS2_PLACEMENT_3D('',#13061,#10150,#10151);
#8367=AXIS2_PLACEMENT_3D('',#13062,#10152,#10153);
#8368=AXIS2_PLACEMENT_3D('',#13064,#10154,#10155);
#8369=AXIS2_PLACEMENT_3D('',#13065,#10156,#10157);
#8370=AXIS2_PLACEMENT_3D('',#13067,#10158,#10159);
#8371=AXIS2_PLACEMENT_3D('',#13068,#10160,#10161);
#8372=AXIS2_PLACEMENT_3D('',#13070,#10162,#10163);
#8373=AXIS2_PLACEMENT_3D('',#13071,#10164,#10165);
#8374=AXIS2_PLACEMENT_3D('',#13073,#10166,#10167);
#8375=AXIS2_PLACEMENT_3D('',#13074,#10168,#10169);
#8376=AXIS2_PLACEMENT_3D('',#13076,#10170,#10171);
#8377=AXIS2_PLACEMENT_3D('',#13077,#10172,#10173);
#8378=AXIS2_PLACEMENT_3D('',#13094,#10174,#10175);
#8379=AXIS2_PLACEMENT_3D('',#13096,#10176,#10177);
#8380=AXIS2_PLACEMENT_3D('',#13097,#10178,#10179);
#8381=AXIS2_PLACEMENT_3D('',#13098,#10180,#10181);
#8382=AXIS2_PLACEMENT_3D('',#13099,#10182,#10183);
#8383=AXIS2_PLACEMENT_3D('',#13101,#10184,#10185);
#8384=AXIS2_PLACEMENT_3D('',#13102,#10186,#10187);
#8385=AXIS2_PLACEMENT_3D('',#13103,#10188,#10189);
#8386=AXIS2_PLACEMENT_3D('',#13105,#10190,#10191);
#8387=AXIS2_PLACEMENT_3D('',#13106,#10192,#10193);
#8388=AXIS2_PLACEMENT_3D('',#13109,#10194,#10195);
#8389=AXIS2_PLACEMENT_3D('',#13110,#10196,#10197);
#8390=AXIS2_PLACEMENT_3D('',#13125,#10198,#10199);
#8391=AXIS2_PLACEMENT_3D('',#13127,#10200,#10201);
#8392=AXIS2_PLACEMENT_3D('',#13128,#10202,#10203);
#8393=AXIS2_PLACEMENT_3D('',#13129,#10204,#10205);
#8394=AXIS2_PLACEMENT_3D('',#13131,#10206,#10207);
#8395=AXIS2_PLACEMENT_3D('',#13132,#10208,#10209);
#8396=AXIS2_PLACEMENT_3D('',#13135,#10210,#10211);
#8397=AXIS2_PLACEMENT_3D('',#13136,#10212,#10213);
#8398=AXIS2_PLACEMENT_3D('',#13151,#10214,#10215);
#8399=AXIS2_PLACEMENT_3D('',#13152,#10216,#10217);
#8400=AXIS2_PLACEMENT_3D('',#13154,#10218,#10219);
#8401=AXIS2_PLACEMENT_3D('',#13155,#10220,#10221);
#8402=AXIS2_PLACEMENT_3D('',#13157,#10222,#10223);
#8403=AXIS2_PLACEMENT_3D('',#13158,#10224,#10225);
#8404=AXIS2_PLACEMENT_3D('',#13160,#10226,#10227);
#8405=AXIS2_PLACEMENT_3D('',#13161,#10228,#10229);
#8406=AXIS2_PLACEMENT_3D('',#13163,#10230,#10231);
#8407=AXIS2_PLACEMENT_3D('',#13164,#10232,#10233);
#8408=AXIS2_PLACEMENT_3D('',#13166,#10234,#10235);
#8409=AXIS2_PLACEMENT_3D('',#13167,#10236,#10237);
#8410=AXIS2_PLACEMENT_3D('',#13169,#10238,#10239);
#8411=AXIS2_PLACEMENT_3D('',#13170,#10240,#10241);
#8412=AXIS2_PLACEMENT_3D('',#13172,#10242,#10243);
#8413=AXIS2_PLACEMENT_3D('',#13173,#10244,#10245);
#8414=AXIS2_PLACEMENT_3D('',#13190,#10246,#10247);
#8415=AXIS2_PLACEMENT_3D('',#13192,#10248,#10249);
#8416=AXIS2_PLACEMENT_3D('',#13193,#10250,#10251);
#8417=AXIS2_PLACEMENT_3D('',#13194,#10252,#10253);
#8418=AXIS2_PLACEMENT_3D('',#13195,#10254,#10255);
#8419=AXIS2_PLACEMENT_3D('',#13197,#10256,#10257);
#8420=AXIS2_PLACEMENT_3D('',#13198,#10258,#10259);
#8421=AXIS2_PLACEMENT_3D('',#13199,#10260,#10261);
#8422=AXIS2_PLACEMENT_3D('',#13201,#10262,#10263);
#8423=AXIS2_PLACEMENT_3D('',#13202,#10264,#10265);
#8424=AXIS2_PLACEMENT_3D('',#13205,#10266,#10267);
#8425=AXIS2_PLACEMENT_3D('',#13206,#10268,#10269);
#8426=AXIS2_PLACEMENT_3D('',#13221,#10270,#10271);
#8427=AXIS2_PLACEMENT_3D('',#13223,#10272,#10273);
#8428=AXIS2_PLACEMENT_3D('',#13224,#10274,#10275);
#8429=AXIS2_PLACEMENT_3D('',#13225,#10276,#10277);
#8430=AXIS2_PLACEMENT_3D('',#13227,#10278,#10279);
#8431=AXIS2_PLACEMENT_3D('',#13228,#10280,#10281);
#8432=AXIS2_PLACEMENT_3D('',#13231,#10282,#10283);
#8433=AXIS2_PLACEMENT_3D('',#13232,#10284,#10285);
#8434=AXIS2_PLACEMENT_3D('',#13247,#10286,#10287);
#8435=AXIS2_PLACEMENT_3D('',#13248,#10288,#10289);
#8436=AXIS2_PLACEMENT_3D('',#13250,#10290,#10291);
#8437=AXIS2_PLACEMENT_3D('',#13251,#10292,#10293);
#8438=AXIS2_PLACEMENT_3D('',#13253,#10294,#10295);
#8439=AXIS2_PLACEMENT_3D('',#13254,#10296,#10297);
#8440=AXIS2_PLACEMENT_3D('',#13256,#10298,#10299);
#8441=AXIS2_PLACEMENT_3D('',#13257,#10300,#10301);
#8442=AXIS2_PLACEMENT_3D('',#13259,#10302,#10303);
#8443=AXIS2_PLACEMENT_3D('',#13260,#10304,#10305);
#8444=AXIS2_PLACEMENT_3D('',#13262,#10306,#10307);
#8445=AXIS2_PLACEMENT_3D('',#13263,#10308,#10309);
#8446=AXIS2_PLACEMENT_3D('',#13265,#10310,#10311);
#8447=AXIS2_PLACEMENT_3D('',#13266,#10312,#10313);
#8448=AXIS2_PLACEMENT_3D('',#13268,#10314,#10315);
#8449=AXIS2_PLACEMENT_3D('',#13269,#10316,#10317);
#8450=AXIS2_PLACEMENT_3D('',#13286,#10318,#10319);
#8451=AXIS2_PLACEMENT_3D('',#13288,#10320,#10321);
#8452=AXIS2_PLACEMENT_3D('',#13289,#10322,#10323);
#8453=AXIS2_PLACEMENT_3D('',#13290,#10324,#10325);
#8454=AXIS2_PLACEMENT_3D('',#13291,#10326,#10327);
#8455=AXIS2_PLACEMENT_3D('',#13293,#10328,#10329);
#8456=AXIS2_PLACEMENT_3D('',#13294,#10330,#10331);
#8457=AXIS2_PLACEMENT_3D('',#13295,#10332,#10333);
#8458=AXIS2_PLACEMENT_3D('',#13297,#10334,#10335);
#8459=AXIS2_PLACEMENT_3D('',#13298,#10336,#10337);
#8460=AXIS2_PLACEMENT_3D('',#13301,#10338,#10339);
#8461=AXIS2_PLACEMENT_3D('',#13302,#10340,#10341);
#8462=AXIS2_PLACEMENT_3D('',#13317,#10342,#10343);
#8463=AXIS2_PLACEMENT_3D('',#13319,#10344,#10345);
#8464=AXIS2_PLACEMENT_3D('',#13320,#10346,#10347);
#8465=AXIS2_PLACEMENT_3D('',#13321,#10348,#10349);
#8466=AXIS2_PLACEMENT_3D('',#13323,#10350,#10351);
#8467=AXIS2_PLACEMENT_3D('',#13324,#10352,#10353);
#8468=AXIS2_PLACEMENT_3D('',#13327,#10354,#10355);
#8469=AXIS2_PLACEMENT_3D('',#13328,#10356,#10357);
#8470=AXIS2_PLACEMENT_3D('',#13343,#10358,#10359);
#8471=AXIS2_PLACEMENT_3D('',#13344,#10360,#10361);
#8472=AXIS2_PLACEMENT_3D('',#13346,#10362,#10363);
#8473=AXIS2_PLACEMENT_3D('',#13347,#10364,#10365);
#8474=AXIS2_PLACEMENT_3D('',#13349,#10366,#10367);
#8475=AXIS2_PLACEMENT_3D('',#13350,#10368,#10369);
#8476=AXIS2_PLACEMENT_3D('',#13352,#10370,#10371);
#8477=AXIS2_PLACEMENT_3D('',#13353,#10372,#10373);
#8478=AXIS2_PLACEMENT_3D('',#13355,#10374,#10375);
#8479=AXIS2_PLACEMENT_3D('',#13356,#10376,#10377);
#8480=AXIS2_PLACEMENT_3D('',#13358,#10378,#10379);
#8481=AXIS2_PLACEMENT_3D('',#13359,#10380,#10381);
#8482=AXIS2_PLACEMENT_3D('',#13361,#10382,#10383);
#8483=AXIS2_PLACEMENT_3D('',#13362,#10384,#10385);
#8484=AXIS2_PLACEMENT_3D('',#13364,#10386,#10387);
#8485=AXIS2_PLACEMENT_3D('',#13365,#10388,#10389);
#8486=AXIS2_PLACEMENT_3D('',#13382,#10390,#10391);
#8487=AXIS2_PLACEMENT_3D('',#13384,#10392,#10393);
#8488=AXIS2_PLACEMENT_3D('',#13385,#10394,#10395);
#8489=AXIS2_PLACEMENT_3D('',#13386,#10396,#10397);
#8490=AXIS2_PLACEMENT_3D('',#13387,#10398,#10399);
#8491=AXIS2_PLACEMENT_3D('',#13389,#10400,#10401);
#8492=AXIS2_PLACEMENT_3D('',#13390,#10402,#10403);
#8493=AXIS2_PLACEMENT_3D('',#13391,#10404,#10405);
#8494=AXIS2_PLACEMENT_3D('',#13393,#10406,#10407);
#8495=AXIS2_PLACEMENT_3D('',#13394,#10408,#10409);
#8496=AXIS2_PLACEMENT_3D('',#13397,#10410,#10411);
#8497=AXIS2_PLACEMENT_3D('',#13398,#10412,#10413);
#8498=AXIS2_PLACEMENT_3D('',#13413,#10414,#10415);
#8499=AXIS2_PLACEMENT_3D('',#13415,#10416,#10417);
#8500=AXIS2_PLACEMENT_3D('',#13416,#10418,#10419);
#8501=AXIS2_PLACEMENT_3D('',#13417,#10420,#10421);
#8502=AXIS2_PLACEMENT_3D('',#13419,#10422,#10423);
#8503=AXIS2_PLACEMENT_3D('',#13420,#10424,#10425);
#8504=AXIS2_PLACEMENT_3D('',#13423,#10426,#10427);
#8505=AXIS2_PLACEMENT_3D('',#13424,#10428,#10429);
#8506=AXIS2_PLACEMENT_3D('',#13439,#10430,#10431);
#8507=AXIS2_PLACEMENT_3D('',#13440,#10432,#10433);
#8508=AXIS2_PLACEMENT_3D('',#13442,#10434,#10435);
#8509=AXIS2_PLACEMENT_3D('',#13443,#10436,#10437);
#8510=AXIS2_PLACEMENT_3D('',#13445,#10438,#10439);
#8511=AXIS2_PLACEMENT_3D('',#13446,#10440,#10441);
#8512=AXIS2_PLACEMENT_3D('',#13448,#10442,#10443);
#8513=AXIS2_PLACEMENT_3D('',#13449,#10444,#10445);
#8514=AXIS2_PLACEMENT_3D('',#13451,#10446,#10447);
#8515=AXIS2_PLACEMENT_3D('',#13452,#10448,#10449);
#8516=AXIS2_PLACEMENT_3D('',#13454,#10450,#10451);
#8517=AXIS2_PLACEMENT_3D('',#13455,#10452,#10453);
#8518=AXIS2_PLACEMENT_3D('',#13457,#10454,#10455);
#8519=AXIS2_PLACEMENT_3D('',#13458,#10456,#10457);
#8520=AXIS2_PLACEMENT_3D('',#13460,#10458,#10459);
#8521=AXIS2_PLACEMENT_3D('',#13461,#10460,#10461);
#8522=AXIS2_PLACEMENT_3D('',#13478,#10462,#10463);
#8523=AXIS2_PLACEMENT_3D('',#13480,#10464,#10465);
#8524=AXIS2_PLACEMENT_3D('',#13481,#10466,#10467);
#8525=AXIS2_PLACEMENT_3D('',#13482,#10468,#10469);
#8526=AXIS2_PLACEMENT_3D('',#13483,#10470,#10471);
#8527=AXIS2_PLACEMENT_3D('',#13485,#10472,#10473);
#8528=AXIS2_PLACEMENT_3D('',#13486,#10474,#10475);
#8529=AXIS2_PLACEMENT_3D('',#13487,#10476,#10477);
#8530=AXIS2_PLACEMENT_3D('',#13489,#10478,#10479);
#8531=AXIS2_PLACEMENT_3D('',#13490,#10480,#10481);
#8532=AXIS2_PLACEMENT_3D('',#13493,#10482,#10483);
#8533=AXIS2_PLACEMENT_3D('',#13494,#10484,#10485);
#8534=AXIS2_PLACEMENT_3D('',#13509,#10486,#10487);
#8535=AXIS2_PLACEMENT_3D('',#13511,#10488,#10489);
#8536=AXIS2_PLACEMENT_3D('',#13512,#10490,#10491);
#8537=AXIS2_PLACEMENT_3D('',#13513,#10492,#10493);
#8538=AXIS2_PLACEMENT_3D('',#13515,#10494,#10495);
#8539=AXIS2_PLACEMENT_3D('',#13516,#10496,#10497);
#8540=AXIS2_PLACEMENT_3D('',#13519,#10498,#10499);
#8541=AXIS2_PLACEMENT_3D('',#13520,#10500,#10501);
#8542=AXIS2_PLACEMENT_3D('',#13535,#10502,#10503);
#8543=AXIS2_PLACEMENT_3D('',#13536,#10504,#10505);
#8544=AXIS2_PLACEMENT_3D('',#13538,#10506,#10507);
#8545=AXIS2_PLACEMENT_3D('',#13539,#10508,#10509);
#8546=AXIS2_PLACEMENT_3D('',#13541,#10510,#10511);
#8547=AXIS2_PLACEMENT_3D('',#13542,#10512,#10513);
#8548=AXIS2_PLACEMENT_3D('',#13544,#10514,#10515);
#8549=AXIS2_PLACEMENT_3D('',#13545,#10516,#10517);
#8550=AXIS2_PLACEMENT_3D('',#13547,#10518,#10519);
#8551=AXIS2_PLACEMENT_3D('',#13548,#10520,#10521);
#8552=AXIS2_PLACEMENT_3D('',#13550,#10522,#10523);
#8553=AXIS2_PLACEMENT_3D('',#13551,#10524,#10525);
#8554=AXIS2_PLACEMENT_3D('',#13553,#10526,#10527);
#8555=AXIS2_PLACEMENT_3D('',#13554,#10528,#10529);
#8556=AXIS2_PLACEMENT_3D('',#13556,#10530,#10531);
#8557=AXIS2_PLACEMENT_3D('',#13557,#10532,#10533);
#8558=AXIS2_PLACEMENT_3D('',#13574,#10534,#10535);
#8559=AXIS2_PLACEMENT_3D('',#13576,#10536,#10537);
#8560=AXIS2_PLACEMENT_3D('',#13577,#10538,#10539);
#8561=AXIS2_PLACEMENT_3D('',#13578,#10540,#10541);
#8562=AXIS2_PLACEMENT_3D('',#13579,#10542,#10543);
#8563=AXIS2_PLACEMENT_3D('',#13581,#10544,#10545);
#8564=AXIS2_PLACEMENT_3D('',#13582,#10546,#10547);
#8565=AXIS2_PLACEMENT_3D('',#13583,#10548,#10549);
#8566=AXIS2_PLACEMENT_3D('',#13585,#10550,#10551);
#8567=AXIS2_PLACEMENT_3D('',#13586,#10552,#10553);
#8568=AXIS2_PLACEMENT_3D('',#13589,#10554,#10555);
#8569=AXIS2_PLACEMENT_3D('',#13590,#10556,#10557);
#8570=AXIS2_PLACEMENT_3D('',#13605,#10558,#10559);
#8571=AXIS2_PLACEMENT_3D('',#13607,#10560,#10561);
#8572=AXIS2_PLACEMENT_3D('',#13608,#10562,#10563);
#8573=AXIS2_PLACEMENT_3D('',#13609,#10564,#10565);
#8574=AXIS2_PLACEMENT_3D('',#13611,#10566,#10567);
#8575=AXIS2_PLACEMENT_3D('',#13612,#10568,#10569);
#8576=AXIS2_PLACEMENT_3D('',#13615,#10570,#10571);
#8577=AXIS2_PLACEMENT_3D('',#13616,#10572,#10573);
#8578=AXIS2_PLACEMENT_3D('',#13631,#10574,#10575);
#8579=AXIS2_PLACEMENT_3D('',#13632,#10576,#10577);
#8580=AXIS2_PLACEMENT_3D('',#13634,#10578,#10579);
#8581=AXIS2_PLACEMENT_3D('',#13635,#10580,#10581);
#8582=AXIS2_PLACEMENT_3D('',#13637,#10582,#10583);
#8583=AXIS2_PLACEMENT_3D('',#13638,#10584,#10585);
#8584=AXIS2_PLACEMENT_3D('',#13640,#10586,#10587);
#8585=AXIS2_PLACEMENT_3D('',#13641,#10588,#10589);
#8586=AXIS2_PLACEMENT_3D('',#13643,#10590,#10591);
#8587=AXIS2_PLACEMENT_3D('',#13644,#10592,#10593);
#8588=AXIS2_PLACEMENT_3D('',#13646,#10594,#10595);
#8589=AXIS2_PLACEMENT_3D('',#13647,#10596,#10597);
#8590=AXIS2_PLACEMENT_3D('',#13649,#10598,#10599);
#8591=AXIS2_PLACEMENT_3D('',#13650,#10600,#10601);
#8592=AXIS2_PLACEMENT_3D('',#13652,#10602,#10603);
#8593=AXIS2_PLACEMENT_3D('',#13653,#10604,#10605);
#8594=AXIS2_PLACEMENT_3D('',#13670,#10606,#10607);
#8595=AXIS2_PLACEMENT_3D('',#13672,#10608,#10609);
#8596=AXIS2_PLACEMENT_3D('',#13673,#10610,#10611);
#8597=AXIS2_PLACEMENT_3D('',#13674,#10612,#10613);
#8598=AXIS2_PLACEMENT_3D('',#13675,#10614,#10615);
#8599=AXIS2_PLACEMENT_3D('',#13677,#10616,#10617);
#8600=AXIS2_PLACEMENT_3D('',#13678,#10618,#10619);
#8601=AXIS2_PLACEMENT_3D('',#13679,#10620,#10621);
#8602=AXIS2_PLACEMENT_3D('',#13681,#10622,#10623);
#8603=AXIS2_PLACEMENT_3D('',#13682,#10624,#10625);
#8604=AXIS2_PLACEMENT_3D('',#13685,#10626,#10627);
#8605=AXIS2_PLACEMENT_3D('',#13686,#10628,#10629);
#8606=AXIS2_PLACEMENT_3D('',#13701,#10630,#10631);
#8607=AXIS2_PLACEMENT_3D('',#13703,#10632,#10633);
#8608=AXIS2_PLACEMENT_3D('',#13704,#10634,#10635);
#8609=AXIS2_PLACEMENT_3D('',#13705,#10636,#10637);
#8610=AXIS2_PLACEMENT_3D('',#13707,#10638,#10639);
#8611=AXIS2_PLACEMENT_3D('',#13708,#10640,#10641);
#8612=AXIS2_PLACEMENT_3D('',#13711,#10642,#10643);
#8613=AXIS2_PLACEMENT_3D('',#13712,#10644,#10645);
#8614=AXIS2_PLACEMENT_3D('',#13727,#10646,#10647);
#8615=AXIS2_PLACEMENT_3D('',#13728,#10648,#10649);
#8616=AXIS2_PLACEMENT_3D('',#13730,#10650,#10651);
#8617=AXIS2_PLACEMENT_3D('',#13731,#10652,#10653);
#8618=AXIS2_PLACEMENT_3D('',#13733,#10654,#10655);
#8619=AXIS2_PLACEMENT_3D('',#13734,#10656,#10657);
#8620=AXIS2_PLACEMENT_3D('',#13736,#10658,#10659);
#8621=AXIS2_PLACEMENT_3D('',#13737,#10660,#10661);
#8622=AXIS2_PLACEMENT_3D('',#13739,#10662,#10663);
#8623=AXIS2_PLACEMENT_3D('',#13740,#10664,#10665);
#8624=AXIS2_PLACEMENT_3D('',#13742,#10666,#10667);
#8625=AXIS2_PLACEMENT_3D('',#13743,#10668,#10669);
#8626=AXIS2_PLACEMENT_3D('',#13745,#10670,#10671);
#8627=AXIS2_PLACEMENT_3D('',#13746,#10672,#10673);
#8628=AXIS2_PLACEMENT_3D('',#13748,#10674,#10675);
#8629=AXIS2_PLACEMENT_3D('',#13749,#10676,#10677);
#8630=AXIS2_PLACEMENT_3D('',#13766,#10678,#10679);
#8631=AXIS2_PLACEMENT_3D('',#13768,#10680,#10681);
#8632=AXIS2_PLACEMENT_3D('',#13769,#10682,#10683);
#8633=AXIS2_PLACEMENT_3D('',#13770,#10684,#10685);
#8634=AXIS2_PLACEMENT_3D('',#13771,#10686,#10687);
#8635=AXIS2_PLACEMENT_3D('',#13773,#10688,#10689);
#8636=AXIS2_PLACEMENT_3D('',#13774,#10690,#10691);
#8637=AXIS2_PLACEMENT_3D('',#13775,#10692,#10693);
#8638=AXIS2_PLACEMENT_3D('',#13777,#10694,#10695);
#8639=AXIS2_PLACEMENT_3D('',#13778,#10696,#10697);
#8640=AXIS2_PLACEMENT_3D('',#13781,#10698,#10699);
#8641=AXIS2_PLACEMENT_3D('',#13782,#10700,#10701);
#8642=AXIS2_PLACEMENT_3D('',#13797,#10702,#10703);
#8643=AXIS2_PLACEMENT_3D('',#13799,#10704,#10705);
#8644=AXIS2_PLACEMENT_3D('',#13800,#10706,#10707);
#8645=AXIS2_PLACEMENT_3D('',#13801,#10708,#10709);
#8646=AXIS2_PLACEMENT_3D('',#13803,#10710,#10711);
#8647=AXIS2_PLACEMENT_3D('',#13804,#10712,#10713);
#8648=AXIS2_PLACEMENT_3D('',#13807,#10714,#10715);
#8649=AXIS2_PLACEMENT_3D('',#13808,#10716,#10717);
#8650=AXIS2_PLACEMENT_3D('',#13823,#10718,#10719);
#8651=AXIS2_PLACEMENT_3D('',#13824,#10720,#10721);
#8652=AXIS2_PLACEMENT_3D('',#13826,#10722,#10723);
#8653=AXIS2_PLACEMENT_3D('',#13827,#10724,#10725);
#8654=AXIS2_PLACEMENT_3D('',#13829,#10726,#10727);
#8655=AXIS2_PLACEMENT_3D('',#13830,#10728,#10729);
#8656=AXIS2_PLACEMENT_3D('',#13832,#10730,#10731);
#8657=AXIS2_PLACEMENT_3D('',#13833,#10732,#10733);
#8658=AXIS2_PLACEMENT_3D('',#13835,#10734,#10735);
#8659=AXIS2_PLACEMENT_3D('',#13836,#10736,#10737);
#8660=AXIS2_PLACEMENT_3D('',#13838,#10738,#10739);
#8661=AXIS2_PLACEMENT_3D('',#13839,#10740,#10741);
#8662=AXIS2_PLACEMENT_3D('',#13841,#10742,#10743);
#8663=AXIS2_PLACEMENT_3D('',#13842,#10744,#10745);
#8664=AXIS2_PLACEMENT_3D('',#13844,#10746,#10747);
#8665=AXIS2_PLACEMENT_3D('',#13845,#10748,#10749);
#8666=AXIS2_PLACEMENT_3D('',#13862,#10750,#10751);
#8667=AXIS2_PLACEMENT_3D('',#13864,#10752,#10753);
#8668=AXIS2_PLACEMENT_3D('',#13865,#10754,#10755);
#8669=AXIS2_PLACEMENT_3D('',#13866,#10756,#10757);
#8670=AXIS2_PLACEMENT_3D('',#13867,#10758,#10759);
#8671=AXIS2_PLACEMENT_3D('',#13869,#10760,#10761);
#8672=AXIS2_PLACEMENT_3D('',#13870,#10762,#10763);
#8673=AXIS2_PLACEMENT_3D('',#13871,#10764,#10765);
#8674=AXIS2_PLACEMENT_3D('',#13873,#10766,#10767);
#8675=AXIS2_PLACEMENT_3D('',#13874,#10768,#10769);
#8676=AXIS2_PLACEMENT_3D('',#13877,#10770,#10771);
#8677=AXIS2_PLACEMENT_3D('',#13878,#10772,#10773);
#8678=AXIS2_PLACEMENT_3D('',#13893,#10774,#10775);
#8679=AXIS2_PLACEMENT_3D('',#13895,#10776,#10777);
#8680=AXIS2_PLACEMENT_3D('',#13896,#10778,#10779);
#8681=AXIS2_PLACEMENT_3D('',#13897,#10780,#10781);
#8682=AXIS2_PLACEMENT_3D('',#13899,#10782,#10783);
#8683=AXIS2_PLACEMENT_3D('',#13900,#10784,#10785);
#8684=AXIS2_PLACEMENT_3D('',#13903,#10786,#10787);
#8685=AXIS2_PLACEMENT_3D('',#13904,#10788,#10789);
#8686=AXIS2_PLACEMENT_3D('',#13919,#10790,#10791);
#8687=AXIS2_PLACEMENT_3D('',#13920,#10792,#10793);
#8688=AXIS2_PLACEMENT_3D('',#13922,#10794,#10795);
#8689=AXIS2_PLACEMENT_3D('',#13923,#10796,#10797);
#8690=AXIS2_PLACEMENT_3D('',#13925,#10798,#10799);
#8691=AXIS2_PLACEMENT_3D('',#13926,#10800,#10801);
#8692=AXIS2_PLACEMENT_3D('',#13928,#10802,#10803);
#8693=AXIS2_PLACEMENT_3D('',#13929,#10804,#10805);
#8694=AXIS2_PLACEMENT_3D('',#13931,#10806,#10807);
#8695=AXIS2_PLACEMENT_3D('',#13932,#10808,#10809);
#8696=AXIS2_PLACEMENT_3D('',#13934,#10810,#10811);
#8697=AXIS2_PLACEMENT_3D('',#13935,#10812,#10813);
#8698=AXIS2_PLACEMENT_3D('',#13937,#10814,#10815);
#8699=AXIS2_PLACEMENT_3D('',#13938,#10816,#10817);
#8700=AXIS2_PLACEMENT_3D('',#13940,#10818,#10819);
#8701=AXIS2_PLACEMENT_3D('',#13941,#10820,#10821);
#8702=AXIS2_PLACEMENT_3D('',#13958,#10822,#10823);
#8703=AXIS2_PLACEMENT_3D('',#13960,#10824,#10825);
#8704=AXIS2_PLACEMENT_3D('',#13961,#10826,#10827);
#8705=AXIS2_PLACEMENT_3D('',#13962,#10828,#10829);
#8706=AXIS2_PLACEMENT_3D('',#13963,#10830,#10831);
#8707=AXIS2_PLACEMENT_3D('',#13965,#10832,#10833);
#8708=AXIS2_PLACEMENT_3D('',#13966,#10834,#10835);
#8709=AXIS2_PLACEMENT_3D('',#13967,#10836,#10837);
#8710=AXIS2_PLACEMENT_3D('',#13969,#10838,#10839);
#8711=AXIS2_PLACEMENT_3D('',#13970,#10840,#10841);
#8712=AXIS2_PLACEMENT_3D('',#13973,#10842,#10843);
#8713=AXIS2_PLACEMENT_3D('',#13974,#10844,#10845);
#8714=AXIS2_PLACEMENT_3D('',#13989,#10846,#10847);
#8715=AXIS2_PLACEMENT_3D('',#13991,#10848,#10849);
#8716=AXIS2_PLACEMENT_3D('',#13992,#10850,#10851);
#8717=AXIS2_PLACEMENT_3D('',#13993,#10852,#10853);
#8718=AXIS2_PLACEMENT_3D('',#13995,#10854,#10855);
#8719=AXIS2_PLACEMENT_3D('',#13996,#10856,#10857);
#8720=AXIS2_PLACEMENT_3D('',#13999,#10858,#10859);
#8721=AXIS2_PLACEMENT_3D('',#14000,#10860,#10861);
#8722=AXIS2_PLACEMENT_3D('',#14015,#10862,#10863);
#8723=AXIS2_PLACEMENT_3D('',#14016,#10864,#10865);
#8724=AXIS2_PLACEMENT_3D('',#14018,#10866,#10867);
#8725=AXIS2_PLACEMENT_3D('',#14019,#10868,#10869);
#8726=AXIS2_PLACEMENT_3D('',#14021,#10870,#10871);
#8727=AXIS2_PLACEMENT_3D('',#14022,#10872,#10873);
#8728=AXIS2_PLACEMENT_3D('',#14024,#10874,#10875);
#8729=AXIS2_PLACEMENT_3D('',#14025,#10876,#10877);
#8730=AXIS2_PLACEMENT_3D('',#14027,#10878,#10879);
#8731=AXIS2_PLACEMENT_3D('',#14028,#10880,#10881);
#8732=AXIS2_PLACEMENT_3D('',#14030,#10882,#10883);
#8733=AXIS2_PLACEMENT_3D('',#14031,#10884,#10885);
#8734=AXIS2_PLACEMENT_3D('',#14033,#10886,#10887);
#8735=AXIS2_PLACEMENT_3D('',#14034,#10888,#10889);
#8736=AXIS2_PLACEMENT_3D('',#14036,#10890,#10891);
#8737=AXIS2_PLACEMENT_3D('',#14037,#10892,#10893);
#8738=AXIS2_PLACEMENT_3D('',#14054,#10894,#10895);
#8739=AXIS2_PLACEMENT_3D('',#14056,#10896,#10897);
#8740=AXIS2_PLACEMENT_3D('',#14057,#10898,#10899);
#8741=AXIS2_PLACEMENT_3D('',#14058,#10900,#10901);
#8742=AXIS2_PLACEMENT_3D('',#14059,#10902,#10903);
#8743=AXIS2_PLACEMENT_3D('',#14061,#10904,#10905);
#8744=AXIS2_PLACEMENT_3D('',#14062,#10906,#10907);
#8745=AXIS2_PLACEMENT_3D('',#14063,#10908,#10909);
#8746=AXIS2_PLACEMENT_3D('',#14065,#10910,#10911);
#8747=AXIS2_PLACEMENT_3D('',#14066,#10912,#10913);
#8748=AXIS2_PLACEMENT_3D('',#14069,#10914,#10915);
#8749=AXIS2_PLACEMENT_3D('',#14070,#10916,#10917);
#8750=AXIS2_PLACEMENT_3D('',#14085,#10918,#10919);
#8751=AXIS2_PLACEMENT_3D('',#14087,#10920,#10921);
#8752=AXIS2_PLACEMENT_3D('',#14088,#10922,#10923);
#8753=AXIS2_PLACEMENT_3D('',#14089,#10924,#10925);
#8754=AXIS2_PLACEMENT_3D('',#14091,#10926,#10927);
#8755=AXIS2_PLACEMENT_3D('',#14092,#10928,#10929);
#8756=AXIS2_PLACEMENT_3D('',#14095,#10930,#10931);
#8757=AXIS2_PLACEMENT_3D('',#14096,#10932,#10933);
#8758=AXIS2_PLACEMENT_3D('',#14111,#10934,#10935);
#8759=AXIS2_PLACEMENT_3D('',#14112,#10936,#10937);
#8760=AXIS2_PLACEMENT_3D('',#14114,#10938,#10939);
#8761=AXIS2_PLACEMENT_3D('',#14115,#10940,#10941);
#8762=AXIS2_PLACEMENT_3D('',#14117,#10942,#10943);
#8763=AXIS2_PLACEMENT_3D('',#14118,#10944,#10945);
#8764=AXIS2_PLACEMENT_3D('',#14120,#10946,#10947);
#8765=AXIS2_PLACEMENT_3D('',#14121,#10948,#10949);
#8766=AXIS2_PLACEMENT_3D('',#14123,#10950,#10951);
#8767=AXIS2_PLACEMENT_3D('',#14124,#10952,#10953);
#8768=AXIS2_PLACEMENT_3D('',#14126,#10954,#10955);
#8769=AXIS2_PLACEMENT_3D('',#14127,#10956,#10957);
#8770=AXIS2_PLACEMENT_3D('',#14129,#10958,#10959);
#8771=AXIS2_PLACEMENT_3D('',#14130,#10960,#10961);
#8772=AXIS2_PLACEMENT_3D('',#14132,#10962,#10963);
#8773=AXIS2_PLACEMENT_3D('',#14133,#10964,#10965);
#8774=AXIS2_PLACEMENT_3D('',#14150,#10966,#10967);
#8775=AXIS2_PLACEMENT_3D('',#14152,#10968,#10969);
#8776=AXIS2_PLACEMENT_3D('',#14153,#10970,#10971);
#8777=AXIS2_PLACEMENT_3D('',#14154,#10972,#10973);
#8778=AXIS2_PLACEMENT_3D('',#14155,#10974,#10975);
#8779=AXIS2_PLACEMENT_3D('',#14157,#10976,#10977);
#8780=AXIS2_PLACEMENT_3D('',#14158,#10978,#10979);
#8781=AXIS2_PLACEMENT_3D('',#14159,#10980,#10981);
#8782=AXIS2_PLACEMENT_3D('',#14161,#10982,#10983);
#8783=AXIS2_PLACEMENT_3D('',#14162,#10984,#10985);
#8784=AXIS2_PLACEMENT_3D('',#14165,#10986,#10987);
#8785=AXIS2_PLACEMENT_3D('',#14166,#10988,#10989);
#8786=AXIS2_PLACEMENT_3D('',#14181,#10990,#10991);
#8787=AXIS2_PLACEMENT_3D('',#14183,#10992,#10993);
#8788=AXIS2_PLACEMENT_3D('',#14184,#10994,#10995);
#8789=AXIS2_PLACEMENT_3D('',#14185,#10996,#10997);
#8790=AXIS2_PLACEMENT_3D('',#14187,#10998,#10999);
#8791=AXIS2_PLACEMENT_3D('',#14188,#11000,#11001);
#8792=AXIS2_PLACEMENT_3D('',#14191,#11002,#11003);
#8793=AXIS2_PLACEMENT_3D('',#14192,#11004,#11005);
#8794=AXIS2_PLACEMENT_3D('',#14207,#11006,#11007);
#8795=AXIS2_PLACEMENT_3D('',#14208,#11008,#11009);
#8796=AXIS2_PLACEMENT_3D('',#14210,#11010,#11011);
#8797=AXIS2_PLACEMENT_3D('',#14211,#11012,#11013);
#8798=AXIS2_PLACEMENT_3D('',#14213,#11014,#11015);
#8799=AXIS2_PLACEMENT_3D('',#14214,#11016,#11017);
#8800=AXIS2_PLACEMENT_3D('',#14216,#11018,#11019);
#8801=AXIS2_PLACEMENT_3D('',#14217,#11020,#11021);
#8802=AXIS2_PLACEMENT_3D('',#14219,#11022,#11023);
#8803=AXIS2_PLACEMENT_3D('',#14220,#11024,#11025);
#8804=AXIS2_PLACEMENT_3D('',#14222,#11026,#11027);
#8805=AXIS2_PLACEMENT_3D('',#14223,#11028,#11029);
#8806=AXIS2_PLACEMENT_3D('',#14225,#11030,#11031);
#8807=AXIS2_PLACEMENT_3D('',#14226,#11032,#11033);
#8808=AXIS2_PLACEMENT_3D('',#14228,#11034,#11035);
#8809=AXIS2_PLACEMENT_3D('',#14229,#11036,#11037);
#8810=AXIS2_PLACEMENT_3D('',#14246,#11038,#11039);
#8811=AXIS2_PLACEMENT_3D('',#14248,#11040,#11041);
#8812=AXIS2_PLACEMENT_3D('',#14249,#11042,#11043);
#8813=AXIS2_PLACEMENT_3D('',#14250,#11044,#11045);
#8814=AXIS2_PLACEMENT_3D('',#14251,#11046,#11047);
#8815=AXIS2_PLACEMENT_3D('',#14253,#11048,#11049);
#8816=AXIS2_PLACEMENT_3D('',#14254,#11050,#11051);
#8817=AXIS2_PLACEMENT_3D('',#14255,#11052,#11053);
#8818=AXIS2_PLACEMENT_3D('',#14257,#11054,#11055);
#8819=AXIS2_PLACEMENT_3D('',#14258,#11056,#11057);
#8820=AXIS2_PLACEMENT_3D('',#14261,#11058,#11059);
#8821=AXIS2_PLACEMENT_3D('',#14262,#11060,#11061);
#8822=AXIS2_PLACEMENT_3D('',#14277,#11062,#11063);
#8823=AXIS2_PLACEMENT_3D('',#14279,#11064,#11065);
#8824=AXIS2_PLACEMENT_3D('',#14280,#11066,#11067);
#8825=AXIS2_PLACEMENT_3D('',#14281,#11068,#11069);
#8826=AXIS2_PLACEMENT_3D('',#14283,#11070,#11071);
#8827=AXIS2_PLACEMENT_3D('',#14284,#11072,#11073);
#8828=AXIS2_PLACEMENT_3D('',#14287,#11074,#11075);
#8829=AXIS2_PLACEMENT_3D('',#14288,#11076,#11077);
#8830=AXIS2_PLACEMENT_3D('',#14303,#11078,#11079);
#8831=AXIS2_PLACEMENT_3D('',#14304,#11080,#11081);
#8832=AXIS2_PLACEMENT_3D('',#14306,#11082,#11083);
#8833=AXIS2_PLACEMENT_3D('',#14307,#11084,#11085);
#8834=AXIS2_PLACEMENT_3D('',#14309,#11086,#11087);
#8835=AXIS2_PLACEMENT_3D('',#14310,#11088,#11089);
#8836=AXIS2_PLACEMENT_3D('',#14312,#11090,#11091);
#8837=AXIS2_PLACEMENT_3D('',#14313,#11092,#11093);
#8838=AXIS2_PLACEMENT_3D('',#14315,#11094,#11095);
#8839=AXIS2_PLACEMENT_3D('',#14316,#11096,#11097);
#8840=AXIS2_PLACEMENT_3D('',#14318,#11098,#11099);
#8841=AXIS2_PLACEMENT_3D('',#14319,#11100,#11101);
#8842=AXIS2_PLACEMENT_3D('',#14321,#11102,#11103);
#8843=AXIS2_PLACEMENT_3D('',#14322,#11104,#11105);
#8844=AXIS2_PLACEMENT_3D('',#14324,#11106,#11107);
#8845=AXIS2_PLACEMENT_3D('',#14325,#11108,#11109);
#8846=AXIS2_PLACEMENT_3D('',#14342,#11110,#11111);
#8847=AXIS2_PLACEMENT_3D('',#14344,#11112,#11113);
#8848=AXIS2_PLACEMENT_3D('',#14345,#11114,#11115);
#8849=AXIS2_PLACEMENT_3D('',#14346,#11116,#11117);
#8850=AXIS2_PLACEMENT_3D('',#14347,#11118,#11119);
#8851=AXIS2_PLACEMENT_3D('',#14349,#11120,#11121);
#8852=AXIS2_PLACEMENT_3D('',#14350,#11122,#11123);
#8853=AXIS2_PLACEMENT_3D('',#14351,#11124,#11125);
#8854=AXIS2_PLACEMENT_3D('',#14353,#11126,#11127);
#8855=AXIS2_PLACEMENT_3D('',#14354,#11128,#11129);
#8856=AXIS2_PLACEMENT_3D('',#14357,#11130,#11131);
#8857=AXIS2_PLACEMENT_3D('',#14358,#11132,#11133);
#8858=AXIS2_PLACEMENT_3D('',#14373,#11134,#11135);
#8859=AXIS2_PLACEMENT_3D('',#14375,#11136,#11137);
#8860=AXIS2_PLACEMENT_3D('',#14376,#11138,#11139);
#8861=AXIS2_PLACEMENT_3D('',#14377,#11140,#11141);
#8862=AXIS2_PLACEMENT_3D('',#14379,#11142,#11143);
#8863=AXIS2_PLACEMENT_3D('',#14380,#11144,#11145);
#8864=AXIS2_PLACEMENT_3D('',#14383,#11146,#11147);
#8865=AXIS2_PLACEMENT_3D('',#14384,#11148,#11149);
#8866=AXIS2_PLACEMENT_3D('',#14399,#11150,#11151);
#8867=AXIS2_PLACEMENT_3D('',#14400,#11152,#11153);
#8868=AXIS2_PLACEMENT_3D('',#14402,#11154,#11155);
#8869=AXIS2_PLACEMENT_3D('',#14403,#11156,#11157);
#8870=AXIS2_PLACEMENT_3D('',#14405,#11158,#11159);
#8871=AXIS2_PLACEMENT_3D('',#14422,#11160,#11161);
#8872=AXIS2_PLACEMENT_3D('',#14423,#11162,#11163);
#8873=AXIS2_PLACEMENT_3D('',#14424,#11164,#11165);
#8874=AXIS2_PLACEMENT_3D('',#14426,#11166,#11167);
#8875=AXIS2_PLACEMENT_3D('',#14443,#11168,#11169);
#8876=AXIS2_PLACEMENT_3D('',#14444,#11170,#11171);
#8877=AXIS2_PLACEMENT_3D('',#14445,#11172,#11173);
#8878=AXIS2_PLACEMENT_3D('',#14446,#11174,#11175);
#8879=AXIS2_PLACEMENT_3D('',#14447,#11176,#11177);
#8880=AXIS2_PLACEMENT_3D('',#14449,#11178,#11179);
#8881=AXIS2_PLACEMENT_3D('',#14450,#11180,#11181);
#8882=AXIS2_PLACEMENT_3D('',#14452,#11182,#11183);
#8883=AXIS2_PLACEMENT_3D('',#14469,#11184,#11185);
#8884=AXIS2_PLACEMENT_3D('',#14470,#11186,#11187);
#8885=AXIS2_PLACEMENT_3D('',#14471,#11188,#11189);
#8886=AXIS2_PLACEMENT_3D('',#14472,#11190,#11191);
#8887=AXIS2_PLACEMENT_3D('',#14473,#11192,#11193);
#8888=AXIS2_PLACEMENT_3D('',#14475,#11194,#11195);
#8889=AXIS2_PLACEMENT_3D('',#14476,#11196,#11197);
#8890=AXIS2_PLACEMENT_3D('',#14478,#11198,#11199);
#8891=AXIS2_PLACEMENT_3D('',#14495,#11200,#11201);
#8892=AXIS2_PLACEMENT_3D('',#14496,#11202,#11203);
#8893=AXIS2_PLACEMENT_3D('',#14497,#11204,#11205);
#8894=AXIS2_PLACEMENT_3D('',#14498,#11206,#11207);
#8895=AXIS2_PLACEMENT_3D('',#14499,#11208,#11209);
#8896=AXIS2_PLACEMENT_3D('',#14501,#11210,#11211);
#8897=AXIS2_PLACEMENT_3D('',#14502,#11212,#11213);
#8898=AXIS2_PLACEMENT_3D('',#14504,#11214,#11215);
#8899=AXIS2_PLACEMENT_3D('',#14521,#11216,#11217);
#8900=AXIS2_PLACEMENT_3D('',#14522,#11218,#11219);
#8901=AXIS2_PLACEMENT_3D('',#14523,#11220,#11221);
#8902=AXIS2_PLACEMENT_3D('',#14524,#11222,#11223);
#8903=AXIS2_PLACEMENT_3D('',#14525,#11224,#11225);
#8904=AXIS2_PLACEMENT_3D('',#14527,#11226,#11227);
#8905=AXIS2_PLACEMENT_3D('',#14528,#11228,#11229);
#8906=AXIS2_PLACEMENT_3D('',#14530,#11230,#11231);
#8907=AXIS2_PLACEMENT_3D('',#14547,#11232,#11233);
#8908=AXIS2_PLACEMENT_3D('',#14548,#11234,#11235);
#8909=AXIS2_PLACEMENT_3D('',#14549,#11236,#11237);
#8910=AXIS2_PLACEMENT_3D('',#14550,#11238,#11239);
#8911=AXIS2_PLACEMENT_3D('',#14551,#11240,#11241);
#8912=AXIS2_PLACEMENT_3D('',#14553,#11242,#11243);
#8913=AXIS2_PLACEMENT_3D('',#14562,#11248,#11249);
#8914=AXIS2_PLACEMENT_3D('',#14563,#11250,#11251);
#8915=AXIS2_PLACEMENT_3D('',#14565,#11252,#11253);
#8916=AXIS2_PLACEMENT_3D('',#14567,#11254,#11255);
#8917=AXIS2_PLACEMENT_3D('',#14568,#11256,#11257);
#8918=AXIS2_PLACEMENT_3D('',#14570,#11258,#11259);
#8919=AXIS2_PLACEMENT_3D('',#14572,#11260,#11261);
#8920=AXIS2_PLACEMENT_3D('',#14585,#11268,#11269);
#8921=AXIS2_PLACEMENT_3D('',#14591,#11273,#11274);
#8922=AXIS2_PLACEMENT_3D('',#14597,#11278,#11279);
#8923=AXIS2_PLACEMENT_3D('',#14606,#11284,#11285);
#8924=AXIS2_PLACEMENT_3D('',#14613,#11290,#11291);
#8925=AXIS2_PLACEMENT_3D('',#14617,#11294,#11295);
#8926=AXIS2_PLACEMENT_3D('',#14626,#11301,#11302);
#8927=AXIS2_PLACEMENT_3D('',#14630,#11305,#11306);
#8928=AXIS2_PLACEMENT_3D('',#14631,#11307,#11308);
#8929=AXIS2_PLACEMENT_3D('',#14633,#11309,#11310);
#8930=AXIS2_PLACEMENT_3D('',#14634,#11311,#11312);
#8931=AXIS2_PLACEMENT_3D('',#14636,#11313,#11314);
#8932=AXIS2_PLACEMENT_3D('',#14637,#11315,#11316);
#8933=AXIS2_PLACEMENT_3D('',#14639,#11317,#11318);
#8934=AXIS2_PLACEMENT_3D('',#14640,#11319,#11320);
#8935=AXIS2_PLACEMENT_3D('',#14642,#11321,#11322);
#8936=AXIS2_PLACEMENT_3D('',#14643,#11323,#11324);
#8937=AXIS2_PLACEMENT_3D('',#14645,#11325,#11326);
#8938=AXIS2_PLACEMENT_3D('',#14646,#11327,#11328);
#8939=AXIS2_PLACEMENT_3D('',#14648,#11329,#11330);
#8940=AXIS2_PLACEMENT_3D('',#14649,#11331,#11332);
#8941=AXIS2_PLACEMENT_3D('',#14651,#11333,#11334);
#8942=AXIS2_PLACEMENT_3D('',#14652,#11335,#11336);
#8943=AXIS2_PLACEMENT_3D('',#14654,#11337,#11338);
#8944=AXIS2_PLACEMENT_3D('',#14655,#11339,#11340);
#8945=AXIS2_PLACEMENT_3D('',#14657,#11341,#11342);
#8946=AXIS2_PLACEMENT_3D('',#14658,#11343,#11344);
#8947=AXIS2_PLACEMENT_3D('',#14660,#11345,#11346);
#8948=AXIS2_PLACEMENT_3D('',#14661,#11347,#11348);
#8949=AXIS2_PLACEMENT_3D('',#14663,#11349,#11350);
#8950=AXIS2_PLACEMENT_3D('',#14664,#11351,#11352);
#8951=AXIS2_PLACEMENT_3D('',#14666,#11353,#11354);
#8952=AXIS2_PLACEMENT_3D('',#14675,#11359,#11360);
#8953=AXIS2_PLACEMENT_3D('',#14683,#11365,#11366);
#8954=AXIS2_PLACEMENT_3D('',#14687,#11369,#11370);
#8955=AXIS2_PLACEMENT_3D('',#14693,#11374,#11375);
#8956=AXIS2_PLACEMENT_3D('',#14699,#11379,#11380);
#8957=AXIS2_PLACEMENT_3D('',#14708,#11385,#11386);
#8958=AXIS2_PLACEMENT_3D('',#14714,#11390,#11391);
#8959=AXIS2_PLACEMENT_3D('',#14719,#11395,#11396);
#8960=AXIS2_PLACEMENT_3D('',#14723,#11399,#11400);
#8961=AXIS2_PLACEMENT_3D('',#14725,#11402,#11403);
#8962=AXIS2_PLACEMENT_3D('',#14729,#11406,#11407);
#8963=AXIS2_PLACEMENT_3D('',#14731,#11409,#11410);
#8964=AXIS2_PLACEMENT_3D('',#14733,#11412,#11413);
#8965=AXIS2_PLACEMENT_3D('',#14737,#11416,#11417);
#8966=AXIS2_PLACEMENT_3D('',#14743,#11421,#11422);
#8967=AXIS2_PLACEMENT_3D('',#14747,#11425,#11426);
#8968=AXIS2_PLACEMENT_3D('',#14751,#11429,#11430);
#8969=AXIS2_PLACEMENT_3D('',#14755,#11433,#11434);
#8970=AXIS2_PLACEMENT_3D('',#14759,#11437,#11438);
#8971=AXIS2_PLACEMENT_3D('',#14765,#11442,#11443);
#8972=AXIS2_PLACEMENT_3D('',#14767,#11445,#11446);
#8973=AXIS2_PLACEMENT_3D('',#14771,#11449,#11450);
#8974=AXIS2_PLACEMENT_3D('',#14773,#11452,#11453);
#8975=AXIS2_PLACEMENT_3D('',#14777,#11456,#11457);
#8976=AXIS2_PLACEMENT_3D('',#14779,#11459,#11460);
#8977=AXIS2_PLACEMENT_3D('',#14788,#11465,#11466);
#8978=AXIS2_PLACEMENT_3D('',#14793,#11470,#11471);
#8979=AXIS2_PLACEMENT_3D('',#14797,#11474,#11475);
#8980=AXIS2_PLACEMENT_3D('',#14801,#11478,#11479);
#8981=AXIS2_PLACEMENT_3D('',#14803,#11481,#11482);
#8982=AXIS2_PLACEMENT_3D('',#14807,#11485,#11486);
#8983=AXIS2_PLACEMENT_3D('',#14811,#11489,#11490);
#8984=AXIS2_PLACEMENT_3D('',#14817,#11494,#11495);
#8985=AXIS2_PLACEMENT_3D('',#14823,#11499,#11500);
#8986=AXIS2_PLACEMENT_3D('',#14827,#11503,#11504);
#8987=AXIS2_PLACEMENT_3D('',#14831,#11507,#11508);
#8988=AXIS2_PLACEMENT_3D('',#14833,#11510,#11511);
#8989=AXIS2_PLACEMENT_3D('',#14834,#11512,#11513);
#8990=AXIS2_PLACEMENT_3D('',#14836,#11514,#11515);
#8991=AXIS2_PLACEMENT_3D('',#14837,#11516,#11517);
#8992=AXIS2_PLACEMENT_3D('',#14838,#11518,#11519);
#8993=AXIS2_PLACEMENT_3D('',#14839,#11520,#11521);
#8994=DIRECTION('',(0.,0.,1.));
#8995=DIRECTION('',(1.,0.,0.));
#8996=DIRECTION('',(0.,-1.,0.));
#8997=DIRECTION('',(7.22801448323663E-14,0.,1.));
#8998=DIRECTION('',(0.,1.,0.));
#8999=DIRECTION('',(0.,0.,1.));
#9000=DIRECTION('',(0.,1.,0.));
#9001=DIRECTION('',(0.,0.,0.999999999999999));
#9002=DIRECTION('',(5.56412814347103E-16,1.,1.07081696047942E-16));
#9003=DIRECTION('',(3.46944695195362E-14,0.,0.999999999999999));
#9004=DIRECTION('',(-4.45130251477661E-15,-1.,2.56996070515094E-15));
#9005=DIRECTION('',(7.08345419357193E-14,0.,1.));
#9006=DIRECTION('',(0.,1.,0.));
#9007=DIRECTION('',(0.,0.,1.));
#9008=DIRECTION('',(0.,1.,0.));
#9009=DIRECTION('',(0.,0.,0.999999999999999));
#9010=DIRECTION('',(5.56412814347087E-16,1.,-3.21245088143865E-16));
#9011=DIRECTION('',(3.61400724161836E-14,0.,0.999999999999999));
#9012=DIRECTION('',(2.2256512573883E-15,-1.,-1.28498035257547E-15));
#9013=DIRECTION('',(7.15573433840429E-14,0.,1.));
#9014=DIRECTION('',(0.,1.,0.));
#9015=DIRECTION('',(0.,0.,1.));
#9016=DIRECTION('',(0.,1.,-1.71330713676731E-15));
#9017=DIRECTION('',(0.,2.89120579329455E-15,1.));
#9018=DIRECTION('',(0.,1.,0.));
#9019=DIRECTION('',(3.54172709678598E-14,0.,1.));
#9020=DIRECTION('',(2.04439122224446E-15,1.,8.46814571050168E-16));
#9021=DIRECTION('',(-3.18032637262419E-14,0.,1.));
#9022=DIRECTION('',(5.56412814347093E-16,1.,1.07081696047947E-16));
#9023=DIRECTION('',(0.,-1.07081696047945E-16,1.));
#9024=DIRECTION('',(5.56412814347103E-16,1.,1.07081696047942E-16));
#9025=DIRECTION('',(3.46944695195362E-14,0.,0.999999999999999));
#9026=DIRECTION('',(-1.,-1.02219561112252E-15,1.69238274742432E-14));
#9027=DIRECTION('',(-1.73472347597677E-14,1.73472347597677E-14,-1.));
#9028=DIRECTION('',(0.,0.,-1.));
#9029=DIRECTION('',(1.,-5.78241158658897E-15,0.));
#9030=DIRECTION('',(1.,-2.22565125738838E-15,4.28326784191835E-16));
#9031=DIRECTION('',(0.,3.46944695195364E-14,1.));
#9032=DIRECTION('',(-1.,1.1128256286942E-15,-2.14163392095912E-16));
#9033=DIRECTION('',(0.,0.,0.999999999999999));
#9034=DIRECTION('',(-1.,2.65560661392935E-15,0.));
#9035=DIRECTION('',(0.,0.,1.));
#9036=DIRECTION('',(1.,1.11282562869415E-15,-1.49914374467133E-15));
#9037=DIRECTION('',(1.44560289664735E-15,3.46944695195363E-14,0.999999999999999));
#9038=DIRECTION('',(-1.,0.,0.));
#9039=DIRECTION('',(0.,0.,1.));
#9040=DIRECTION('',(1.02219561112223E-15,1.,4.23407285525081E-16));
#9041=DIRECTION('',(-3.3248866622889E-14,0.,1.));
#9042=DIRECTION('',(-1.,-1.02219561112252E-15,1.69238274742432E-14));
#9043=DIRECTION('',(-1.73472347597676E-14,1.73472347597676E-14,-0.999999999999999));
#9044=DIRECTION('',(0.,0.,-1.));
#9045=DIRECTION('',(0.999999999999999,-5.782411586589E-15,0.));
#9046=DIRECTION('',(5.56412814347107E-16,1.,-3.21245088143879E-16));
#9047=DIRECTION('',(0.,3.21245088143883E-16,0.999999999999999));
#9048=DIRECTION('',(5.56412814347087E-16,1.,-3.21245088143865E-16));
#9049=DIRECTION('',(3.61400724161836E-14,0.,0.999999999999999));
#9050=DIRECTION('',(-1.,-2.7820640717355E-16,-5.35408480239724E-17));
#9051=DIRECTION('',(0.,0.,0.999999999999999));
#9052=DIRECTION('',(1.,1.11282562869415E-15,-1.49914374467134E-15));
#9053=DIRECTION('',(1.44560289664735E-15,3.61400724161838E-14,1.));
#9054=DIRECTION('',(-1.,0.,0.));
#9055=DIRECTION('',(0.,0.,1.));
#9056=DIRECTION('',(0.,1.,0.));
#9057=DIRECTION('',(-3.25260651745651E-14,0.,1.));
#9058=DIRECTION('',(-1.,-3.57768463892807E-15,1.36969049154594E-14));
#9059=DIRECTION('',(-1.37332275181494E-14,1.59016318631204E-14,-0.999999999999999));
#9060=DIRECTION('',(0.,0.,-1.));
#9061=DIRECTION('',(1.,-5.78241158658899E-15,0.));
#9062=DIRECTION('',(-1.,0.,-2.14163392095902E-16));
#9063=DIRECTION('',(0.,0.,1.));
#9064=DIRECTION('',(0.,1.,0.));
#9065=DIRECTION('',(0.,0.,1.));
#9066=DIRECTION('',(0.,1.,0.));
#9067=DIRECTION('',(3.54172709678598E-14,0.,1.));
#9068=DIRECTION('',(0.,-1.,0.));
#9069=DIRECTION('',(7.22801448323663E-14,0.,1.));
#9070=DIRECTION('',(0.,1.,0.));
#9071=DIRECTION('',(0.,0.,1.));
#9072=DIRECTION('',(0.,1.,0.));
#9073=DIRECTION('',(0.,0.,0.999999999999999));
#9074=DIRECTION('',(5.56412814347103E-16,1.,1.07081696047942E-16));
#9075=DIRECTION('',(3.46944695195362E-14,0.,1.));
#9076=DIRECTION('',(-4.45130251477661E-15,-1.,2.56996070515094E-15));
#9077=DIRECTION('',(7.08345419357193E-14,0.,1.));
#9078=DIRECTION('',(0.,1.,0.));
#9079=DIRECTION('',(0.,0.,1.));
#9080=DIRECTION('',(0.,1.,0.));
#9081=DIRECTION('',(0.,0.,0.999999999999999));
#9082=DIRECTION('',(5.56412814347087E-16,1.,-3.21245088143865E-16));
#9083=DIRECTION('',(3.61400724161836E-14,0.,1.));
#9084=DIRECTION('',(2.2256512573883E-15,-1.,-1.28498035257547E-15));
#9085=DIRECTION('',(7.15573433840429E-14,0.,1.));
#9086=DIRECTION('',(0.,1.,0.));
#9087=DIRECTION('',(0.,0.,1.));
#9088=DIRECTION('',(0.,1.,-1.71330713676731E-15));
#9089=DIRECTION('',(0.,2.89120579329455E-15,0.999999999999997));
#9090=DIRECTION('',(0.,1.,0.));
#9091=DIRECTION('',(3.54172709678598E-14,0.,1.));
#9092=DIRECTION('',(2.04439122224446E-15,1.,8.46814571050168E-16));
#9093=DIRECTION('',(-3.18032637262419E-14,0.,1.));
#9094=DIRECTION('',(5.56412814347093E-16,1.,1.07081696047947E-16));
#9095=DIRECTION('',(0.,-1.07081696047945E-16,0.999999999999997));
#9096=DIRECTION('',(5.56412814347103E-16,1.,1.07081696047942E-16));
#9097=DIRECTION('',(3.46944695195362E-14,0.,1.));
#9098=DIRECTION('',(-1.,-1.02219561112252E-15,1.69238274742432E-14));
#9099=DIRECTION('',(-1.73472347597677E-14,1.73472347597677E-14,-1.));
#9100=DIRECTION('',(0.,0.,-1.));
#9101=DIRECTION('',(1.,-5.78241158658897E-15,0.));
#9102=DIRECTION('',(1.,-2.22565125738838E-15,4.28326784191835E-16));
#9103=DIRECTION('',(0.,3.46944695195364E-14,1.));
#9104=DIRECTION('',(-1.,1.1128256286942E-15,-2.14163392095912E-16));
#9105=DIRECTION('',(0.,0.,1.));
#9106=DIRECTION('',(-1.,2.65560661392935E-15,0.));
#9107=DIRECTION('',(0.,0.,1.));
#9108=DIRECTION('',(1.,1.11282562869415E-15,-1.49914374467133E-15));
#9109=DIRECTION('',(1.44560289664735E-15,3.46944695195363E-14,0.999999999999999));
#9110=DIRECTION('',(-1.,0.,0.));
#9111=DIRECTION('',(0.,0.,1.));
#9112=DIRECTION('',(1.02219561112223E-15,1.,4.23407285525081E-16));
#9113=DIRECTION('',(-3.3248866622889E-14,0.,1.));
#9114=DIRECTION('',(-1.,-1.02219561112252E-15,1.69238274742432E-14));
#9115=DIRECTION('',(-1.73472347597676E-14,1.73472347597676E-14,-0.999999999999999));
#9116=DIRECTION('',(0.,0.,-1.));
#9117=DIRECTION('',(0.999999999999999,-5.782411586589E-15,0.));
#9118=DIRECTION('',(5.56412814347107E-16,1.,-3.21245088143879E-16));
#9119=DIRECTION('',(0.,3.21245088143883E-16,0.999999999999999));
#9120=DIRECTION('',(5.56412814347087E-16,1.,-3.21245088143865E-16));
#9121=DIRECTION('',(3.61400724161836E-14,0.,1.));
#9122=DIRECTION('',(-1.,-2.7820640717355E-16,-5.35408480239724E-17));
#9123=DIRECTION('',(0.,0.,0.999999999999999));
#9124=DIRECTION('',(1.,1.11282562869415E-15,-1.49914374467134E-15));
#9125=DIRECTION('',(1.44560289664735E-15,3.61400724161838E-14,0.999999999999997));
#9126=DIRECTION('',(-1.,0.,0.));
#9127=DIRECTION('',(0.,0.,1.));
#9128=DIRECTION('',(0.,1.,0.));
#9129=DIRECTION('',(-3.25260651745651E-14,0.,0.999999999999998));
#9130=DIRECTION('',(-1.,-3.57768463892807E-15,1.36969049154594E-14));
#9131=DIRECTION('',(-1.37332275181494E-14,1.59016318631204E-14,-0.999999999999999));
#9132=DIRECTION('',(0.,0.,-1.));
#9133=DIRECTION('',(1.,-5.78241158658899E-15,0.));
#9134=DIRECTION('',(-1.,0.,-2.14163392095902E-16));
#9135=DIRECTION('',(0.,0.,0.999999999999997));
#9136=DIRECTION('',(0.,1.,0.));
#9137=DIRECTION('',(0.,0.,0.999999999999997));
#9138=DIRECTION('',(0.,1.,0.));
#9139=DIRECTION('',(3.54172709678598E-14,0.,1.));
#9140=DIRECTION('',(0.,-1.,0.));
#9141=DIRECTION('',(7.22801448323663E-14,0.,1.));
#9142=DIRECTION('',(0.,1.,0.));
#9143=DIRECTION('',(0.,0.,1.));
#9144=DIRECTION('',(0.,1.,0.));
#9145=DIRECTION('',(0.,0.,0.999999999999999));
#9146=DIRECTION('',(5.56412814347103E-16,1.,1.07081696047942E-16));
#9147=DIRECTION('',(3.46944695195362E-14,0.,1.));
#9148=DIRECTION('',(-4.45130251477661E-15,-1.,2.56996070515094E-15));
#9149=DIRECTION('',(7.08345419357193E-14,0.,1.));
#9150=DIRECTION('',(0.,1.,0.));
#9151=DIRECTION('',(0.,0.,1.));
#9152=DIRECTION('',(0.,1.,0.));
#9153=DIRECTION('',(0.,0.,0.999999999999999));
#9154=DIRECTION('',(5.56412814347087E-16,1.,-3.21245088143865E-16));
#9155=DIRECTION('',(3.61400724161836E-14,0.,1.));
#9156=DIRECTION('',(2.2256512573883E-15,-1.,-1.28498035257547E-15));
#9157=DIRECTION('',(7.15573433840429E-14,0.,1.));
#9158=DIRECTION('',(0.,1.,0.));
#9159=DIRECTION('',(0.,0.,1.));
#9160=DIRECTION('',(0.,1.,-1.71330713676731E-15));
#9161=DIRECTION('',(0.,2.89120579329455E-15,0.999999999999997));
#9162=DIRECTION('',(0.,1.,0.));
#9163=DIRECTION('',(3.54172709678598E-14,0.,1.));
#9164=DIRECTION('',(2.04439122224446E-15,1.,8.46814571050168E-16));
#9165=DIRECTION('',(-3.18032637262419E-14,0.,1.));
#9166=DIRECTION('',(5.56412814347093E-16,1.,1.07081696047947E-16));
#9167=DIRECTION('',(0.,-1.07081696047945E-16,0.999999999999997));
#9168=DIRECTION('',(5.56412814347103E-16,1.,1.07081696047942E-16));
#9169=DIRECTION('',(3.46944695195362E-14,0.,1.));
#9170=DIRECTION('',(-1.,-1.02219561112252E-15,1.69238274742432E-14));
#9171=DIRECTION('',(-1.73472347597677E-14,1.73472347597677E-14,-1.));
#9172=DIRECTION('',(0.,0.,-1.));
#9173=DIRECTION('',(1.,-5.78241158658897E-15,0.));
#9174=DIRECTION('',(1.,-2.22565125738838E-15,4.28326784191835E-16));
#9175=DIRECTION('',(0.,3.46944695195364E-14,1.));
#9176=DIRECTION('',(-1.,1.1128256286942E-15,-2.14163392095912E-16));
#9177=DIRECTION('',(0.,0.,1.));
#9178=DIRECTION('',(-1.,2.65560661392935E-15,0.));
#9179=DIRECTION('',(0.,0.,1.));
#9180=DIRECTION('',(1.,1.11282562869415E-15,-1.49914374467133E-15));
#9181=DIRECTION('',(1.44560289664735E-15,3.46944695195363E-14,0.999999999999999));
#9182=DIRECTION('',(-1.,0.,0.));
#9183=DIRECTION('',(0.,0.,1.));
#9184=DIRECTION('',(1.02219561112223E-15,1.,4.23407285525081E-16));
#9185=DIRECTION('',(-3.3248866622889E-14,0.,1.));
#9186=DIRECTION('',(-1.,-1.02219561112252E-15,1.69238274742432E-14));
#9187=DIRECTION('',(-1.73472347597676E-14,1.73472347597676E-14,-0.999999999999999));
#9188=DIRECTION('',(0.,0.,-1.));
#9189=DIRECTION('',(0.999999999999999,-5.782411586589E-15,0.));
#9190=DIRECTION('',(5.56412814347107E-16,1.,-3.21245088143879E-16));
#9191=DIRECTION('',(0.,3.21245088143883E-16,0.999999999999999));
#9192=DIRECTION('',(5.56412814347087E-16,1.,-3.21245088143865E-16));
#9193=DIRECTION('',(3.61400724161836E-14,0.,1.));
#9194=DIRECTION('',(-1.,-2.7820640717355E-16,-5.35408480239724E-17));
#9195=DIRECTION('',(0.,0.,0.999999999999999));
#9196=DIRECTION('',(1.,1.11282562869415E-15,-1.49914374467134E-15));
#9197=DIRECTION('',(1.44560289664735E-15,3.61400724161838E-14,0.999999999999997));
#9198=DIRECTION('',(-1.,0.,0.));
#9199=DIRECTION('',(0.,0.,1.));
#9200=DIRECTION('',(0.,1.,0.));
#9201=DIRECTION('',(-3.25260651745651E-14,0.,0.999999999999998));
#9202=DIRECTION('',(-1.,-3.57768463892807E-15,1.36969049154594E-14));
#9203=DIRECTION('',(-1.37332275181494E-14,1.59016318631204E-14,-0.999999999999999));
#9204=DIRECTION('',(0.,0.,-1.));
#9205=DIRECTION('',(1.,-5.78241158658899E-15,0.));
#9206=DIRECTION('',(-1.,0.,-2.14163392095902E-16));
#9207=DIRECTION('',(0.,0.,0.999999999999997));
#9208=DIRECTION('',(0.,1.,0.));
#9209=DIRECTION('',(0.,0.,0.999999999999997));
#9210=DIRECTION('',(0.,1.,0.));
#9211=DIRECTION('',(3.54172709678598E-14,0.,1.));
#9212=DIRECTION('',(0.,-1.,0.));
#9213=DIRECTION('',(7.22801448323663E-14,0.,1.));
#9214=DIRECTION('',(0.,1.,0.));
#9215=DIRECTION('',(0.,0.,1.));
#9216=DIRECTION('',(0.,1.,0.));
#9217=DIRECTION('',(0.,0.,0.999999999999999));
#9218=DIRECTION('',(5.56412814347103E-16,1.,1.07081696047942E-16));
#9219=DIRECTION('',(3.46944695195362E-14,0.,1.));
#9220=DIRECTION('',(-4.45130251477661E-15,-1.,2.56996070515094E-15));
#9221=DIRECTION('',(7.08345419357193E-14,0.,1.));
#9222=DIRECTION('',(0.,1.,0.));
#9223=DIRECTION('',(0.,0.,1.));
#9224=DIRECTION('',(0.,1.,0.));
#9225=DIRECTION('',(0.,0.,0.999999999999999));
#9226=DIRECTION('',(5.56412814347087E-16,1.,-3.21245088143865E-16));
#9227=DIRECTION('',(3.61400724161836E-14,0.,1.));
#9228=DIRECTION('',(2.2256512573883E-15,-1.,-1.28498035257547E-15));
#9229=DIRECTION('',(7.15573433840429E-14,0.,1.));
#9230=DIRECTION('',(0.,1.,0.));
#9231=DIRECTION('',(0.,0.,1.));
#9232=DIRECTION('',(0.,1.,-1.71330713676731E-15));
#9233=DIRECTION('',(0.,2.89120579329455E-15,0.999999999999997));
#9234=DIRECTION('',(0.,1.,0.));
#9235=DIRECTION('',(3.54172709678598E-14,0.,1.));
#9236=DIRECTION('',(2.04439122224446E-15,1.,8.46814571050168E-16));
#9237=DIRECTION('',(-3.18032637262419E-14,0.,1.));
#9238=DIRECTION('',(5.56412814347093E-16,1.,1.07081696047947E-16));
#9239=DIRECTION('',(0.,-1.07081696047945E-16,0.999999999999997));
#9240=DIRECTION('',(5.56412814347103E-16,1.,1.07081696047942E-16));
#9241=DIRECTION('',(3.46944695195362E-14,0.,1.));
#9242=DIRECTION('',(-1.,-1.02219561112252E-15,1.69238274742432E-14));
#9243=DIRECTION('',(-1.73472347597677E-14,1.73472347597677E-14,-1.));
#9244=DIRECTION('',(0.,0.,-1.));
#9245=DIRECTION('',(1.,-5.78241158658897E-15,0.));
#9246=DIRECTION('',(1.,-2.22565125738838E-15,4.28326784191835E-16));
#9247=DIRECTION('',(0.,3.46944695195364E-14,1.));
#9248=DIRECTION('',(-1.,1.1128256286942E-15,-2.14163392095912E-16));
#9249=DIRECTION('',(0.,0.,1.));
#9250=DIRECTION('',(-1.,2.65560661392935E-15,0.));
#9251=DIRECTION('',(0.,0.,1.));
#9252=DIRECTION('',(1.,1.11282562869415E-15,-1.49914374467133E-15));
#9253=DIRECTION('',(1.44560289664735E-15,3.46944695195363E-14,0.999999999999999));
#9254=DIRECTION('',(-1.,0.,0.));
#9255=DIRECTION('',(0.,0.,1.));
#9256=DIRECTION('',(1.02219561112223E-15,1.,4.23407285525081E-16));
#9257=DIRECTION('',(-3.3248866622889E-14,0.,1.));
#9258=DIRECTION('',(-1.,-1.02219561112252E-15,1.69238274742432E-14));
#9259=DIRECTION('',(-1.73472347597676E-14,1.73472347597676E-14,-0.999999999999999));
#9260=DIRECTION('',(0.,0.,-1.));
#9261=DIRECTION('',(0.999999999999999,-5.782411586589E-15,0.));
#9262=DIRECTION('',(5.56412814347107E-16,1.,-3.21245088143879E-16));
#9263=DIRECTION('',(0.,3.21245088143883E-16,0.999999999999999));
#9264=DIRECTION('',(5.56412814347087E-16,1.,-3.21245088143865E-16));
#9265=DIRECTION('',(3.61400724161836E-14,0.,1.));
#9266=DIRECTION('',(-1.,-2.7820640717355E-16,-5.35408480239724E-17));
#9267=DIRECTION('',(0.,0.,0.999999999999999));
#9268=DIRECTION('',(1.,1.11282562869415E-15,-1.49914374467134E-15));
#9269=DIRECTION('',(1.44560289664735E-15,3.61400724161838E-14,0.999999999999997));
#9270=DIRECTION('',(-1.,0.,0.));
#9271=DIRECTION('',(0.,0.,1.));
#9272=DIRECTION('',(0.,1.,0.));
#9273=DIRECTION('',(-3.25260651745651E-14,0.,0.999999999999998));
#9274=DIRECTION('',(-1.,-3.57768463892807E-15,1.36969049154594E-14));
#9275=DIRECTION('',(-1.37332275181494E-14,1.59016318631204E-14,-0.999999999999999));
#9276=DIRECTION('',(0.,0.,-1.));
#9277=DIRECTION('',(1.,-5.78241158658899E-15,0.));
#9278=DIRECTION('',(-1.,0.,-2.14163392095902E-16));
#9279=DIRECTION('',(0.,0.,0.999999999999997));
#9280=DIRECTION('',(0.,1.,0.));
#9281=DIRECTION('',(0.,0.,0.999999999999997));
#9282=DIRECTION('',(0.,1.,0.));
#9283=DIRECTION('',(3.54172709678598E-14,0.,1.));
#9284=DIRECTION('',(0.,-1.,0.));
#9285=DIRECTION('',(7.22801448323663E-14,0.,0.999999999999997));
#9286=DIRECTION('',(0.,1.,0.));
#9287=DIRECTION('',(0.,0.,1.));
#9288=DIRECTION('',(0.,1.,0.));
#9289=DIRECTION('',(0.,0.,0.999999999999999));
#9290=DIRECTION('',(5.56412814347103E-16,1.,1.07081696047942E-16));
#9291=DIRECTION('',(3.46944695195362E-14,0.,0.999999999999997));
#9292=DIRECTION('',(-4.45130251477661E-15,-1.,2.56996070515094E-15));
#9293=DIRECTION('',(7.08345419357193E-14,0.,1.));
#9294=DIRECTION('',(0.,1.,0.));
#9295=DIRECTION('',(0.,0.,1.));
#9296=DIRECTION('',(0.,1.,0.));
#9297=DIRECTION('',(0.,0.,0.999999999999999));
#9298=DIRECTION('',(5.56412814347087E-16,1.,-3.21245088143865E-16));
#9299=DIRECTION('',(3.61400724161836E-14,0.,0.999999999999997));
#9300=DIRECTION('',(2.2256512573883E-15,-1.,-1.28498035257547E-15));
#9301=DIRECTION('',(7.15573433840429E-14,0.,1.));
#9302=DIRECTION('',(0.,1.,0.));
#9303=DIRECTION('',(0.,0.,1.));
#9304=DIRECTION('',(0.,1.,-1.71330713676731E-15));
#9305=DIRECTION('',(0.,2.89120579329455E-15,0.999999999999997));
#9306=DIRECTION('',(0.,1.,0.));
#9307=DIRECTION('',(3.54172709678598E-14,0.,1.00000000000001));
#9308=DIRECTION('',(2.04439122224446E-15,1.,8.46814571050168E-16));
#9309=DIRECTION('',(-3.18032637262419E-14,0.,0.999999999999995));
#9310=DIRECTION('',(5.56412814347093E-16,1.,1.07081696047947E-16));
#9311=DIRECTION('',(0.,-1.07081696047945E-16,0.999999999999997));
#9312=DIRECTION('',(5.56412814347103E-16,1.,1.07081696047942E-16));
#9313=DIRECTION('',(3.46944695195362E-14,0.,0.999999999999997));
#9314=DIRECTION('',(-1.,-1.02219561112252E-15,1.69238274742432E-14));
#9315=DIRECTION('',(-1.73472347597677E-14,1.73472347597677E-14,-0.999999999999995));
#9316=DIRECTION('',(0.,0.,-0.999999999999996));
#9317=DIRECTION('',(1.,-5.78241158658897E-15,0.));
#9318=DIRECTION('',(1.,-2.22565125738838E-15,4.28326784191835E-16));
#9319=DIRECTION('',(0.,3.46944695195364E-14,1.));
#9320=DIRECTION('',(-1.,1.1128256286942E-15,-2.14163392095912E-16));
#9321=DIRECTION('',(0.,0.,0.999999999999996));
#9322=DIRECTION('',(-1.,2.65560661392935E-15,0.));
#9323=DIRECTION('',(0.,0.,1.));
#9324=DIRECTION('',(1.,1.11282562869415E-15,-1.49914374467133E-15));
#9325=DIRECTION('',(1.44560289664735E-15,3.46944695195363E-14,0.999999999999999));
#9326=DIRECTION('',(-1.,0.,0.));
#9327=DIRECTION('',(0.,0.,1.));
#9328=DIRECTION('',(1.02219561112223E-15,1.,4.23407285525081E-16));
#9329=DIRECTION('',(-3.3248866622889E-14,0.,1.));
#9330=DIRECTION('',(-1.,-1.02219561112252E-15,1.69238274742432E-14));
#9331=DIRECTION('',(-1.73472347597676E-14,1.73472347597676E-14,-0.999999999999999));
#9332=DIRECTION('',(0.,0.,-1.));
#9333=DIRECTION('',(0.999999999999999,-5.782411586589E-15,0.));
#9334=DIRECTION('',(5.56412814347107E-16,1.,-3.21245088143879E-16));
#9335=DIRECTION('',(0.,3.21245088143883E-16,0.999999999999999));
#9336=DIRECTION('',(5.56412814347087E-16,1.,-3.21245088143865E-16));
#9337=DIRECTION('',(3.61400724161836E-14,0.,0.999999999999997));
#9338=DIRECTION('',(-1.,-2.7820640717355E-16,-5.35408480239724E-17));
#9339=DIRECTION('',(0.,0.,0.999999999999999));
#9340=DIRECTION('',(1.,1.11282562869415E-15,-1.49914374467134E-15));
#9341=DIRECTION('',(1.44560289664735E-15,3.61400724161838E-14,1.));
#9342=DIRECTION('',(-1.,0.,0.));
#9343=DIRECTION('',(0.,0.,1.));
#9344=DIRECTION('',(0.,1.,0.));
#9345=DIRECTION('',(-3.25260651745651E-14,0.,1.));
#9346=DIRECTION('',(-1.,-3.57768463892807E-15,1.36969049154594E-14));
#9347=DIRECTION('',(-1.37332275181494E-14,1.59016318631204E-14,-1.));
#9348=DIRECTION('',(0.,0.,-1.));
#9349=DIRECTION('',(1.,-5.78241158658899E-15,0.));
#9350=DIRECTION('',(-1.,0.,-2.14163392095902E-16));
#9351=DIRECTION('',(0.,0.,0.999999999999997));
#9352=DIRECTION('',(0.,1.,0.));
#9353=DIRECTION('',(0.,0.,0.999999999999997));
#9354=DIRECTION('',(0.,1.,0.));
#9355=DIRECTION('',(3.54172709678598E-14,0.,1.00000000000001));
#9356=DIRECTION('',(0.,-1.,0.));
#9357=DIRECTION('',(7.22801448323663E-14,0.,0.999999999999997));
#9358=DIRECTION('',(0.,1.,0.));
#9359=DIRECTION('',(0.,0.,1.));
#9360=DIRECTION('',(0.,1.,0.));
#9361=DIRECTION('',(0.,0.,0.999999999999999));
#9362=DIRECTION('',(5.56412814347103E-16,1.,1.07081696047942E-16));
#9363=DIRECTION('',(3.46944695195362E-14,0.,0.999999999999997));
#9364=DIRECTION('',(-4.45130251477661E-15,-1.,2.56996070515094E-15));
#9365=DIRECTION('',(7.08345419357193E-14,0.,1.));
#9366=DIRECTION('',(0.,1.,0.));
#9367=DIRECTION('',(0.,0.,1.));
#9368=DIRECTION('',(0.,1.,0.));
#9369=DIRECTION('',(0.,0.,0.999999999999999));
#9370=DIRECTION('',(5.56412814347087E-16,1.,-3.21245088143865E-16));
#9371=DIRECTION('',(3.61400724161836E-14,0.,0.999999999999997));
#9372=DIRECTION('',(2.2256512573883E-15,-1.,-1.28498035257547E-15));
#9373=DIRECTION('',(7.15573433840429E-14,0.,1.));
#9374=DIRECTION('',(0.,1.,0.));
#9375=DIRECTION('',(0.,0.,1.));
#9376=DIRECTION('',(0.,1.,-1.71330713676731E-15));
#9377=DIRECTION('',(0.,2.89120579329455E-15,0.999999999999997));
#9378=DIRECTION('',(0.,1.,0.));
#9379=DIRECTION('',(3.54172709678598E-14,0.,1.00000000000001));
#9380=DIRECTION('',(2.04439122224446E-15,1.,8.46814571050168E-16));
#9381=DIRECTION('',(-3.18032637262419E-14,0.,0.999999999999995));
#9382=DIRECTION('',(5.56412814347093E-16,1.,1.07081696047947E-16));
#9383=DIRECTION('',(0.,-1.07081696047945E-16,0.999999999999997));
#9384=DIRECTION('',(5.56412814347103E-16,1.,1.07081696047942E-16));
#9385=DIRECTION('',(3.46944695195362E-14,0.,0.999999999999997));
#9386=DIRECTION('',(-1.,-1.02219561112252E-15,1.69238274742432E-14));
#9387=DIRECTION('',(-1.73472347597677E-14,1.73472347597677E-14,-0.999999999999995));
#9388=DIRECTION('',(0.,0.,-0.999999999999996));
#9389=DIRECTION('',(1.,-5.78241158658897E-15,0.));
#9390=DIRECTION('',(1.,-2.22565125738838E-15,4.28326784191835E-16));
#9391=DIRECTION('',(0.,3.46944695195364E-14,1.));
#9392=DIRECTION('',(-1.,1.1128256286942E-15,-2.14163392095912E-16));
#9393=DIRECTION('',(0.,0.,0.999999999999996));
#9394=DIRECTION('',(-1.,2.65560661392935E-15,0.));
#9395=DIRECTION('',(0.,0.,1.));
#9396=DIRECTION('',(1.,1.11282562869415E-15,-1.49914374467133E-15));
#9397=DIRECTION('',(1.44560289664735E-15,3.46944695195363E-14,0.999999999999999));
#9398=DIRECTION('',(-1.,0.,0.));
#9399=DIRECTION('',(0.,0.,1.));
#9400=DIRECTION('',(1.02219561112223E-15,1.,4.23407285525081E-16));
#9401=DIRECTION('',(-3.3248866622889E-14,0.,1.));
#9402=DIRECTION('',(-1.,-1.02219561112252E-15,1.69238274742432E-14));
#9403=DIRECTION('',(-1.73472347597676E-14,1.73472347597676E-14,-0.999999999999999));
#9404=DIRECTION('',(0.,0.,-1.));
#9405=DIRECTION('',(0.999999999999999,-5.782411586589E-15,0.));
#9406=DIRECTION('',(5.56412814347107E-16,1.,-3.21245088143879E-16));
#9407=DIRECTION('',(0.,3.21245088143883E-16,0.999999999999999));
#9408=DIRECTION('',(5.56412814347087E-16,1.,-3.21245088143865E-16));
#9409=DIRECTION('',(3.61400724161836E-14,0.,0.999999999999997));
#9410=DIRECTION('',(-1.,-2.7820640717355E-16,-5.35408480239724E-17));
#9411=DIRECTION('',(0.,0.,0.999999999999999));
#9412=DIRECTION('',(1.,1.11282562869415E-15,-1.49914374467134E-15));
#9413=DIRECTION('',(1.44560289664735E-15,3.61400724161838E-14,1.));
#9414=DIRECTION('',(-1.,0.,0.));
#9415=DIRECTION('',(0.,0.,1.));
#9416=DIRECTION('',(0.,1.,0.));
#9417=DIRECTION('',(-3.25260651745651E-14,0.,1.));
#9418=DIRECTION('',(-1.,-3.57768463892807E-15,1.36969049154594E-14));
#9419=DIRECTION('',(-1.37332275181494E-14,1.59016318631204E-14,-1.));
#9420=DIRECTION('',(0.,0.,-1.));
#9421=DIRECTION('',(1.,-5.78241158658899E-15,0.));
#9422=DIRECTION('',(-1.,0.,-2.14163392095902E-16));
#9423=DIRECTION('',(0.,0.,0.999999999999997));
#9424=DIRECTION('',(0.,1.,0.));
#9425=DIRECTION('',(0.,0.,0.999999999999997));
#9426=DIRECTION('',(0.,1.,0.));
#9427=DIRECTION('',(3.54172709678598E-14,0.,1.00000000000001));
#9428=DIRECTION('',(0.,-1.,0.));
#9429=DIRECTION('',(7.22801448323663E-14,0.,0.999999999999997));
#9430=DIRECTION('',(0.,1.,0.));
#9431=DIRECTION('',(0.,0.,1.));
#9432=DIRECTION('',(0.,1.,0.));
#9433=DIRECTION('',(0.,0.,0.999999999999999));
#9434=DIRECTION('',(5.56412814347103E-16,1.,1.07081696047942E-16));
#9435=DIRECTION('',(3.46944695195362E-14,0.,0.999999999999997));
#9436=DIRECTION('',(-4.45130251477661E-15,-1.,2.56996070515094E-15));
#9437=DIRECTION('',(7.08345419357193E-14,0.,1.));
#9438=DIRECTION('',(0.,1.,0.));
#9439=DIRECTION('',(0.,0.,1.));
#9440=DIRECTION('',(0.,1.,0.));
#9441=DIRECTION('',(0.,0.,0.999999999999999));
#9442=DIRECTION('',(5.56412814347087E-16,1.,-3.21245088143865E-16));
#9443=DIRECTION('',(3.61400724161836E-14,0.,0.999999999999997));
#9444=DIRECTION('',(2.2256512573883E-15,-1.,-1.28498035257547E-15));
#9445=DIRECTION('',(7.15573433840429E-14,0.,1.));
#9446=DIRECTION('',(0.,1.,0.));
#9447=DIRECTION('',(0.,0.,1.));
#9448=DIRECTION('',(0.,1.,-1.71330713676731E-15));
#9449=DIRECTION('',(0.,2.89120579329455E-15,0.999999999999997));
#9450=DIRECTION('',(0.,1.,0.));
#9451=DIRECTION('',(3.54172709678598E-14,0.,1.00000000000001));
#9452=DIRECTION('',(2.04439122224446E-15,1.,8.46814571050168E-16));
#9453=DIRECTION('',(-3.18032637262419E-14,0.,0.999999999999995));
#9454=DIRECTION('',(5.56412814347093E-16,1.,1.07081696047947E-16));
#9455=DIRECTION('',(0.,-1.07081696047945E-16,0.999999999999997));
#9456=DIRECTION('',(5.56412814347103E-16,1.,1.07081696047942E-16));
#9457=DIRECTION('',(3.46944695195362E-14,0.,0.999999999999997));
#9458=DIRECTION('',(-1.,-1.02219561112252E-15,1.69238274742432E-14));
#9459=DIRECTION('',(-1.73472347597677E-14,1.73472347597677E-14,-0.999999999999995));
#9460=DIRECTION('',(0.,0.,-0.999999999999996));
#9461=DIRECTION('',(1.,-5.78241158658897E-15,0.));
#9462=DIRECTION('',(1.,-2.22565125738838E-15,4.28326784191835E-16));
#9463=DIRECTION('',(0.,3.46944695195364E-14,1.));
#9464=DIRECTION('',(-1.,1.1128256286942E-15,-2.14163392095912E-16));
#9465=DIRECTION('',(0.,0.,0.999999999999996));
#9466=DIRECTION('',(-1.,2.65560661392935E-15,0.));
#9467=DIRECTION('',(0.,0.,1.));
#9468=DIRECTION('',(1.,1.11282562869415E-15,-1.49914374467133E-15));
#9469=DIRECTION('',(1.44560289664735E-15,3.46944695195363E-14,0.999999999999999));
#9470=DIRECTION('',(-1.,0.,0.));
#9471=DIRECTION('',(0.,0.,1.));
#9472=DIRECTION('',(1.02219561112223E-15,1.,4.23407285525081E-16));
#9473=DIRECTION('',(-3.3248866622889E-14,0.,1.));
#9474=DIRECTION('',(-1.,-1.02219561112252E-15,1.69238274742432E-14));
#9475=DIRECTION('',(-1.73472347597676E-14,1.73472347597676E-14,-0.999999999999999));
#9476=DIRECTION('',(0.,0.,-1.));
#9477=DIRECTION('',(0.999999999999999,-5.782411586589E-15,0.));
#9478=DIRECTION('',(5.56412814347107E-16,1.,-3.21245088143879E-16));
#9479=DIRECTION('',(0.,3.21245088143883E-16,0.999999999999999));
#9480=DIRECTION('',(5.56412814347087E-16,1.,-3.21245088143865E-16));
#9481=DIRECTION('',(3.61400724161836E-14,0.,0.999999999999997));
#9482=DIRECTION('',(-1.,-2.7820640717355E-16,-5.35408480239724E-17));
#9483=DIRECTION('',(0.,0.,0.999999999999999));
#9484=DIRECTION('',(1.,1.11282562869415E-15,-1.49914374467134E-15));
#9485=DIRECTION('',(1.44560289664735E-15,3.61400724161838E-14,1.));
#9486=DIRECTION('',(-1.,0.,0.));
#9487=DIRECTION('',(0.,0.,1.));
#9488=DIRECTION('',(0.,1.,0.));
#9489=DIRECTION('',(-3.25260651745651E-14,0.,1.));
#9490=DIRECTION('',(-1.,-3.57768463892807E-15,1.36969049154594E-14));
#9491=DIRECTION('',(-1.37332275181494E-14,1.59016318631204E-14,-1.));
#9492=DIRECTION('',(0.,0.,-1.));
#9493=DIRECTION('',(1.,-5.78241158658899E-15,0.));
#9494=DIRECTION('',(-1.,0.,-2.14163392095902E-16));
#9495=DIRECTION('',(0.,0.,0.999999999999997));
#9496=DIRECTION('',(0.,1.,0.));
#9497=DIRECTION('',(0.,0.,0.999999999999997));
#9498=DIRECTION('',(0.,1.,0.));
#9499=DIRECTION('',(3.54172709678598E-14,0.,1.00000000000001));
#9500=DIRECTION('',(0.,-1.,0.));
#9501=DIRECTION('',(7.22801448323663E-14,0.,0.999999999999997));
#9502=DIRECTION('',(0.,1.,0.));
#9503=DIRECTION('',(0.,0.,1.));
#9504=DIRECTION('',(0.,1.,0.));
#9505=DIRECTION('',(0.,0.,0.999999999999999));
#9506=DIRECTION('',(5.56412814347103E-16,1.,1.07081696047942E-16));
#9507=DIRECTION('',(3.46944695195362E-14,0.,0.999999999999997));
#9508=DIRECTION('',(-4.45130251477661E-15,-1.,2.56996070515094E-15));
#9509=DIRECTION('',(7.08345419357193E-14,0.,1.));
#9510=DIRECTION('',(0.,1.,0.));
#9511=DIRECTION('',(0.,0.,1.));
#9512=DIRECTION('',(0.,1.,0.));
#9513=DIRECTION('',(0.,0.,0.999999999999999));
#9514=DIRECTION('',(5.56412814347087E-16,1.,-3.21245088143865E-16));
#9515=DIRECTION('',(3.61400724161836E-14,0.,0.999999999999997));
#9516=DIRECTION('',(2.2256512573883E-15,-1.,-1.28498035257547E-15));
#9517=DIRECTION('',(7.15573433840429E-14,0.,1.));
#9518=DIRECTION('',(0.,1.,0.));
#9519=DIRECTION('',(0.,0.,1.));
#9520=DIRECTION('',(0.,1.,-1.71330713676731E-15));
#9521=DIRECTION('',(0.,2.89120579329455E-15,0.999999999999997));
#9522=DIRECTION('',(0.,1.,0.));
#9523=DIRECTION('',(3.54172709678598E-14,0.,1.00000000000001));
#9524=DIRECTION('',(2.04439122224446E-15,1.,8.46814571050168E-16));
#9525=DIRECTION('',(-3.18032637262419E-14,0.,0.999999999999995));
#9526=DIRECTION('',(5.56412814347093E-16,1.,1.07081696047947E-16));
#9527=DIRECTION('',(0.,-1.07081696047945E-16,0.999999999999997));
#9528=DIRECTION('',(5.56412814347103E-16,1.,1.07081696047942E-16));
#9529=DIRECTION('',(3.46944695195362E-14,0.,0.999999999999997));
#9530=DIRECTION('',(-1.,-1.02219561112252E-15,1.69238274742432E-14));
#9531=DIRECTION('',(-1.73472347597677E-14,1.73472347597677E-14,-0.999999999999995));
#9532=DIRECTION('',(0.,0.,-0.999999999999996));
#9533=DIRECTION('',(1.,-5.78241158658897E-15,0.));
#9534=DIRECTION('',(1.,-2.22565125738838E-15,4.28326784191835E-16));
#9535=DIRECTION('',(0.,3.46944695195364E-14,1.));
#9536=DIRECTION('',(-1.,1.1128256286942E-15,-2.14163392095912E-16));
#9537=DIRECTION('',(0.,0.,0.999999999999996));
#9538=DIRECTION('',(-1.,2.65560661392935E-15,0.));
#9539=DIRECTION('',(0.,0.,1.));
#9540=DIRECTION('',(1.,1.11282562869415E-15,-1.49914374467133E-15));
#9541=DIRECTION('',(1.44560289664735E-15,3.46944695195363E-14,0.999999999999999));
#9542=DIRECTION('',(-1.,0.,0.));
#9543=DIRECTION('',(0.,0.,1.));
#9544=DIRECTION('',(1.02219561112223E-15,1.,4.23407285525081E-16));
#9545=DIRECTION('',(-3.3248866622889E-14,0.,1.));
#9546=DIRECTION('',(-1.,-1.02219561112252E-15,1.69238274742432E-14));
#9547=DIRECTION('',(-1.73472347597676E-14,1.73472347597676E-14,-0.999999999999999));
#9548=DIRECTION('',(0.,0.,-1.));
#9549=DIRECTION('',(0.999999999999999,-5.782411586589E-15,0.));
#9550=DIRECTION('',(5.56412814347107E-16,1.,-3.21245088143879E-16));
#9551=DIRECTION('',(0.,3.21245088143883E-16,0.999999999999999));
#9552=DIRECTION('',(5.56412814347087E-16,1.,-3.21245088143865E-16));
#9553=DIRECTION('',(3.61400724161836E-14,0.,0.999999999999997));
#9554=DIRECTION('',(-1.,-2.7820640717355E-16,-5.35408480239724E-17));
#9555=DIRECTION('',(0.,0.,0.999999999999999));
#9556=DIRECTION('',(1.,1.11282562869415E-15,-1.49914374467134E-15));
#9557=DIRECTION('',(1.44560289664735E-15,3.61400724161838E-14,1.));
#9558=DIRECTION('',(-1.,0.,0.));
#9559=DIRECTION('',(0.,0.,1.));
#9560=DIRECTION('',(0.,1.,0.));
#9561=DIRECTION('',(-3.25260651745651E-14,0.,1.));
#9562=DIRECTION('',(-1.,-3.57768463892807E-15,1.36969049154594E-14));
#9563=DIRECTION('',(-1.37332275181494E-14,1.59016318631204E-14,-1.));
#9564=DIRECTION('',(0.,0.,-1.));
#9565=DIRECTION('',(1.,-5.78241158658899E-15,0.));
#9566=DIRECTION('',(-1.,0.,-2.14163392095902E-16));
#9567=DIRECTION('',(0.,0.,0.999999999999997));
#9568=DIRECTION('',(0.,1.,0.));
#9569=DIRECTION('',(0.,0.,0.999999999999997));
#9570=DIRECTION('',(0.,1.,0.));
#9571=DIRECTION('',(3.54172709678598E-14,0.,1.00000000000001));
#9572=DIRECTION('',(0.,-1.,0.));
#9573=DIRECTION('',(7.22801448323663E-14,0.,0.999999999999997));
#9574=DIRECTION('',(0.,1.,0.));
#9575=DIRECTION('',(0.,0.,1.));
#9576=DIRECTION('',(0.,1.,0.));
#9577=DIRECTION('',(0.,0.,0.999999999999999));
#9578=DIRECTION('',(5.56412814347103E-16,1.,1.07081696047942E-16));
#9579=DIRECTION('',(3.46944695195362E-14,0.,0.999999999999997));
#9580=DIRECTION('',(-4.45130251477661E-15,-1.,2.56996070515094E-15));
#9581=DIRECTION('',(7.08345419357193E-14,0.,1.));
#9582=DIRECTION('',(0.,1.,0.));
#9583=DIRECTION('',(0.,0.,1.));
#9584=DIRECTION('',(0.,1.,0.));
#9585=DIRECTION('',(0.,0.,0.999999999999999));
#9586=DIRECTION('',(5.56412814347087E-16,1.,-3.21245088143865E-16));
#9587=DIRECTION('',(3.61400724161836E-14,0.,0.999999999999997));
#9588=DIRECTION('',(2.2256512573883E-15,-1.,-1.28498035257547E-15));
#9589=DIRECTION('',(7.15573433840429E-14,0.,1.));
#9590=DIRECTION('',(0.,1.,0.));
#9591=DIRECTION('',(0.,0.,1.));
#9592=DIRECTION('',(0.,1.,-1.71330713676731E-15));
#9593=DIRECTION('',(0.,2.89120579329455E-15,0.999999999999997));
#9594=DIRECTION('',(0.,1.,0.));
#9595=DIRECTION('',(3.54172709678598E-14,0.,1.00000000000001));
#9596=DIRECTION('',(2.04439122224446E-15,1.,8.46814571050168E-16));
#9597=DIRECTION('',(-3.18032637262419E-14,0.,0.999999999999995));
#9598=DIRECTION('',(5.56412814347093E-16,1.,1.07081696047947E-16));
#9599=DIRECTION('',(0.,-1.07081696047945E-16,0.999999999999997));
#9600=DIRECTION('',(5.56412814347103E-16,1.,1.07081696047942E-16));
#9601=DIRECTION('',(3.46944695195362E-14,0.,0.999999999999997));
#9602=DIRECTION('',(-1.,-1.02219561112252E-15,1.69238274742432E-14));
#9603=DIRECTION('',(-1.73472347597677E-14,1.73472347597677E-14,-0.999999999999995));
#9604=DIRECTION('',(0.,0.,-0.999999999999996));
#9605=DIRECTION('',(1.,-5.78241158658897E-15,0.));
#9606=DIRECTION('',(1.,-2.22565125738838E-15,4.28326784191835E-16));
#9607=DIRECTION('',(0.,3.46944695195364E-14,1.));
#9608=DIRECTION('',(-1.,1.1128256286942E-15,-2.14163392095912E-16));
#9609=DIRECTION('',(0.,0.,0.999999999999996));
#9610=DIRECTION('',(-1.,2.65560661392935E-15,0.));
#9611=DIRECTION('',(0.,0.,1.));
#9612=DIRECTION('',(1.,1.11282562869415E-15,-1.49914374467133E-15));
#9613=DIRECTION('',(1.44560289664735E-15,3.46944695195363E-14,0.999999999999999));
#9614=DIRECTION('',(-1.,0.,0.));
#9615=DIRECTION('',(0.,0.,1.));
#9616=DIRECTION('',(1.02219561112223E-15,1.,4.23407285525081E-16));
#9617=DIRECTION('',(-3.3248866622889E-14,0.,1.));
#9618=DIRECTION('',(-1.,-1.02219561112252E-15,1.69238274742432E-14));
#9619=DIRECTION('',(-1.73472347597676E-14,1.73472347597676E-14,-0.999999999999999));
#9620=DIRECTION('',(0.,0.,-1.));
#9621=DIRECTION('',(0.999999999999999,-5.782411586589E-15,0.));
#9622=DIRECTION('',(5.56412814347107E-16,1.,-3.21245088143879E-16));
#9623=DIRECTION('',(0.,3.21245088143883E-16,0.999999999999999));
#9624=DIRECTION('',(5.56412814347087E-16,1.,-3.21245088143865E-16));
#9625=DIRECTION('',(3.61400724161836E-14,0.,0.999999999999997));
#9626=DIRECTION('',(-1.,-2.7820640717355E-16,-5.35408480239724E-17));
#9627=DIRECTION('',(0.,0.,0.999999999999999));
#9628=DIRECTION('',(1.,1.11282562869415E-15,-1.49914374467134E-15));
#9629=DIRECTION('',(1.44560289664735E-15,3.61400724161838E-14,1.));
#9630=DIRECTION('',(-1.,0.,0.));
#9631=DIRECTION('',(0.,0.,1.));
#9632=DIRECTION('',(0.,1.,0.));
#9633=DIRECTION('',(-3.25260651745651E-14,0.,1.));
#9634=DIRECTION('',(-1.,-3.57768463892807E-15,1.36969049154594E-14));
#9635=DIRECTION('',(-1.37332275181494E-14,1.59016318631204E-14,-1.));
#9636=DIRECTION('',(0.,0.,-1.));
#9637=DIRECTION('',(1.,-5.78241158658899E-15,0.));
#9638=DIRECTION('',(-1.,0.,-2.14163392095902E-16));
#9639=DIRECTION('',(0.,0.,0.999999999999997));
#9640=DIRECTION('',(0.,1.,0.));
#9641=DIRECTION('',(0.,0.,0.999999999999997));
#9642=DIRECTION('',(0.,1.,0.));
#9643=DIRECTION('',(3.54172709678598E-14,0.,1.00000000000001));
#9644=DIRECTION('',(0.,-1.,0.));
#9645=DIRECTION('',(7.22801448323663E-14,0.,0.999999999999997));
#9646=DIRECTION('',(0.,1.,0.));
#9647=DIRECTION('',(0.,0.,1.));
#9648=DIRECTION('',(0.,1.,0.));
#9649=DIRECTION('',(0.,0.,0.999999999999999));
#9650=DIRECTION('',(5.56412814347103E-16,1.,1.07081696047942E-16));
#9651=DIRECTION('',(3.46944695195362E-14,0.,0.999999999999997));
#9652=DIRECTION('',(-4.45130251477661E-15,-1.,2.56996070515094E-15));
#9653=DIRECTION('',(7.08345419357193E-14,0.,1.));
#9654=DIRECTION('',(0.,1.,0.));
#9655=DIRECTION('',(0.,0.,1.));
#9656=DIRECTION('',(0.,1.,0.));
#9657=DIRECTION('',(0.,0.,0.999999999999999));
#9658=DIRECTION('',(5.56412814347087E-16,1.,-3.21245088143865E-16));
#9659=DIRECTION('',(3.61400724161836E-14,0.,0.999999999999997));
#9660=DIRECTION('',(2.2256512573883E-15,-1.,-1.28498035257547E-15));
#9661=DIRECTION('',(7.15573433840429E-14,0.,1.));
#9662=DIRECTION('',(0.,1.,0.));
#9663=DIRECTION('',(0.,0.,1.));
#9664=DIRECTION('',(0.,1.,-1.71330713676731E-15));
#9665=DIRECTION('',(0.,2.89120579329455E-15,0.999999999999997));
#9666=DIRECTION('',(0.,1.,0.));
#9667=DIRECTION('',(3.54172709678598E-14,0.,1.00000000000001));
#9668=DIRECTION('',(2.04439122224446E-15,1.,8.46814571050168E-16));
#9669=DIRECTION('',(-3.18032637262419E-14,0.,0.999999999999995));
#9670=DIRECTION('',(5.56412814347093E-16,1.,1.07081696047947E-16));
#9671=DIRECTION('',(0.,-1.07081696047945E-16,0.999999999999997));
#9672=DIRECTION('',(5.56412814347103E-16,1.,1.07081696047942E-16));
#9673=DIRECTION('',(3.46944695195362E-14,0.,0.999999999999997));
#9674=DIRECTION('',(-1.,-1.02219561112252E-15,1.69238274742432E-14));
#9675=DIRECTION('',(-1.73472347597677E-14,1.73472347597677E-14,-0.999999999999995));
#9676=DIRECTION('',(0.,0.,-0.999999999999996));
#9677=DIRECTION('',(1.,-5.78241158658897E-15,0.));
#9678=DIRECTION('',(1.,-2.22565125738838E-15,4.28326784191835E-16));
#9679=DIRECTION('',(0.,3.46944695195364E-14,1.));
#9680=DIRECTION('',(-1.,1.1128256286942E-15,-2.14163392095912E-16));
#9681=DIRECTION('',(0.,0.,0.999999999999996));
#9682=DIRECTION('',(-1.,2.65560661392935E-15,0.));
#9683=DIRECTION('',(0.,0.,1.));
#9684=DIRECTION('',(1.,1.11282562869415E-15,-1.49914374467133E-15));
#9685=DIRECTION('',(1.44560289664735E-15,3.46944695195363E-14,0.999999999999999));
#9686=DIRECTION('',(-1.,0.,0.));
#9687=DIRECTION('',(0.,0.,1.));
#9688=DIRECTION('',(1.02219561112223E-15,1.,4.23407285525081E-16));
#9689=DIRECTION('',(-3.3248866622889E-14,0.,1.));
#9690=DIRECTION('',(-1.,-1.02219561112252E-15,1.69238274742432E-14));
#9691=DIRECTION('',(-1.73472347597676E-14,1.73472347597676E-14,-0.999999999999999));
#9692=DIRECTION('',(0.,0.,-1.));
#9693=DIRECTION('',(0.999999999999999,-5.782411586589E-15,0.));
#9694=DIRECTION('',(5.56412814347107E-16,1.,-3.21245088143879E-16));
#9695=DIRECTION('',(0.,3.21245088143883E-16,0.999999999999999));
#9696=DIRECTION('',(5.56412814347087E-16,1.,-3.21245088143865E-16));
#9697=DIRECTION('',(3.61400724161836E-14,0.,0.999999999999997));
#9698=DIRECTION('',(-1.,-2.7820640717355E-16,-5.35408480239724E-17));
#9699=DIRECTION('',(0.,0.,0.999999999999999));
#9700=DIRECTION('',(1.,1.11282562869415E-15,-1.49914374467134E-15));
#9701=DIRECTION('',(1.44560289664735E-15,3.61400724161838E-14,1.));
#9702=DIRECTION('',(-1.,0.,0.));
#9703=DIRECTION('',(0.,0.,1.));
#9704=DIRECTION('',(0.,1.,0.));
#9705=DIRECTION('',(-3.25260651745651E-14,0.,1.));
#9706=DIRECTION('',(-1.,-3.57768463892807E-15,1.36969049154594E-14));
#9707=DIRECTION('',(-1.37332275181494E-14,1.59016318631204E-14,-1.));
#9708=DIRECTION('',(0.,0.,-1.));
#9709=DIRECTION('',(1.,-5.78241158658899E-15,0.));
#9710=DIRECTION('',(-1.,0.,-2.14163392095902E-16));
#9711=DIRECTION('',(0.,0.,0.999999999999997));
#9712=DIRECTION('',(0.,1.,0.));
#9713=DIRECTION('',(0.,0.,0.999999999999997));
#9714=DIRECTION('',(0.,1.,0.));
#9715=DIRECTION('',(3.54172709678598E-14,0.,1.00000000000001));
#9716=DIRECTION('',(0.,-1.,0.));
#9717=DIRECTION('',(7.22801448323663E-14,0.,0.999999999999997));
#9718=DIRECTION('',(0.,1.,0.));
#9719=DIRECTION('',(0.,0.,1.));
#9720=DIRECTION('',(0.,1.,0.));
#9721=DIRECTION('',(0.,0.,1.00000000000001));
#9722=DIRECTION('',(5.56412814347103E-16,1.,1.07081696047942E-16));
#9723=DIRECTION('',(3.46944695195362E-14,0.,1.00000000000001));
#9724=DIRECTION('',(-4.45130251477661E-15,-1.,2.56996070515094E-15));
#9725=DIRECTION('',(7.08345419357193E-14,0.,1.));
#9726=DIRECTION('',(0.,1.,0.));
#9727=DIRECTION('',(0.,0.,1.));
#9728=DIRECTION('',(0.,1.,0.));
#9729=DIRECTION('',(0.,0.,1.00000000000001));
#9730=DIRECTION('',(5.56412814347087E-16,1.,-3.21245088143865E-16));
#9731=DIRECTION('',(3.61400724161836E-14,0.,1.00000000000001));
#9732=DIRECTION('',(2.2256512573883E-15,-1.,-1.28498035257547E-15));
#9733=DIRECTION('',(7.15573433840429E-14,0.,1.));
#9734=DIRECTION('',(0.,1.,0.));
#9735=DIRECTION('',(0.,0.,1.));
#9736=DIRECTION('',(0.,1.,-1.71330713676731E-15));
#9737=DIRECTION('',(0.,2.89120579329455E-15,1.00000000000001));
#9738=DIRECTION('',(0.,1.,0.));
#9739=DIRECTION('',(3.54172709678598E-14,0.,1.00000000000001));
#9740=DIRECTION('',(2.04439122224446E-15,1.,8.46814571050168E-16));
#9741=DIRECTION('',(-3.18032637262419E-14,0.,0.999999999999995));
#9742=DIRECTION('',(5.56412814347093E-16,1.,1.07081696047947E-16));
#9743=DIRECTION('',(0.,-1.07081696047945E-16,0.999999999999997));
#9744=DIRECTION('',(5.56412814347103E-16,1.,1.07081696047942E-16));
#9745=DIRECTION('',(3.46944695195362E-14,0.,1.00000000000001));
#9746=DIRECTION('',(-1.,-1.02219561112252E-15,1.69238274742432E-14));
#9747=DIRECTION('',(-1.73472347597677E-14,1.73472347597677E-14,-1.00000000000001));
#9748=DIRECTION('',(0.,0.,-1.00000000000001));
#9749=DIRECTION('',(1.,-5.78241158658897E-15,0.));
#9750=DIRECTION('',(1.,-2.22565125738838E-15,4.28326784191835E-16));
#9751=DIRECTION('',(0.,3.46944695195364E-14,0.99999999999999));
#9752=DIRECTION('',(-1.,1.1128256286942E-15,-2.14163392095912E-16));
#9753=DIRECTION('',(0.,0.,0.999999999999996));
#9754=DIRECTION('',(-1.,2.65560661392935E-15,0.));
#9755=DIRECTION('',(0.,0.,1.));
#9756=DIRECTION('',(1.,1.11282562869415E-15,-1.49914374467133E-15));
#9757=DIRECTION('',(1.44560289664735E-15,3.46944695195363E-14,1.00000000000001));
#9758=DIRECTION('',(-1.,0.,0.));
#9759=DIRECTION('',(0.,0.,1.));
#9760=DIRECTION('',(1.02219561112223E-15,1.,4.23407285525081E-16));
#9761=DIRECTION('',(-3.3248866622889E-14,0.,0.999999999999989));
#9762=DIRECTION('',(-1.,-1.02219561112252E-15,1.69238274742432E-14));
#9763=DIRECTION('',(-1.73472347597676E-14,1.73472347597676E-14,-0.999999999999999));
#9764=DIRECTION('',(0.,0.,-0.999999999999989));
#9765=DIRECTION('',(0.999999999999999,-5.782411586589E-15,0.));
#9766=DIRECTION('',(5.56412814347107E-16,1.,-3.21245088143879E-16));
#9767=DIRECTION('',(0.,3.21245088143883E-16,1.00000000000001));
#9768=DIRECTION('',(5.56412814347087E-16,1.,-3.21245088143865E-16));
#9769=DIRECTION('',(3.61400724161836E-14,0.,1.00000000000001));
#9770=DIRECTION('',(-1.,-2.7820640717355E-16,-5.35408480239724E-17));
#9771=DIRECTION('',(0.,0.,0.999999999999999));
#9772=DIRECTION('',(1.,1.11282562869415E-15,-1.49914374467134E-15));
#9773=DIRECTION('',(1.44560289664735E-15,3.61400724161838E-14,0.999999999999992));
#9774=DIRECTION('',(-1.,0.,0.));
#9775=DIRECTION('',(0.,0.,1.));
#9776=DIRECTION('',(0.,1.,0.));
#9777=DIRECTION('',(-3.25260651745651E-14,0.,1.));
#9778=DIRECTION('',(-1.,-3.57768463892807E-15,1.36969049154594E-14));
#9779=DIRECTION('',(-1.37332275181494E-14,1.59016318631204E-14,-1.));
#9780=DIRECTION('',(0.,0.,-0.999999999999988));
#9781=DIRECTION('',(1.,-5.78241158658899E-15,0.));
#9782=DIRECTION('',(-1.,0.,-2.14163392095902E-16));
#9783=DIRECTION('',(0.,0.,0.999999999999997));
#9784=DIRECTION('',(0.,1.,0.));
#9785=DIRECTION('',(0.,0.,1.00000000000001));
#9786=DIRECTION('',(0.,1.,0.));
#9787=DIRECTION('',(3.54172709678598E-14,0.,1.00000000000001));
#9788=DIRECTION('',(0.,-1.,0.));
#9789=DIRECTION('',(7.22801448323663E-14,0.,0.999999999999997));
#9790=DIRECTION('',(0.,1.,0.));
#9791=DIRECTION('',(0.,0.,1.));
#9792=DIRECTION('',(0.,1.,0.));
#9793=DIRECTION('',(0.,0.,1.00000000000001));
#9794=DIRECTION('',(5.56412814347103E-16,1.,1.07081696047942E-16));
#9795=DIRECTION('',(3.46944695195362E-14,0.,1.00000000000001));
#9796=DIRECTION('',(-4.45130251477661E-15,-1.,2.56996070515094E-15));
#9797=DIRECTION('',(7.08345419357193E-14,0.,1.));
#9798=DIRECTION('',(0.,1.,0.));
#9799=DIRECTION('',(0.,0.,1.));
#9800=DIRECTION('',(0.,1.,0.));
#9801=DIRECTION('',(0.,0.,1.00000000000001));
#9802=DIRECTION('',(5.56412814347087E-16,1.,-3.21245088143865E-16));
#9803=DIRECTION('',(3.61400724161836E-14,0.,1.00000000000001));
#9804=DIRECTION('',(2.2256512573883E-15,-1.,-1.28498035257547E-15));
#9805=DIRECTION('',(7.15573433840429E-14,0.,1.));
#9806=DIRECTION('',(0.,1.,0.));
#9807=DIRECTION('',(0.,0.,1.));
#9808=DIRECTION('',(0.,1.,-1.71330713676731E-15));
#9809=DIRECTION('',(0.,2.89120579329455E-15,1.00000000000001));
#9810=DIRECTION('',(0.,1.,0.));
#9811=DIRECTION('',(3.54172709678598E-14,0.,1.00000000000001));
#9812=DIRECTION('',(2.04439122224446E-15,1.,8.46814571050168E-16));
#9813=DIRECTION('',(-3.18032637262419E-14,0.,0.999999999999995));
#9814=DIRECTION('',(5.56412814347093E-16,1.,1.07081696047947E-16));
#9815=DIRECTION('',(0.,-1.07081696047945E-16,0.999999999999997));
#9816=DIRECTION('',(5.56412814347103E-16,1.,1.07081696047942E-16));
#9817=DIRECTION('',(3.46944695195362E-14,0.,1.00000000000001));
#9818=DIRECTION('',(-1.,-1.02219561112252E-15,1.69238274742432E-14));
#9819=DIRECTION('',(-1.73472347597677E-14,1.73472347597677E-14,-1.00000000000001));
#9820=DIRECTION('',(0.,0.,-1.00000000000001));
#9821=DIRECTION('',(1.,-5.78241158658897E-15,0.));
#9822=DIRECTION('',(1.,-2.22565125738838E-15,4.28326784191835E-16));
#9823=DIRECTION('',(0.,3.46944695195364E-14,0.99999999999999));
#9824=DIRECTION('',(-1.,1.1128256286942E-15,-2.14163392095912E-16));
#9825=DIRECTION('',(0.,0.,0.999999999999996));
#9826=DIRECTION('',(-1.,2.65560661392935E-15,0.));
#9827=DIRECTION('',(0.,0.,1.));
#9828=DIRECTION('',(1.,1.11282562869415E-15,-1.49914374467133E-15));
#9829=DIRECTION('',(1.44560289664735E-15,3.46944695195363E-14,1.00000000000001));
#9830=DIRECTION('',(-1.,0.,0.));
#9831=DIRECTION('',(0.,0.,1.));
#9832=DIRECTION('',(1.02219561112223E-15,1.,4.23407285525081E-16));
#9833=DIRECTION('',(-3.3248866622889E-14,0.,0.999999999999989));
#9834=DIRECTION('',(-1.,-1.02219561112252E-15,1.69238274742432E-14));
#9835=DIRECTION('',(-1.73472347597676E-14,1.73472347597676E-14,-0.999999999999999));
#9836=DIRECTION('',(0.,0.,-0.999999999999989));
#9837=DIRECTION('',(0.999999999999999,-5.782411586589E-15,0.));
#9838=DIRECTION('',(5.56412814347107E-16,1.,-3.21245088143879E-16));
#9839=DIRECTION('',(0.,3.21245088143883E-16,1.00000000000001));
#9840=DIRECTION('',(5.56412814347087E-16,1.,-3.21245088143865E-16));
#9841=DIRECTION('',(3.61400724161836E-14,0.,1.00000000000001));
#9842=DIRECTION('',(-1.,-2.7820640717355E-16,-5.35408480239724E-17));
#9843=DIRECTION('',(0.,0.,0.999999999999999));
#9844=DIRECTION('',(1.,1.11282562869415E-15,-1.49914374467134E-15));
#9845=DIRECTION('',(1.44560289664735E-15,3.61400724161838E-14,0.999999999999992));
#9846=DIRECTION('',(-1.,0.,0.));
#9847=DIRECTION('',(0.,0.,1.));
#9848=DIRECTION('',(0.,1.,0.));
#9849=DIRECTION('',(-3.25260651745651E-14,0.,1.));
#9850=DIRECTION('',(-1.,-3.57768463892807E-15,1.36969049154594E-14));
#9851=DIRECTION('',(-1.37332275181494E-14,1.59016318631204E-14,-1.));
#9852=DIRECTION('',(0.,0.,-0.999999999999988));
#9853=DIRECTION('',(1.,-5.78241158658899E-15,0.));
#9854=DIRECTION('',(-1.,0.,-2.14163392095902E-16));
#9855=DIRECTION('',(0.,0.,0.999999999999997));
#9856=DIRECTION('',(0.,1.,0.));
#9857=DIRECTION('',(0.,0.,1.00000000000001));
#9858=DIRECTION('',(0.,1.,0.));
#9859=DIRECTION('',(3.54172709678598E-14,0.,1.00000000000001));
#9860=DIRECTION('',(0.,-1.,0.));
#9861=DIRECTION('',(7.22801448323663E-14,0.,0.999999999999997));
#9862=DIRECTION('',(0.,1.,0.));
#9863=DIRECTION('',(0.,0.,1.));
#9864=DIRECTION('',(0.,1.,0.));
#9865=DIRECTION('',(0.,0.,1.00000000000001));
#9866=DIRECTION('',(5.56412814347103E-16,1.,1.07081696047942E-16));
#9867=DIRECTION('',(3.46944695195362E-14,0.,1.00000000000001));
#9868=DIRECTION('',(-4.45130251477661E-15,-1.,2.56996070515094E-15));
#9869=DIRECTION('',(7.08345419357193E-14,0.,1.));
#9870=DIRECTION('',(0.,1.,0.));
#9871=DIRECTION('',(0.,0.,1.));
#9872=DIRECTION('',(0.,1.,0.));
#9873=DIRECTION('',(0.,0.,1.00000000000001));
#9874=DIRECTION('',(5.56412814347087E-16,1.,-3.21245088143865E-16));
#9875=DIRECTION('',(3.61400724161836E-14,0.,1.00000000000001));
#9876=DIRECTION('',(2.2256512573883E-15,-1.,-1.28498035257547E-15));
#9877=DIRECTION('',(7.15573433840429E-14,0.,1.));
#9878=DIRECTION('',(0.,1.,0.));
#9879=DIRECTION('',(0.,0.,1.));
#9880=DIRECTION('',(0.,1.,-1.71330713676731E-15));
#9881=DIRECTION('',(0.,2.89120579329455E-15,1.00000000000001));
#9882=DIRECTION('',(0.,1.,0.));
#9883=DIRECTION('',(3.54172709678598E-14,0.,1.00000000000001));
#9884=DIRECTION('',(2.04439122224446E-15,1.,8.46814571050168E-16));
#9885=DIRECTION('',(-3.18032637262419E-14,0.,0.999999999999995));
#9886=DIRECTION('',(5.56412814347093E-16,1.,1.07081696047947E-16));
#9887=DIRECTION('',(0.,-1.07081696047945E-16,0.999999999999997));
#9888=DIRECTION('',(5.56412814347103E-16,1.,1.07081696047942E-16));
#9889=DIRECTION('',(3.46944695195362E-14,0.,1.00000000000001));
#9890=DIRECTION('',(-1.,-1.02219561112252E-15,1.69238274742432E-14));
#9891=DIRECTION('',(-1.73472347597677E-14,1.73472347597677E-14,-1.00000000000001));
#9892=DIRECTION('',(0.,0.,-1.00000000000001));
#9893=DIRECTION('',(1.,-5.78241158658897E-15,0.));
#9894=DIRECTION('',(1.,-2.22565125738838E-15,4.28326784191835E-16));
#9895=DIRECTION('',(0.,3.46944695195364E-14,0.99999999999999));
#9896=DIRECTION('',(-1.,1.1128256286942E-15,-2.14163392095912E-16));
#9897=DIRECTION('',(0.,0.,0.999999999999996));
#9898=DIRECTION('',(-1.,2.65560661392935E-15,0.));
#9899=DIRECTION('',(0.,0.,1.));
#9900=DIRECTION('',(1.,1.11282562869415E-15,-1.49914374467133E-15));
#9901=DIRECTION('',(1.44560289664735E-15,3.46944695195363E-14,1.00000000000001));
#9902=DIRECTION('',(-1.,0.,0.));
#9903=DIRECTION('',(0.,0.,1.));
#9904=DIRECTION('',(1.02219561112223E-15,1.,4.23407285525081E-16));
#9905=DIRECTION('',(-3.3248866622889E-14,0.,0.999999999999989));
#9906=DIRECTION('',(-1.,-1.02219561112252E-15,1.69238274742432E-14));
#9907=DIRECTION('',(-1.73472347597676E-14,1.73472347597676E-14,-0.999999999999999));
#9908=DIRECTION('',(0.,0.,-0.999999999999989));
#9909=DIRECTION('',(0.999999999999999,-5.782411586589E-15,0.));
#9910=DIRECTION('',(5.56412814347107E-16,1.,-3.21245088143879E-16));
#9911=DIRECTION('',(0.,3.21245088143883E-16,1.00000000000001));
#9912=DIRECTION('',(5.56412814347087E-16,1.,-3.21245088143865E-16));
#9913=DIRECTION('',(3.61400724161836E-14,0.,1.00000000000001));
#9914=DIRECTION('',(-1.,-2.7820640717355E-16,-5.35408480239724E-17));
#9915=DIRECTION('',(0.,0.,0.999999999999999));
#9916=DIRECTION('',(1.,1.11282562869415E-15,-1.49914374467134E-15));
#9917=DIRECTION('',(1.44560289664735E-15,3.61400724161838E-14,0.999999999999992));
#9918=DIRECTION('',(-1.,0.,0.));
#9919=DIRECTION('',(0.,0.,1.));
#9920=DIRECTION('',(0.,1.,0.));
#9921=DIRECTION('',(-3.25260651745651E-14,0.,1.));
#9922=DIRECTION('',(-1.,-3.57768463892807E-15,1.36969049154594E-14));
#9923=DIRECTION('',(-1.37332275181494E-14,1.59016318631204E-14,-1.));
#9924=DIRECTION('',(0.,0.,-0.999999999999988));
#9925=DIRECTION('',(1.,-5.78241158658899E-15,0.));
#9926=DIRECTION('',(-1.,0.,-2.14163392095902E-16));
#9927=DIRECTION('',(0.,0.,0.999999999999997));
#9928=DIRECTION('',(0.,1.,0.));
#9929=DIRECTION('',(0.,0.,1.00000000000001));
#9930=DIRECTION('',(0.,1.,0.));
#9931=DIRECTION('',(3.54172709678598E-14,0.,1.00000000000001));
#9932=DIRECTION('',(0.,-1.,0.));
#9933=DIRECTION('',(7.22801448323663E-14,0.,0.999999999999997));
#9934=DIRECTION('',(0.,1.,0.));
#9935=DIRECTION('',(0.,0.,1.));
#9936=DIRECTION('',(0.,1.,0.));
#9937=DIRECTION('',(0.,0.,1.00000000000001));
#9938=DIRECTION('',(5.56412814347103E-16,1.,1.07081696047942E-16));
#9939=DIRECTION('',(3.46944695195362E-14,0.,1.00000000000001));
#9940=DIRECTION('',(-4.45130251477661E-15,-1.,2.56996070515094E-15));
#9941=DIRECTION('',(7.08345419357193E-14,0.,1.));
#9942=DIRECTION('',(0.,1.,0.));
#9943=DIRECTION('',(0.,0.,1.));
#9944=DIRECTION('',(0.,1.,0.));
#9945=DIRECTION('',(0.,0.,1.00000000000001));
#9946=DIRECTION('',(5.56412814347087E-16,1.,-3.21245088143865E-16));
#9947=DIRECTION('',(3.61400724161836E-14,0.,1.00000000000001));
#9948=DIRECTION('',(2.2256512573883E-15,-1.,-1.28498035257547E-15));
#9949=DIRECTION('',(7.15573433840429E-14,0.,1.));
#9950=DIRECTION('',(0.,1.,0.));
#9951=DIRECTION('',(0.,0.,1.));
#9952=DIRECTION('',(0.,1.,-1.71330713676731E-15));
#9953=DIRECTION('',(0.,2.89120579329455E-15,1.00000000000001));
#9954=DIRECTION('',(0.,1.,0.));
#9955=DIRECTION('',(3.54172709678598E-14,0.,1.00000000000001));
#9956=DIRECTION('',(2.04439122224446E-15,1.,8.46814571050168E-16));
#9957=DIRECTION('',(-3.18032637262419E-14,0.,0.999999999999995));
#9958=DIRECTION('',(5.56412814347093E-16,1.,1.07081696047947E-16));
#9959=DIRECTION('',(0.,-1.07081696047945E-16,0.999999999999997));
#9960=DIRECTION('',(5.56412814347103E-16,1.,1.07081696047942E-16));
#9961=DIRECTION('',(3.46944695195362E-14,0.,1.00000000000001));
#9962=DIRECTION('',(-1.,-1.02219561112252E-15,1.69238274742432E-14));
#9963=DIRECTION('',(-1.73472347597677E-14,1.73472347597677E-14,-1.00000000000001));
#9964=DIRECTION('',(0.,0.,-1.00000000000001));
#9965=DIRECTION('',(1.,-5.78241158658897E-15,0.));
#9966=DIRECTION('',(1.,-2.22565125738838E-15,4.28326784191835E-16));
#9967=DIRECTION('',(0.,3.46944695195364E-14,0.99999999999999));
#9968=DIRECTION('',(-1.,1.1128256286942E-15,-2.14163392095912E-16));
#9969=DIRECTION('',(0.,0.,0.999999999999996));
#9970=DIRECTION('',(-1.,2.65560661392935E-15,0.));
#9971=DIRECTION('',(0.,0.,1.));
#9972=DIRECTION('',(1.,1.11282562869415E-15,-1.49914374467133E-15));
#9973=DIRECTION('',(1.44560289664735E-15,3.46944695195363E-14,1.00000000000001));
#9974=DIRECTION('',(-1.,0.,0.));
#9975=DIRECTION('',(0.,0.,1.));
#9976=DIRECTION('',(1.02219561112223E-15,1.,4.23407285525081E-16));
#9977=DIRECTION('',(-3.3248866622889E-14,0.,0.999999999999989));
#9978=DIRECTION('',(-1.,-1.02219561112252E-15,1.69238274742432E-14));
#9979=DIRECTION('',(-1.73472347597676E-14,1.73472347597676E-14,-0.999999999999999));
#9980=DIRECTION('',(0.,0.,-0.999999999999989));
#9981=DIRECTION('',(0.999999999999999,-5.782411586589E-15,0.));
#9982=DIRECTION('',(5.56412814347107E-16,1.,-3.21245088143879E-16));
#9983=DIRECTION('',(0.,3.21245088143883E-16,1.00000000000001));
#9984=DIRECTION('',(5.56412814347087E-16,1.,-3.21245088143865E-16));
#9985=DIRECTION('',(3.61400724161836E-14,0.,1.00000000000001));
#9986=DIRECTION('',(-1.,-2.7820640717355E-16,-5.35408480239724E-17));
#9987=DIRECTION('',(0.,0.,0.999999999999999));
#9988=DIRECTION('',(1.,1.11282562869415E-15,-1.49914374467134E-15));
#9989=DIRECTION('',(1.44560289664735E-15,3.61400724161838E-14,0.999999999999992));
#9990=DIRECTION('',(-1.,0.,0.));
#9991=DIRECTION('',(0.,0.,1.));
#9992=DIRECTION('',(0.,1.,0.));
#9993=DIRECTION('',(-3.25260651745651E-14,0.,1.));
#9994=DIRECTION('',(-1.,-3.57768463892807E-15,1.36969049154594E-14));
#9995=DIRECTION('',(-1.37332275181494E-14,1.59016318631204E-14,-1.));
#9996=DIRECTION('',(0.,0.,-0.999999999999988));
#9997=DIRECTION('',(1.,-5.78241158658899E-15,0.));
#9998=DIRECTION('',(-1.,0.,-2.14163392095902E-16));
#9999=DIRECTION('',(0.,0.,0.999999999999997));
#10000=DIRECTION('',(0.,1.,0.));
#10001=DIRECTION('',(0.,0.,1.00000000000001));
#10002=DIRECTION('',(0.,1.,0.));
#10003=DIRECTION('',(3.54172709678598E-14,0.,1.00000000000001));
#10004=DIRECTION('',(0.,-1.,0.));
#10005=DIRECTION('',(7.22801448323663E-14,0.,0.999999999999997));
#10006=DIRECTION('',(0.,1.,0.));
#10007=DIRECTION('',(0.,0.,1.));
#10008=DIRECTION('',(0.,1.,0.));
#10009=DIRECTION('',(0.,0.,1.00000000000001));
#10010=DIRECTION('',(5.56412814347103E-16,1.,1.07081696047942E-16));
#10011=DIRECTION('',(3.46944695195362E-14,0.,1.00000000000001));
#10012=DIRECTION('',(-4.45130251477661E-15,-1.,2.56996070515094E-15));
#10013=DIRECTION('',(7.08345419357193E-14,0.,1.));
#10014=DIRECTION('',(0.,1.,0.));
#10015=DIRECTION('',(0.,0.,1.));
#10016=DIRECTION('',(0.,1.,0.));
#10017=DIRECTION('',(0.,0.,1.00000000000001));
#10018=DIRECTION('',(5.56412814347087E-16,1.,-3.21245088143865E-16));
#10019=DIRECTION('',(3.61400724161836E-14,0.,1.00000000000001));
#10020=DIRECTION('',(2.2256512573883E-15,-1.,-1.28498035257547E-15));
#10021=DIRECTION('',(7.15573433840429E-14,0.,1.));
#10022=DIRECTION('',(0.,1.,0.));
#10023=DIRECTION('',(0.,0.,1.));
#10024=DIRECTION('',(0.,1.,-1.71330713676731E-15));
#10025=DIRECTION('',(0.,2.89120579329455E-15,1.00000000000001));
#10026=DIRECTION('',(0.,1.,0.));
#10027=DIRECTION('',(3.54172709678598E-14,0.,1.00000000000001));
#10028=DIRECTION('',(2.04439122224446E-15,1.,8.46814571050168E-16));
#10029=DIRECTION('',(-3.18032637262419E-14,0.,0.999999999999995));
#10030=DIRECTION('',(5.56412814347093E-16,1.,1.07081696047947E-16));
#10031=DIRECTION('',(0.,-1.07081696047945E-16,0.999999999999997));
#10032=DIRECTION('',(5.56412814347103E-16,1.,1.07081696047942E-16));
#10033=DIRECTION('',(3.46944695195362E-14,0.,1.00000000000001));
#10034=DIRECTION('',(-1.,-1.02219561112252E-15,1.69238274742432E-14));
#10035=DIRECTION('',(-1.73472347597677E-14,1.73472347597677E-14,-1.00000000000001));
#10036=DIRECTION('',(0.,0.,-1.00000000000001));
#10037=DIRECTION('',(1.,-5.78241158658897E-15,0.));
#10038=DIRECTION('',(1.,-2.22565125738838E-15,4.28326784191835E-16));
#10039=DIRECTION('',(0.,3.46944695195364E-14,0.99999999999999));
#10040=DIRECTION('',(-1.,1.1128256286942E-15,-2.14163392095912E-16));
#10041=DIRECTION('',(0.,0.,0.999999999999996));
#10042=DIRECTION('',(-1.,2.65560661392935E-15,0.));
#10043=DIRECTION('',(0.,0.,1.));
#10044=DIRECTION('',(1.,1.11282562869415E-15,-1.49914374467133E-15));
#10045=DIRECTION('',(1.44560289664735E-15,3.46944695195363E-14,1.00000000000001));
#10046=DIRECTION('',(-1.,0.,0.));
#10047=DIRECTION('',(0.,0.,1.));
#10048=DIRECTION('',(1.02219561112223E-15,1.,4.23407285525081E-16));
#10049=DIRECTION('',(-3.3248866622889E-14,0.,0.999999999999989));
#10050=DIRECTION('',(-1.,-1.02219561112252E-15,1.69238274742432E-14));
#10051=DIRECTION('',(-1.73472347597676E-14,1.73472347597676E-14,-0.999999999999999));
#10052=DIRECTION('',(0.,0.,-0.999999999999989));
#10053=DIRECTION('',(0.999999999999999,-5.782411586589E-15,0.));
#10054=DIRECTION('',(5.56412814347107E-16,1.,-3.21245088143879E-16));
#10055=DIRECTION('',(0.,3.21245088143883E-16,1.00000000000001));
#10056=DIRECTION('',(5.56412814347087E-16,1.,-3.21245088143865E-16));
#10057=DIRECTION('',(3.61400724161836E-14,0.,1.00000000000001));
#10058=DIRECTION('',(-1.,-2.7820640717355E-16,-5.35408480239724E-17));
#10059=DIRECTION('',(0.,0.,0.999999999999999));
#10060=DIRECTION('',(1.,1.11282562869415E-15,-1.49914374467134E-15));
#10061=DIRECTION('',(1.44560289664735E-15,3.61400724161838E-14,0.999999999999992));
#10062=DIRECTION('',(-1.,0.,0.));
#10063=DIRECTION('',(0.,0.,1.));
#10064=DIRECTION('',(0.,1.,0.));
#10065=DIRECTION('',(-3.25260651745651E-14,0.,1.));
#10066=DIRECTION('',(-1.,-3.57768463892807E-15,1.36969049154594E-14));
#10067=DIRECTION('',(-1.37332275181494E-14,1.59016318631204E-14,-1.));
#10068=DIRECTION('',(0.,0.,-0.999999999999988));
#10069=DIRECTION('',(1.,-5.78241158658899E-15,0.));
#10070=DIRECTION('',(-1.,0.,-2.14163392095902E-16));
#10071=DIRECTION('',(0.,0.,0.999999999999997));
#10072=DIRECTION('',(0.,1.,0.));
#10073=DIRECTION('',(0.,0.,1.00000000000001));
#10074=DIRECTION('',(0.,1.,0.));
#10075=DIRECTION('',(3.54172709678598E-14,0.,1.00000000000001));
#10076=DIRECTION('',(0.,-1.,0.));
#10077=DIRECTION('',(7.22801448323663E-14,0.,0.999999999999997));
#10078=DIRECTION('',(0.,1.,0.));
#10079=DIRECTION('',(0.,0.,1.));
#10080=DIRECTION('',(0.,1.,0.));
#10081=DIRECTION('',(0.,0.,1.00000000000001));
#10082=DIRECTION('',(5.56412814347103E-16,1.,1.07081696047942E-16));
#10083=DIRECTION('',(3.46944695195362E-14,0.,1.00000000000001));
#10084=DIRECTION('',(-4.45130251477661E-15,-1.,2.56996070515094E-15));
#10085=DIRECTION('',(7.08345419357193E-14,0.,1.));
#10086=DIRECTION('',(0.,1.,0.));
#10087=DIRECTION('',(0.,0.,1.));
#10088=DIRECTION('',(0.,1.,0.));
#10089=DIRECTION('',(0.,0.,1.00000000000001));
#10090=DIRECTION('',(5.56412814347087E-16,1.,-3.21245088143865E-16));
#10091=DIRECTION('',(3.61400724161836E-14,0.,1.00000000000001));
#10092=DIRECTION('',(2.2256512573883E-15,-1.,-1.28498035257547E-15));
#10093=DIRECTION('',(7.15573433840429E-14,0.,1.));
#10094=DIRECTION('',(0.,1.,0.));
#10095=DIRECTION('',(0.,0.,1.));
#10096=DIRECTION('',(0.,1.,-1.71330713676731E-15));
#10097=DIRECTION('',(0.,2.89120579329455E-15,1.00000000000001));
#10098=DIRECTION('',(0.,1.,0.));
#10099=DIRECTION('',(3.54172709678598E-14,0.,1.00000000000001));
#10100=DIRECTION('',(2.04439122224446E-15,1.,8.46814571050168E-16));
#10101=DIRECTION('',(-3.18032637262419E-14,0.,0.999999999999995));
#10102=DIRECTION('',(5.56412814347093E-16,1.,1.07081696047947E-16));
#10103=DIRECTION('',(0.,-1.07081696047945E-16,0.999999999999997));
#10104=DIRECTION('',(5.56412814347103E-16,1.,1.07081696047942E-16));
#10105=DIRECTION('',(3.46944695195362E-14,0.,1.00000000000001));
#10106=DIRECTION('',(-1.,-1.02219561112252E-15,1.69238274742432E-14));
#10107=DIRECTION('',(-1.73472347597677E-14,1.73472347597677E-14,-1.00000000000001));
#10108=DIRECTION('',(0.,0.,-1.00000000000001));
#10109=DIRECTION('',(1.,-5.78241158658897E-15,0.));
#10110=DIRECTION('',(1.,-2.22565125738838E-15,4.28326784191835E-16));
#10111=DIRECTION('',(0.,3.46944695195364E-14,0.99999999999999));
#10112=DIRECTION('',(-1.,1.1128256286942E-15,-2.14163392095912E-16));
#10113=DIRECTION('',(0.,0.,0.999999999999996));
#10114=DIRECTION('',(-1.,2.65560661392935E-15,0.));
#10115=DIRECTION('',(0.,0.,1.));
#10116=DIRECTION('',(1.,1.11282562869415E-15,-1.49914374467133E-15));
#10117=DIRECTION('',(1.44560289664735E-15,3.46944695195363E-14,1.00000000000001));
#10118=DIRECTION('',(-1.,0.,0.));
#10119=DIRECTION('',(0.,0.,1.));
#10120=DIRECTION('',(1.02219561112223E-15,1.,4.23407285525081E-16));
#10121=DIRECTION('',(-3.3248866622889E-14,0.,0.999999999999989));
#10122=DIRECTION('',(-1.,-1.02219561112252E-15,1.69238274742432E-14));
#10123=DIRECTION('',(-1.73472347597676E-14,1.73472347597676E-14,-0.999999999999999));
#10124=DIRECTION('',(0.,0.,-0.999999999999989));
#10125=DIRECTION('',(0.999999999999999,-5.782411586589E-15,0.));
#10126=DIRECTION('',(5.56412814347107E-16,1.,-3.21245088143879E-16));
#10127=DIRECTION('',(0.,3.21245088143883E-16,1.00000000000001));
#10128=DIRECTION('',(5.56412814347087E-16,1.,-3.21245088143865E-16));
#10129=DIRECTION('',(3.61400724161836E-14,0.,1.00000000000001));
#10130=DIRECTION('',(-1.,-2.7820640717355E-16,-5.35408480239724E-17));
#10131=DIRECTION('',(0.,0.,0.999999999999999));
#10132=DIRECTION('',(1.,1.11282562869415E-15,-1.49914374467134E-15));
#10133=DIRECTION('',(1.44560289664735E-15,3.61400724161838E-14,0.999999999999992));
#10134=DIRECTION('',(-1.,0.,0.));
#10135=DIRECTION('',(0.,0.,1.));
#10136=DIRECTION('',(0.,1.,0.));
#10137=DIRECTION('',(-3.25260651745651E-14,0.,1.));
#10138=DIRECTION('',(-1.,-3.57768463892807E-15,1.36969049154594E-14));
#10139=DIRECTION('',(-1.37332275181494E-14,1.59016318631204E-14,-1.));
#10140=DIRECTION('',(0.,0.,-0.999999999999988));
#10141=DIRECTION('',(1.,-5.78241158658899E-15,0.));
#10142=DIRECTION('',(-1.,0.,-2.14163392095902E-16));
#10143=DIRECTION('',(0.,0.,0.999999999999997));
#10144=DIRECTION('',(0.,1.,0.));
#10145=DIRECTION('',(0.,0.,1.00000000000001));
#10146=DIRECTION('',(0.,1.,0.));
#10147=DIRECTION('',(3.54172709678598E-14,0.,1.00000000000001));
#10148=DIRECTION('',(0.,-1.,0.));
#10149=DIRECTION('',(7.22801448323663E-14,0.,0.999999999999997));
#10150=DIRECTION('',(0.,1.,0.));
#10151=DIRECTION('',(0.,0.,1.));
#10152=DIRECTION('',(0.,1.,0.));
#10153=DIRECTION('',(0.,0.,1.00000000000001));
#10154=DIRECTION('',(5.56412814347103E-16,1.,1.07081696047942E-16));
#10155=DIRECTION('',(3.46944695195362E-14,0.,1.00000000000001));
#10156=DIRECTION('',(-4.45130251477661E-15,-1.,2.56996070515094E-15));
#10157=DIRECTION('',(7.08345419357193E-14,0.,1.));
#10158=DIRECTION('',(0.,1.,0.));
#10159=DIRECTION('',(0.,0.,1.));
#10160=DIRECTION('',(0.,1.,0.));
#10161=DIRECTION('',(0.,0.,1.00000000000001));
#10162=DIRECTION('',(5.56412814347087E-16,1.,-3.21245088143865E-16));
#10163=DIRECTION('',(3.61400724161836E-14,0.,1.00000000000001));
#10164=DIRECTION('',(2.2256512573883E-15,-1.,-1.28498035257547E-15));
#10165=DIRECTION('',(7.15573433840429E-14,0.,1.));
#10166=DIRECTION('',(0.,1.,0.));
#10167=DIRECTION('',(0.,0.,1.));
#10168=DIRECTION('',(0.,1.,-1.71330713676731E-15));
#10169=DIRECTION('',(0.,2.89120579329455E-15,1.00000000000001));
#10170=DIRECTION('',(0.,1.,0.));
#10171=DIRECTION('',(3.54172709678598E-14,0.,1.00000000000001));
#10172=DIRECTION('',(2.04439122224446E-15,1.,8.46814571050168E-16));
#10173=DIRECTION('',(-3.18032637262419E-14,0.,0.999999999999995));
#10174=DIRECTION('',(5.56412814347093E-16,1.,1.07081696047947E-16));
#10175=DIRECTION('',(0.,-1.07081696047945E-16,0.999999999999997));
#10176=DIRECTION('',(5.56412814347103E-16,1.,1.07081696047942E-16));
#10177=DIRECTION('',(3.46944695195362E-14,0.,1.00000000000001));
#10178=DIRECTION('',(-1.,-1.02219561112252E-15,1.69238274742432E-14));
#10179=DIRECTION('',(-1.73472347597677E-14,1.73472347597677E-14,-1.00000000000001));
#10180=DIRECTION('',(0.,0.,-1.00000000000001));
#10181=DIRECTION('',(1.,-5.78241158658897E-15,0.));
#10182=DIRECTION('',(1.,-2.22565125738838E-15,4.28326784191835E-16));
#10183=DIRECTION('',(0.,3.46944695195364E-14,0.99999999999999));
#10184=DIRECTION('',(-1.,1.1128256286942E-15,-2.14163392095912E-16));
#10185=DIRECTION('',(0.,0.,0.999999999999996));
#10186=DIRECTION('',(-1.,2.65560661392935E-15,0.));
#10187=DIRECTION('',(0.,0.,1.));
#10188=DIRECTION('',(1.,1.11282562869415E-15,-1.49914374467133E-15));
#10189=DIRECTION('',(1.44560289664735E-15,3.46944695195363E-14,1.00000000000001));
#10190=DIRECTION('',(-1.,0.,0.));
#10191=DIRECTION('',(0.,0.,1.));
#10192=DIRECTION('',(1.02219561112223E-15,1.,4.23407285525081E-16));
#10193=DIRECTION('',(-3.3248866622889E-14,0.,0.999999999999989));
#10194=DIRECTION('',(-1.,-1.02219561112252E-15,1.69238274742432E-14));
#10195=DIRECTION('',(-1.73472347597676E-14,1.73472347597676E-14,-0.999999999999999));
#10196=DIRECTION('',(0.,0.,-0.999999999999989));
#10197=DIRECTION('',(0.999999999999999,-5.782411586589E-15,0.));
#10198=DIRECTION('',(5.56412814347107E-16,1.,-3.21245088143879E-16));
#10199=DIRECTION('',(0.,3.21245088143883E-16,1.00000000000001));
#10200=DIRECTION('',(5.56412814347087E-16,1.,-3.21245088143865E-16));
#10201=DIRECTION('',(3.61400724161836E-14,0.,1.00000000000001));
#10202=DIRECTION('',(-1.,-2.7820640717355E-16,-5.35408480239724E-17));
#10203=DIRECTION('',(0.,0.,0.999999999999999));
#10204=DIRECTION('',(1.,1.11282562869415E-15,-1.49914374467134E-15));
#10205=DIRECTION('',(1.44560289664735E-15,3.61400724161838E-14,0.999999999999992));
#10206=DIRECTION('',(-1.,0.,0.));
#10207=DIRECTION('',(0.,0.,1.));
#10208=DIRECTION('',(0.,1.,0.));
#10209=DIRECTION('',(-3.25260651745651E-14,0.,1.));
#10210=DIRECTION('',(-1.,-3.57768463892807E-15,1.36969049154594E-14));
#10211=DIRECTION('',(-1.37332275181494E-14,1.59016318631204E-14,-1.));
#10212=DIRECTION('',(0.,0.,-0.999999999999988));
#10213=DIRECTION('',(1.,-5.78241158658899E-15,0.));
#10214=DIRECTION('',(-1.,0.,-2.14163392095902E-16));
#10215=DIRECTION('',(0.,0.,0.999999999999997));
#10216=DIRECTION('',(0.,1.,0.));
#10217=DIRECTION('',(0.,0.,1.00000000000001));
#10218=DIRECTION('',(0.,1.,0.));
#10219=DIRECTION('',(3.54172709678598E-14,0.,1.00000000000001));
#10220=DIRECTION('',(0.,-1.,0.));
#10221=DIRECTION('',(7.22801448323663E-14,0.,0.999999999999997));
#10222=DIRECTION('',(0.,1.,0.));
#10223=DIRECTION('',(0.,0.,1.));
#10224=DIRECTION('',(0.,1.,0.));
#10225=DIRECTION('',(0.,0.,1.00000000000001));
#10226=DIRECTION('',(5.56412814347103E-16,1.,1.07081696047942E-16));
#10227=DIRECTION('',(3.46944695195362E-14,0.,1.00000000000001));
#10228=DIRECTION('',(-4.45130251477661E-15,-1.,2.56996070515094E-15));
#10229=DIRECTION('',(7.08345419357193E-14,0.,1.));
#10230=DIRECTION('',(0.,1.,0.));
#10231=DIRECTION('',(0.,0.,1.));
#10232=DIRECTION('',(0.,1.,0.));
#10233=DIRECTION('',(0.,0.,1.00000000000001));
#10234=DIRECTION('',(5.56412814347087E-16,1.,-3.21245088143865E-16));
#10235=DIRECTION('',(3.61400724161836E-14,0.,1.00000000000001));
#10236=DIRECTION('',(2.2256512573883E-15,-1.,-1.28498035257547E-15));
#10237=DIRECTION('',(7.15573433840429E-14,0.,1.));
#10238=DIRECTION('',(0.,1.,0.));
#10239=DIRECTION('',(0.,0.,1.));
#10240=DIRECTION('',(0.,1.,-1.71330713676731E-15));
#10241=DIRECTION('',(0.,2.89120579329455E-15,1.00000000000001));
#10242=DIRECTION('',(0.,1.,0.));
#10243=DIRECTION('',(3.54172709678598E-14,0.,1.00000000000001));
#10244=DIRECTION('',(2.04439122224446E-15,1.,8.46814571050168E-16));
#10245=DIRECTION('',(-3.18032637262419E-14,0.,0.999999999999995));
#10246=DIRECTION('',(5.56412814347093E-16,1.,1.07081696047947E-16));
#10247=DIRECTION('',(0.,-1.07081696047945E-16,0.999999999999997));
#10248=DIRECTION('',(5.56412814347103E-16,1.,1.07081696047942E-16));
#10249=DIRECTION('',(3.46944695195362E-14,0.,1.00000000000001));
#10250=DIRECTION('',(-1.,-1.02219561112252E-15,1.69238274742432E-14));
#10251=DIRECTION('',(-1.73472347597677E-14,1.73472347597677E-14,-1.00000000000001));
#10252=DIRECTION('',(0.,0.,-1.00000000000001));
#10253=DIRECTION('',(1.,-5.78241158658897E-15,0.));
#10254=DIRECTION('',(1.,-2.22565125738838E-15,4.28326784191835E-16));
#10255=DIRECTION('',(0.,3.46944695195364E-14,0.99999999999999));
#10256=DIRECTION('',(-1.,1.1128256286942E-15,-2.14163392095912E-16));
#10257=DIRECTION('',(0.,0.,0.999999999999996));
#10258=DIRECTION('',(-1.,2.65560661392935E-15,0.));
#10259=DIRECTION('',(0.,0.,1.));
#10260=DIRECTION('',(1.,1.11282562869415E-15,-1.49914374467133E-15));
#10261=DIRECTION('',(1.44560289664735E-15,3.46944695195363E-14,1.00000000000001));
#10262=DIRECTION('',(-1.,0.,0.));
#10263=DIRECTION('',(0.,0.,1.));
#10264=DIRECTION('',(1.02219561112223E-15,1.,4.23407285525081E-16));
#10265=DIRECTION('',(-3.3248866622889E-14,0.,0.999999999999989));
#10266=DIRECTION('',(-1.,-1.02219561112252E-15,1.69238274742432E-14));
#10267=DIRECTION('',(-1.73472347597676E-14,1.73472347597676E-14,-0.999999999999999));
#10268=DIRECTION('',(0.,0.,-0.999999999999989));
#10269=DIRECTION('',(0.999999999999999,-5.782411586589E-15,0.));
#10270=DIRECTION('',(5.56412814347107E-16,1.,-3.21245088143879E-16));
#10271=DIRECTION('',(0.,3.21245088143883E-16,1.00000000000001));
#10272=DIRECTION('',(5.56412814347087E-16,1.,-3.21245088143865E-16));
#10273=DIRECTION('',(3.61400724161836E-14,0.,1.00000000000001));
#10274=DIRECTION('',(-1.,-2.7820640717355E-16,-5.35408480239724E-17));
#10275=DIRECTION('',(0.,0.,0.999999999999999));
#10276=DIRECTION('',(1.,1.11282562869415E-15,-1.49914374467134E-15));
#10277=DIRECTION('',(1.44560289664735E-15,3.61400724161838E-14,0.999999999999992));
#10278=DIRECTION('',(-1.,0.,0.));
#10279=DIRECTION('',(0.,0.,1.));
#10280=DIRECTION('',(0.,1.,0.));
#10281=DIRECTION('',(-3.25260651745651E-14,0.,1.));
#10282=DIRECTION('',(-1.,-3.57768463892807E-15,1.36969049154594E-14));
#10283=DIRECTION('',(-1.37332275181494E-14,1.59016318631204E-14,-1.));
#10284=DIRECTION('',(0.,0.,-0.999999999999988));
#10285=DIRECTION('',(1.,-5.78241158658899E-15,0.));
#10286=DIRECTION('',(-1.,0.,-2.14163392095902E-16));
#10287=DIRECTION('',(0.,0.,0.999999999999997));
#10288=DIRECTION('',(0.,1.,0.));
#10289=DIRECTION('',(0.,0.,1.00000000000001));
#10290=DIRECTION('',(0.,1.,0.));
#10291=DIRECTION('',(3.54172709678598E-14,0.,1.00000000000001));
#10292=DIRECTION('',(0.,-1.,0.));
#10293=DIRECTION('',(7.22801448323663E-14,0.,0.999999999999997));
#10294=DIRECTION('',(0.,1.,0.));
#10295=DIRECTION('',(0.,0.,1.));
#10296=DIRECTION('',(0.,1.,0.));
#10297=DIRECTION('',(0.,0.,1.00000000000001));
#10298=DIRECTION('',(5.56412814347103E-16,1.,1.07081696047942E-16));
#10299=DIRECTION('',(3.46944695195362E-14,0.,1.00000000000001));
#10300=DIRECTION('',(-4.45130251477661E-15,-1.,2.56996070515094E-15));
#10301=DIRECTION('',(7.08345419357193E-14,0.,1.));
#10302=DIRECTION('',(0.,1.,0.));
#10303=DIRECTION('',(0.,0.,1.));
#10304=DIRECTION('',(0.,1.,0.));
#10305=DIRECTION('',(0.,0.,1.00000000000001));
#10306=DIRECTION('',(5.56412814347087E-16,1.,-3.21245088143865E-16));
#10307=DIRECTION('',(3.61400724161836E-14,0.,1.00000000000001));
#10308=DIRECTION('',(2.2256512573883E-15,-1.,-1.28498035257547E-15));
#10309=DIRECTION('',(7.15573433840429E-14,0.,1.));
#10310=DIRECTION('',(0.,1.,0.));
#10311=DIRECTION('',(0.,0.,1.));
#10312=DIRECTION('',(0.,1.,-1.71330713676731E-15));
#10313=DIRECTION('',(0.,2.89120579329455E-15,1.00000000000001));
#10314=DIRECTION('',(0.,1.,0.));
#10315=DIRECTION('',(3.54172709678598E-14,0.,1.00000000000001));
#10316=DIRECTION('',(2.04439122224446E-15,1.,8.46814571050168E-16));
#10317=DIRECTION('',(-3.18032637262419E-14,0.,0.999999999999995));
#10318=DIRECTION('',(5.56412814347093E-16,1.,1.07081696047947E-16));
#10319=DIRECTION('',(0.,-1.07081696047945E-16,0.999999999999997));
#10320=DIRECTION('',(5.56412814347103E-16,1.,1.07081696047942E-16));
#10321=DIRECTION('',(3.46944695195362E-14,0.,1.00000000000001));
#10322=DIRECTION('',(-1.,-1.02219561112252E-15,1.69238274742432E-14));
#10323=DIRECTION('',(-1.73472347597677E-14,1.73472347597677E-14,-1.00000000000001));
#10324=DIRECTION('',(0.,0.,-1.00000000000001));
#10325=DIRECTION('',(1.,-5.78241158658897E-15,0.));
#10326=DIRECTION('',(1.,-2.22565125738838E-15,4.28326784191835E-16));
#10327=DIRECTION('',(0.,3.46944695195364E-14,0.99999999999999));
#10328=DIRECTION('',(-1.,1.1128256286942E-15,-2.14163392095912E-16));
#10329=DIRECTION('',(0.,0.,0.999999999999996));
#10330=DIRECTION('',(-1.,2.65560661392935E-15,0.));
#10331=DIRECTION('',(0.,0.,1.));
#10332=DIRECTION('',(1.,1.11282562869415E-15,-1.49914374467133E-15));
#10333=DIRECTION('',(1.44560289664735E-15,3.46944695195363E-14,1.00000000000001));
#10334=DIRECTION('',(-1.,0.,0.));
#10335=DIRECTION('',(0.,0.,1.));
#10336=DIRECTION('',(1.02219561112223E-15,1.,4.23407285525081E-16));
#10337=DIRECTION('',(-3.3248866622889E-14,0.,0.999999999999989));
#10338=DIRECTION('',(-1.,-1.02219561112252E-15,1.69238274742432E-14));
#10339=DIRECTION('',(-1.73472347597676E-14,1.73472347597676E-14,-0.999999999999999));
#10340=DIRECTION('',(0.,0.,-0.999999999999989));
#10341=DIRECTION('',(0.999999999999999,-5.782411586589E-15,0.));
#10342=DIRECTION('',(5.56412814347107E-16,1.,-3.21245088143879E-16));
#10343=DIRECTION('',(0.,3.21245088143883E-16,1.00000000000001));
#10344=DIRECTION('',(5.56412814347087E-16,1.,-3.21245088143865E-16));
#10345=DIRECTION('',(3.61400724161836E-14,0.,1.00000000000001));
#10346=DIRECTION('',(-1.,-2.7820640717355E-16,-5.35408480239724E-17));
#10347=DIRECTION('',(0.,0.,0.999999999999999));
#10348=DIRECTION('',(1.,1.11282562869415E-15,-1.49914374467134E-15));
#10349=DIRECTION('',(1.44560289664735E-15,3.61400724161838E-14,0.999999999999992));
#10350=DIRECTION('',(-1.,0.,0.));
#10351=DIRECTION('',(0.,0.,1.));
#10352=DIRECTION('',(0.,1.,0.));
#10353=DIRECTION('',(-3.25260651745651E-14,0.,1.));
#10354=DIRECTION('',(-1.,-3.57768463892807E-15,1.36969049154594E-14));
#10355=DIRECTION('',(-1.37332275181494E-14,1.59016318631204E-14,-1.));
#10356=DIRECTION('',(0.,0.,-1.00000000000001));
#10357=DIRECTION('',(1.,-5.78241158658899E-15,0.));
#10358=DIRECTION('',(-1.,0.,-2.14163392095902E-16));
#10359=DIRECTION('',(0.,0.,0.999999999999997));
#10360=DIRECTION('',(0.,1.,0.));
#10361=DIRECTION('',(0.,0.,1.00000000000001));
#10362=DIRECTION('',(0.,1.,0.));
#10363=DIRECTION('',(3.54172709678598E-14,0.,1.00000000000001));
#10364=DIRECTION('',(0.,-1.,0.));
#10365=DIRECTION('',(7.22801448323663E-14,0.,0.999999999999997));
#10366=DIRECTION('',(0.,1.,0.));
#10367=DIRECTION('',(0.,0.,1.));
#10368=DIRECTION('',(0.,1.,0.));
#10369=DIRECTION('',(0.,0.,1.00000000000001));
#10370=DIRECTION('',(5.56412814347103E-16,1.,1.07081696047942E-16));
#10371=DIRECTION('',(3.46944695195362E-14,0.,1.00000000000001));
#10372=DIRECTION('',(-4.45130251477661E-15,-1.,2.56996070515094E-15));
#10373=DIRECTION('',(7.08345419357193E-14,0.,1.));
#10374=DIRECTION('',(0.,1.,0.));
#10375=DIRECTION('',(0.,0.,1.));
#10376=DIRECTION('',(0.,1.,0.));
#10377=DIRECTION('',(0.,0.,1.00000000000001));
#10378=DIRECTION('',(5.56412814347087E-16,1.,-3.21245088143865E-16));
#10379=DIRECTION('',(3.61400724161836E-14,0.,1.00000000000001));
#10380=DIRECTION('',(2.2256512573883E-15,-1.,-1.28498035257547E-15));
#10381=DIRECTION('',(7.15573433840429E-14,0.,1.));
#10382=DIRECTION('',(0.,1.,0.));
#10383=DIRECTION('',(0.,0.,1.));
#10384=DIRECTION('',(0.,1.,-1.71330713676731E-15));
#10385=DIRECTION('',(0.,2.89120579329455E-15,1.00000000000001));
#10386=DIRECTION('',(0.,1.,0.));
#10387=DIRECTION('',(3.54172709678598E-14,0.,1.00000000000001));
#10388=DIRECTION('',(2.04439122224446E-15,1.,8.46814571050168E-16));
#10389=DIRECTION('',(-3.18032637262419E-14,0.,0.999999999999995));
#10390=DIRECTION('',(5.56412814347093E-16,1.,1.07081696047947E-16));
#10391=DIRECTION('',(0.,-1.07081696047945E-16,0.999999999999997));
#10392=DIRECTION('',(5.56412814347103E-16,1.,1.07081696047942E-16));
#10393=DIRECTION('',(3.46944695195362E-14,0.,1.00000000000001));
#10394=DIRECTION('',(-1.,-1.02219561112252E-15,1.69238274742432E-14));
#10395=DIRECTION('',(-1.73472347597677E-14,1.73472347597677E-14,-1.00000000000001));
#10396=DIRECTION('',(0.,0.,-1.00000000000001));
#10397=DIRECTION('',(1.,-5.78241158658897E-15,0.));
#10398=DIRECTION('',(1.,-2.22565125738838E-15,4.28326784191835E-16));
#10399=DIRECTION('',(0.,3.46944695195364E-14,0.99999999999999));
#10400=DIRECTION('',(-1.,1.1128256286942E-15,-2.14163392095912E-16));
#10401=DIRECTION('',(0.,0.,0.999999999999996));
#10402=DIRECTION('',(-1.,2.65560661392935E-15,0.));
#10403=DIRECTION('',(0.,0.,1.));
#10404=DIRECTION('',(1.,1.11282562869415E-15,-1.49914374467133E-15));
#10405=DIRECTION('',(1.44560289664735E-15,3.46944695195363E-14,1.00000000000001));
#10406=DIRECTION('',(-1.,0.,0.));
#10407=DIRECTION('',(0.,0.,1.));
#10408=DIRECTION('',(1.02219561112223E-15,1.,4.23407285525081E-16));
#10409=DIRECTION('',(-3.3248866622889E-14,0.,0.999999999999989));
#10410=DIRECTION('',(-1.,-1.02219561112252E-15,1.69238274742432E-14));
#10411=DIRECTION('',(-1.73472347597676E-14,1.73472347597676E-14,-0.999999999999999));
#10412=DIRECTION('',(0.,0.,-0.999999999999989));
#10413=DIRECTION('',(0.999999999999999,-5.782411586589E-15,0.));
#10414=DIRECTION('',(5.56412814347107E-16,1.,-3.21245088143879E-16));
#10415=DIRECTION('',(0.,3.21245088143883E-16,1.00000000000001));
#10416=DIRECTION('',(5.56412814347087E-16,1.,-3.21245088143865E-16));
#10417=DIRECTION('',(3.61400724161836E-14,0.,1.00000000000001));
#10418=DIRECTION('',(-1.,-2.7820640717355E-16,-5.35408480239724E-17));
#10419=DIRECTION('',(0.,0.,0.999999999999999));
#10420=DIRECTION('',(1.,1.11282562869415E-15,-1.49914374467134E-15));
#10421=DIRECTION('',(1.44560289664735E-15,3.61400724161838E-14,0.999999999999992));
#10422=DIRECTION('',(-1.,0.,0.));
#10423=DIRECTION('',(0.,0.,1.));
#10424=DIRECTION('',(0.,1.,0.));
#10425=DIRECTION('',(-3.25260651745651E-14,0.,1.));
#10426=DIRECTION('',(-1.,-3.57768463892807E-15,1.36969049154594E-14));
#10427=DIRECTION('',(-1.37332275181494E-14,1.59016318631204E-14,-1.));
#10428=DIRECTION('',(0.,0.,-1.00000000000001));
#10429=DIRECTION('',(1.,-5.78241158658899E-15,0.));
#10430=DIRECTION('',(-1.,0.,-2.14163392095902E-16));
#10431=DIRECTION('',(0.,0.,0.999999999999997));
#10432=DIRECTION('',(0.,1.,0.));
#10433=DIRECTION('',(0.,0.,1.00000000000001));
#10434=DIRECTION('',(0.,1.,0.));
#10435=DIRECTION('',(3.54172709678598E-14,0.,1.00000000000001));
#10436=DIRECTION('',(0.,-1.,0.));
#10437=DIRECTION('',(7.22801448323663E-14,0.,0.999999999999997));
#10438=DIRECTION('',(0.,1.,0.));
#10439=DIRECTION('',(0.,0.,1.));
#10440=DIRECTION('',(0.,1.,0.));
#10441=DIRECTION('',(0.,0.,1.00000000000001));
#10442=DIRECTION('',(5.56412814347103E-16,1.,1.07081696047942E-16));
#10443=DIRECTION('',(3.46944695195362E-14,0.,1.00000000000001));
#10444=DIRECTION('',(-4.45130251477661E-15,-1.,2.56996070515094E-15));
#10445=DIRECTION('',(7.08345419357193E-14,0.,1.));
#10446=DIRECTION('',(0.,1.,0.));
#10447=DIRECTION('',(0.,0.,1.));
#10448=DIRECTION('',(0.,1.,0.));
#10449=DIRECTION('',(0.,0.,1.00000000000001));
#10450=DIRECTION('',(5.56412814347087E-16,1.,-3.21245088143865E-16));
#10451=DIRECTION('',(3.61400724161836E-14,0.,1.00000000000001));
#10452=DIRECTION('',(2.2256512573883E-15,-1.,-1.28498035257547E-15));
#10453=DIRECTION('',(7.15573433840429E-14,0.,1.));
#10454=DIRECTION('',(0.,1.,0.));
#10455=DIRECTION('',(0.,0.,1.));
#10456=DIRECTION('',(0.,1.,-1.71330713676731E-15));
#10457=DIRECTION('',(0.,2.89120579329455E-15,1.00000000000001));
#10458=DIRECTION('',(0.,1.,0.));
#10459=DIRECTION('',(3.54172709678598E-14,0.,1.00000000000001));
#10460=DIRECTION('',(2.04439122224446E-15,1.,8.46814571050168E-16));
#10461=DIRECTION('',(-3.18032637262419E-14,0.,0.999999999999995));
#10462=DIRECTION('',(5.56412814347093E-16,1.,1.07081696047947E-16));
#10463=DIRECTION('',(0.,-1.07081696047945E-16,0.999999999999997));
#10464=DIRECTION('',(5.56412814347103E-16,1.,1.07081696047942E-16));
#10465=DIRECTION('',(3.46944695195362E-14,0.,1.00000000000001));
#10466=DIRECTION('',(-1.,-1.02219561112252E-15,1.69238274742432E-14));
#10467=DIRECTION('',(-1.73472347597677E-14,1.73472347597677E-14,-1.00000000000001));
#10468=DIRECTION('',(0.,0.,-1.00000000000001));
#10469=DIRECTION('',(1.,-5.78241158658897E-15,0.));
#10470=DIRECTION('',(1.,-2.22565125738838E-15,4.28326784191835E-16));
#10471=DIRECTION('',(0.,3.46944695195364E-14,0.99999999999999));
#10472=DIRECTION('',(-1.,1.1128256286942E-15,-2.14163392095912E-16));
#10473=DIRECTION('',(0.,0.,0.999999999999996));
#10474=DIRECTION('',(-1.,2.65560661392935E-15,0.));
#10475=DIRECTION('',(0.,0.,1.));
#10476=DIRECTION('',(1.,1.11282562869415E-15,-1.49914374467133E-15));
#10477=DIRECTION('',(1.44560289664735E-15,3.46944695195363E-14,1.00000000000001));
#10478=DIRECTION('',(-1.,0.,0.));
#10479=DIRECTION('',(0.,0.,1.));
#10480=DIRECTION('',(1.02219561112223E-15,1.,4.23407285525081E-16));
#10481=DIRECTION('',(-3.3248866622889E-14,0.,0.999999999999989));
#10482=DIRECTION('',(-1.,-1.02219561112252E-15,1.69238274742432E-14));
#10483=DIRECTION('',(-1.73472347597676E-14,1.73472347597676E-14,-0.999999999999999));
#10484=DIRECTION('',(0.,0.,-0.999999999999989));
#10485=DIRECTION('',(0.999999999999999,-5.782411586589E-15,0.));
#10486=DIRECTION('',(5.56412814347107E-16,1.,-3.21245088143879E-16));
#10487=DIRECTION('',(0.,3.21245088143883E-16,1.00000000000001));
#10488=DIRECTION('',(5.56412814347087E-16,1.,-3.21245088143865E-16));
#10489=DIRECTION('',(3.61400724161836E-14,0.,1.00000000000001));
#10490=DIRECTION('',(-1.,-2.7820640717355E-16,-5.35408480239724E-17));
#10491=DIRECTION('',(0.,0.,0.999999999999999));
#10492=DIRECTION('',(1.,1.11282562869415E-15,-1.49914374467134E-15));
#10493=DIRECTION('',(1.44560289664735E-15,3.61400724161838E-14,0.999999999999992));
#10494=DIRECTION('',(-1.,0.,0.));
#10495=DIRECTION('',(0.,0.,1.));
#10496=DIRECTION('',(0.,1.,0.));
#10497=DIRECTION('',(-3.25260651745651E-14,0.,1.));
#10498=DIRECTION('',(-1.,-3.57768463892807E-15,1.36969049154594E-14));
#10499=DIRECTION('',(-1.37332275181494E-14,1.59016318631204E-14,-1.));
#10500=DIRECTION('',(0.,0.,-1.00000000000001));
#10501=DIRECTION('',(1.,-5.78241158658899E-15,0.));
#10502=DIRECTION('',(-1.,0.,-2.14163392095902E-16));
#10503=DIRECTION('',(0.,0.,0.999999999999997));
#10504=DIRECTION('',(0.,1.,0.));
#10505=DIRECTION('',(0.,0.,1.00000000000001));
#10506=DIRECTION('',(0.,1.,0.));
#10507=DIRECTION('',(3.54172709678598E-14,0.,1.00000000000001));
#10508=DIRECTION('',(0.,-1.,0.));
#10509=DIRECTION('',(7.22801448323663E-14,0.,0.999999999999997));
#10510=DIRECTION('',(0.,1.,0.));
#10511=DIRECTION('',(0.,0.,1.));
#10512=DIRECTION('',(0.,1.,0.));
#10513=DIRECTION('',(0.,0.,1.00000000000001));
#10514=DIRECTION('',(5.56412814347103E-16,1.,1.07081696047942E-16));
#10515=DIRECTION('',(3.46944695195362E-14,0.,1.00000000000001));
#10516=DIRECTION('',(-4.45130251477661E-15,-1.,2.56996070515094E-15));
#10517=DIRECTION('',(7.08345419357193E-14,0.,1.));
#10518=DIRECTION('',(0.,1.,0.));
#10519=DIRECTION('',(0.,0.,1.));
#10520=DIRECTION('',(0.,1.,0.));
#10521=DIRECTION('',(0.,0.,1.00000000000001));
#10522=DIRECTION('',(5.56412814347087E-16,1.,-3.21245088143865E-16));
#10523=DIRECTION('',(3.61400724161836E-14,0.,1.00000000000001));
#10524=DIRECTION('',(2.2256512573883E-15,-1.,-1.28498035257547E-15));
#10525=DIRECTION('',(7.15573433840429E-14,0.,1.));
#10526=DIRECTION('',(0.,1.,0.));
#10527=DIRECTION('',(0.,0.,1.));
#10528=DIRECTION('',(0.,1.,-1.71330713676731E-15));
#10529=DIRECTION('',(0.,2.89120579329455E-15,1.00000000000001));
#10530=DIRECTION('',(0.,1.,0.));
#10531=DIRECTION('',(3.54172709678598E-14,0.,1.00000000000001));
#10532=DIRECTION('',(2.04439122224446E-15,1.,8.46814571050168E-16));
#10533=DIRECTION('',(-3.18032637262419E-14,0.,0.999999999999995));
#10534=DIRECTION('',(5.56412814347093E-16,1.,1.07081696047947E-16));
#10535=DIRECTION('',(0.,-1.07081696047945E-16,0.999999999999997));
#10536=DIRECTION('',(5.56412814347103E-16,1.,1.07081696047942E-16));
#10537=DIRECTION('',(3.46944695195362E-14,0.,1.00000000000001));
#10538=DIRECTION('',(-1.,-1.02219561112252E-15,1.69238274742432E-14));
#10539=DIRECTION('',(-1.73472347597677E-14,1.73472347597677E-14,-1.00000000000001));
#10540=DIRECTION('',(0.,0.,-1.00000000000001));
#10541=DIRECTION('',(1.,-5.78241158658897E-15,0.));
#10542=DIRECTION('',(1.,-2.22565125738838E-15,4.28326784191835E-16));
#10543=DIRECTION('',(0.,3.46944695195364E-14,0.99999999999999));
#10544=DIRECTION('',(-1.,1.1128256286942E-15,-2.14163392095912E-16));
#10545=DIRECTION('',(0.,0.,0.999999999999996));
#10546=DIRECTION('',(-1.,2.65560661392935E-15,0.));
#10547=DIRECTION('',(0.,0.,1.));
#10548=DIRECTION('',(1.,1.11282562869415E-15,-1.49914374467133E-15));
#10549=DIRECTION('',(1.44560289664735E-15,3.46944695195363E-14,1.00000000000001));
#10550=DIRECTION('',(-1.,0.,0.));
#10551=DIRECTION('',(0.,0.,1.));
#10552=DIRECTION('',(1.02219561112223E-15,1.,4.23407285525081E-16));
#10553=DIRECTION('',(-3.3248866622889E-14,0.,0.999999999999989));
#10554=DIRECTION('',(-1.,-1.02219561112252E-15,1.69238274742432E-14));
#10555=DIRECTION('',(-1.73472347597676E-14,1.73472347597676E-14,-0.999999999999999));
#10556=DIRECTION('',(0.,0.,-0.999999999999989));
#10557=DIRECTION('',(0.999999999999999,-5.782411586589E-15,0.));
#10558=DIRECTION('',(5.56412814347107E-16,1.,-3.21245088143879E-16));
#10559=DIRECTION('',(0.,3.21245088143883E-16,1.00000000000001));
#10560=DIRECTION('',(5.56412814347087E-16,1.,-3.21245088143865E-16));
#10561=DIRECTION('',(3.61400724161836E-14,0.,1.00000000000001));
#10562=DIRECTION('',(-1.,-2.7820640717355E-16,-5.35408480239724E-17));
#10563=DIRECTION('',(0.,0.,0.999999999999999));
#10564=DIRECTION('',(1.,1.11282562869415E-15,-1.49914374467134E-15));
#10565=DIRECTION('',(1.44560289664735E-15,3.61400724161838E-14,0.999999999999992));
#10566=DIRECTION('',(-1.,0.,0.));
#10567=DIRECTION('',(0.,0.,1.));
#10568=DIRECTION('',(0.,1.,0.));
#10569=DIRECTION('',(-3.25260651745651E-14,0.,1.));
#10570=DIRECTION('',(-1.,-3.57768463892807E-15,1.36969049154594E-14));
#10571=DIRECTION('',(-1.37332275181494E-14,1.59016318631204E-14,-1.));
#10572=DIRECTION('',(0.,0.,-1.00000000000001));
#10573=DIRECTION('',(1.,-5.78241158658899E-15,0.));
#10574=DIRECTION('',(-1.,0.,-2.14163392095902E-16));
#10575=DIRECTION('',(0.,0.,0.999999999999997));
#10576=DIRECTION('',(0.,1.,0.));
#10577=DIRECTION('',(0.,0.,1.00000000000001));
#10578=DIRECTION('',(0.,1.,0.));
#10579=DIRECTION('',(3.54172709678598E-14,0.,1.00000000000001));
#10580=DIRECTION('',(0.,-1.,0.));
#10581=DIRECTION('',(7.22801448323663E-14,0.,1.00000000000002));
#10582=DIRECTION('',(0.,1.,0.));
#10583=DIRECTION('',(0.,0.,1.));
#10584=DIRECTION('',(0.,1.,0.));
#10585=DIRECTION('',(0.,0.,0.999999999999988));
#10586=DIRECTION('',(5.56412814347103E-16,1.,1.07081696047942E-16));
#10587=DIRECTION('',(3.46944695195362E-14,0.,0.999999999999985));
#10588=DIRECTION('',(-4.45130251477661E-15,-1.,2.56996070515094E-15));
#10589=DIRECTION('',(7.08345419357193E-14,0.,0.999999999999978));
#10590=DIRECTION('',(0.,1.,0.));
#10591=DIRECTION('',(0.,0.,1.));
#10592=DIRECTION('',(0.,1.,0.));
#10593=DIRECTION('',(0.,0.,0.999999999999988));
#10594=DIRECTION('',(5.56412814347087E-16,1.,-3.21245088143865E-16));
#10595=DIRECTION('',(3.61400724161836E-14,0.,0.999999999999985));
#10596=DIRECTION('',(2.2256512573883E-15,-1.,-1.28498035257547E-15));
#10597=DIRECTION('',(7.15573433840429E-14,0.,0.999999999999977));
#10598=DIRECTION('',(0.,1.,0.));
#10599=DIRECTION('',(0.,0.,1.));
#10600=DIRECTION('',(0.,1.,-1.71330713676731E-15));
#10601=DIRECTION('',(0.,2.89120579329455E-15,0.999999999999986));
#10602=DIRECTION('',(0.,1.,0.));
#10603=DIRECTION('',(3.54172709678598E-14,0.,0.999999999999983));
#10604=DIRECTION('',(2.04439122224446E-15,1.,8.46814571050168E-16));
#10605=DIRECTION('',(-3.18032637262419E-14,0.,0.999999999999995));
#10606=DIRECTION('',(5.56412814347093E-16,1.,1.07081696047947E-16));
#10607=DIRECTION('',(0.,-1.07081696047945E-16,1.00000000000002));
#10608=DIRECTION('',(5.56412814347103E-16,1.,1.07081696047942E-16));
#10609=DIRECTION('',(3.46944695195362E-14,0.,0.999999999999985));
#10610=DIRECTION('',(-1.,-1.02219561112252E-15,1.69238274742432E-14));
#10611=DIRECTION('',(-1.73472347597677E-14,1.73472347597677E-14,-1.00000000000001));
#10612=DIRECTION('',(0.,0.,-1.00000000000001));
#10613=DIRECTION('',(1.,-5.78241158658897E-15,0.));
#10614=DIRECTION('',(1.,-2.22565125738838E-15,4.28326784191835E-16));
#10615=DIRECTION('',(0.,3.46944695195364E-14,0.99999999999999));
#10616=DIRECTION('',(-1.,1.1128256286942E-15,-2.14163392095912E-16));
#10617=DIRECTION('',(0.,0.,0.999999999999996));
#10618=DIRECTION('',(-1.,2.65560661392935E-15,0.));
#10619=DIRECTION('',(0.,0.,1.));
#10620=DIRECTION('',(1.,1.11282562869415E-15,-1.49914374467133E-15));
#10621=DIRECTION('',(1.44560289664735E-15,3.46944695195363E-14,0.999999999999987));
#10622=DIRECTION('',(-1.,0.,0.));
#10623=DIRECTION('',(0.,0.,1.));
#10624=DIRECTION('',(1.02219561112223E-15,1.,4.23407285525081E-16));
#10625=DIRECTION('',(-3.3248866622889E-14,0.,0.999999999999989));
#10626=DIRECTION('',(-1.,-1.02219561112252E-15,1.69238274742432E-14));
#10627=DIRECTION('',(-1.73472347597676E-14,1.73472347597676E-14,-0.999999999999999));
#10628=DIRECTION('',(0.,0.,-0.999999999999989));
#10629=DIRECTION('',(0.999999999999999,-5.782411586589E-15,0.));
#10630=DIRECTION('',(5.56412814347107E-16,1.,-3.21245088143879E-16));
#10631=DIRECTION('',(0.,3.21245088143883E-16,0.999999999999988));
#10632=DIRECTION('',(5.56412814347087E-16,1.,-3.21245088143865E-16));
#10633=DIRECTION('',(3.61400724161836E-14,0.,0.999999999999985));
#10634=DIRECTION('',(-1.,-2.7820640717355E-16,-5.35408480239724E-17));
#10635=DIRECTION('',(0.,0.,0.999999999999999));
#10636=DIRECTION('',(1.,1.11282562869415E-15,-1.49914374467134E-15));
#10637=DIRECTION('',(1.44560289664735E-15,3.61400724161838E-14,0.999999999999992));
#10638=DIRECTION('',(-1.,0.,0.));
#10639=DIRECTION('',(0.,0.,1.));
#10640=DIRECTION('',(0.,1.,0.));
#10641=DIRECTION('',(-3.25260651745651E-14,0.,0.999999999999981));
#10642=DIRECTION('',(-1.,-3.57768463892807E-15,1.36969049154594E-14));
#10643=DIRECTION('',(-1.37332275181494E-14,1.59016318631204E-14,-1.));
#10644=DIRECTION('',(0.,0.,-1.00000000000001));
#10645=DIRECTION('',(1.,-5.78241158658899E-15,0.));
#10646=DIRECTION('',(-1.,0.,-2.14163392095902E-16));
#10647=DIRECTION('',(0.,0.,0.999999999999997));
#10648=DIRECTION('',(0.,1.,0.));
#10649=DIRECTION('',(0.,0.,0.999999999999986));
#10650=DIRECTION('',(0.,1.,0.));
#10651=DIRECTION('',(3.54172709678598E-14,0.,0.999999999999983));
#10652=DIRECTION('',(0.,-1.,0.));
#10653=DIRECTION('',(7.22801448323663E-14,0.,1.00000000000002));
#10654=DIRECTION('',(0.,1.,0.));
#10655=DIRECTION('',(0.,0.,1.));
#10656=DIRECTION('',(0.,1.,0.));
#10657=DIRECTION('',(0.,0.,0.999999999999988));
#10658=DIRECTION('',(5.56412814347103E-16,1.,1.07081696047942E-16));
#10659=DIRECTION('',(3.46944695195362E-14,0.,0.999999999999985));
#10660=DIRECTION('',(-4.45130251477661E-15,-1.,2.56996070515094E-15));
#10661=DIRECTION('',(7.08345419357193E-14,0.,0.999999999999978));
#10662=DIRECTION('',(0.,1.,0.));
#10663=DIRECTION('',(0.,0.,1.));
#10664=DIRECTION('',(0.,1.,0.));
#10665=DIRECTION('',(0.,0.,0.999999999999988));
#10666=DIRECTION('',(5.56412814347087E-16,1.,-3.21245088143865E-16));
#10667=DIRECTION('',(3.61400724161836E-14,0.,0.999999999999985));
#10668=DIRECTION('',(2.2256512573883E-15,-1.,-1.28498035257547E-15));
#10669=DIRECTION('',(7.15573433840429E-14,0.,0.999999999999977));
#10670=DIRECTION('',(0.,1.,0.));
#10671=DIRECTION('',(0.,0.,1.));
#10672=DIRECTION('',(0.,1.,-1.71330713676731E-15));
#10673=DIRECTION('',(0.,2.89120579329455E-15,0.999999999999986));
#10674=DIRECTION('',(0.,1.,0.));
#10675=DIRECTION('',(3.54172709678598E-14,0.,0.999999999999983));
#10676=DIRECTION('',(2.04439122224446E-15,1.,8.46814571050168E-16));
#10677=DIRECTION('',(-3.18032637262419E-14,0.,0.999999999999995));
#10678=DIRECTION('',(5.56412814347093E-16,1.,1.07081696047947E-16));
#10679=DIRECTION('',(0.,-1.07081696047945E-16,1.00000000000002));
#10680=DIRECTION('',(5.56412814347103E-16,1.,1.07081696047942E-16));
#10681=DIRECTION('',(3.46944695195362E-14,0.,0.999999999999985));
#10682=DIRECTION('',(-1.,-1.02219561112252E-15,1.69238274742432E-14));
#10683=DIRECTION('',(-1.73472347597677E-14,1.73472347597677E-14,-1.00000000000001));
#10684=DIRECTION('',(0.,0.,-1.00000000000001));
#10685=DIRECTION('',(1.,-5.78241158658897E-15,0.));
#10686=DIRECTION('',(1.,-2.22565125738838E-15,4.28326784191835E-16));
#10687=DIRECTION('',(0.,3.46944695195364E-14,0.99999999999999));
#10688=DIRECTION('',(-1.,1.1128256286942E-15,-2.14163392095912E-16));
#10689=DIRECTION('',(0.,0.,0.999999999999996));
#10690=DIRECTION('',(-1.,2.65560661392935E-15,0.));
#10691=DIRECTION('',(0.,0.,1.));
#10692=DIRECTION('',(1.,1.11282562869415E-15,-1.49914374467133E-15));
#10693=DIRECTION('',(1.44560289664735E-15,3.46944695195363E-14,0.999999999999987));
#10694=DIRECTION('',(-1.,0.,0.));
#10695=DIRECTION('',(0.,0.,1.));
#10696=DIRECTION('',(1.02219561112223E-15,1.,4.23407285525081E-16));
#10697=DIRECTION('',(-3.3248866622889E-14,0.,0.999999999999989));
#10698=DIRECTION('',(-1.,-1.02219561112252E-15,1.69238274742432E-14));
#10699=DIRECTION('',(-1.73472347597676E-14,1.73472347597676E-14,-0.999999999999999));
#10700=DIRECTION('',(0.,0.,-1.00000000000001));
#10701=DIRECTION('',(0.999999999999999,-5.782411586589E-15,0.));
#10702=DIRECTION('',(5.56412814347107E-16,1.,-3.21245088143879E-16));
#10703=DIRECTION('',(0.,3.21245088143883E-16,0.999999999999988));
#10704=DIRECTION('',(5.56412814347087E-16,1.,-3.21245088143865E-16));
#10705=DIRECTION('',(3.61400724161836E-14,0.,0.999999999999985));
#10706=DIRECTION('',(-1.,-2.7820640717355E-16,-5.35408480239724E-17));
#10707=DIRECTION('',(0.,0.,0.999999999999999));
#10708=DIRECTION('',(1.,1.11282562869415E-15,-1.49914374467134E-15));
#10709=DIRECTION('',(1.44560289664735E-15,3.61400724161838E-14,0.999999999999992));
#10710=DIRECTION('',(-1.,0.,0.));
#10711=DIRECTION('',(0.,0.,1.));
#10712=DIRECTION('',(0.,1.,0.));
#10713=DIRECTION('',(-3.25260651745651E-14,0.,0.999999999999981));
#10714=DIRECTION('',(-1.,-3.57768463892807E-15,1.36969049154594E-14));
#10715=DIRECTION('',(-1.37332275181494E-14,1.59016318631204E-14,-1.));
#10716=DIRECTION('',(0.,0.,-1.00000000000001));
#10717=DIRECTION('',(1.,-5.78241158658899E-15,0.));
#10718=DIRECTION('',(-1.,0.,-2.14163392095902E-16));
#10719=DIRECTION('',(0.,0.,0.999999999999997));
#10720=DIRECTION('',(0.,1.,0.));
#10721=DIRECTION('',(0.,0.,0.999999999999986));
#10722=DIRECTION('',(0.,1.,0.));
#10723=DIRECTION('',(3.54172709678598E-14,0.,0.999999999999983));
#10724=DIRECTION('',(0.,-1.,0.));
#10725=DIRECTION('',(7.22801448323663E-14,0.,1.00000000000002));
#10726=DIRECTION('',(0.,1.,0.));
#10727=DIRECTION('',(0.,0.,1.));
#10728=DIRECTION('',(0.,1.,0.));
#10729=DIRECTION('',(0.,0.,0.999999999999988));
#10730=DIRECTION('',(5.56412814347103E-16,1.,1.07081696047942E-16));
#10731=DIRECTION('',(3.46944695195362E-14,0.,0.999999999999985));
#10732=DIRECTION('',(-4.45130251477661E-15,-1.,2.56996070515094E-15));
#10733=DIRECTION('',(7.08345419357193E-14,0.,0.999999999999978));
#10734=DIRECTION('',(0.,1.,0.));
#10735=DIRECTION('',(0.,0.,1.));
#10736=DIRECTION('',(0.,1.,0.));
#10737=DIRECTION('',(0.,0.,0.999999999999988));
#10738=DIRECTION('',(5.56412814347087E-16,1.,-3.21245088143865E-16));
#10739=DIRECTION('',(3.61400724161836E-14,0.,0.999999999999985));
#10740=DIRECTION('',(2.2256512573883E-15,-1.,-1.28498035257547E-15));
#10741=DIRECTION('',(7.15573433840429E-14,0.,0.999999999999977));
#10742=DIRECTION('',(0.,1.,0.));
#10743=DIRECTION('',(0.,0.,1.));
#10744=DIRECTION('',(0.,1.,-1.71330713676731E-15));
#10745=DIRECTION('',(0.,2.89120579329455E-15,0.999999999999986));
#10746=DIRECTION('',(0.,1.,0.));
#10747=DIRECTION('',(3.54172709678598E-14,0.,0.999999999999983));
#10748=DIRECTION('',(2.04439122224446E-15,1.,8.46814571050168E-16));
#10749=DIRECTION('',(-3.18032637262419E-14,0.,0.999999999999995));
#10750=DIRECTION('',(5.56412814347093E-16,1.,1.07081696047947E-16));
#10751=DIRECTION('',(0.,-1.07081696047945E-16,1.00000000000002));
#10752=DIRECTION('',(5.56412814347103E-16,1.,1.07081696047942E-16));
#10753=DIRECTION('',(3.46944695195362E-14,0.,0.999999999999985));
#10754=DIRECTION('',(-1.,-1.02219561112252E-15,1.69238274742432E-14));
#10755=DIRECTION('',(-1.73472347597677E-14,1.73472347597677E-14,-1.00000000000001));
#10756=DIRECTION('',(0.,0.,-1.00000000000001));
#10757=DIRECTION('',(1.,-5.78241158658897E-15,0.));
#10758=DIRECTION('',(1.,-2.22565125738838E-15,4.28326784191835E-16));
#10759=DIRECTION('',(0.,3.46944695195364E-14,0.99999999999999));
#10760=DIRECTION('',(-1.,1.1128256286942E-15,-2.14163392095912E-16));
#10761=DIRECTION('',(0.,0.,0.999999999999996));
#10762=DIRECTION('',(-1.,2.65560661392935E-15,0.));
#10763=DIRECTION('',(0.,0.,1.));
#10764=DIRECTION('',(1.,1.11282562869415E-15,-1.49914374467133E-15));
#10765=DIRECTION('',(1.44560289664735E-15,3.46944695195363E-14,0.999999999999987));
#10766=DIRECTION('',(-1.,0.,0.));
#10767=DIRECTION('',(0.,0.,1.));
#10768=DIRECTION('',(1.02219561112223E-15,1.,4.23407285525081E-16));
#10769=DIRECTION('',(-3.3248866622889E-14,0.,0.999999999999989));
#10770=DIRECTION('',(-1.,-1.02219561112252E-15,1.69238274742432E-14));
#10771=DIRECTION('',(-1.73472347597676E-14,1.73472347597676E-14,-0.999999999999999));
#10772=DIRECTION('',(0.,0.,-1.00000000000001));
#10773=DIRECTION('',(0.999999999999999,-5.782411586589E-15,0.));
#10774=DIRECTION('',(5.56412814347107E-16,1.,-3.21245088143879E-16));
#10775=DIRECTION('',(0.,3.21245088143883E-16,0.999999999999988));
#10776=DIRECTION('',(5.56412814347087E-16,1.,-3.21245088143865E-16));
#10777=DIRECTION('',(3.61400724161836E-14,0.,0.999999999999985));
#10778=DIRECTION('',(-1.,-2.7820640717355E-16,-5.35408480239724E-17));
#10779=DIRECTION('',(0.,0.,0.999999999999999));
#10780=DIRECTION('',(1.,1.11282562869415E-15,-1.49914374467134E-15));
#10781=DIRECTION('',(1.44560289664735E-15,3.61400724161838E-14,0.999999999999992));
#10782=DIRECTION('',(-1.,0.,0.));
#10783=DIRECTION('',(0.,0.,1.));
#10784=DIRECTION('',(0.,1.,0.));
#10785=DIRECTION('',(-3.25260651745651E-14,0.,0.999999999999981));
#10786=DIRECTION('',(-1.,-3.57768463892807E-15,1.36969049154594E-14));
#10787=DIRECTION('',(-1.37332275181494E-14,1.59016318631204E-14,-1.));
#10788=DIRECTION('',(0.,0.,-1.00000000000001));
#10789=DIRECTION('',(1.,-5.78241158658899E-15,0.));
#10790=DIRECTION('',(-1.,0.,-2.14163392095902E-16));
#10791=DIRECTION('',(0.,0.,0.999999999999997));
#10792=DIRECTION('',(0.,1.,0.));
#10793=DIRECTION('',(0.,0.,0.999999999999986));
#10794=DIRECTION('',(0.,1.,0.));
#10795=DIRECTION('',(3.54172709678598E-14,0.,0.999999999999983));
#10796=DIRECTION('',(0.,-1.,0.));
#10797=DIRECTION('',(7.22801448323663E-14,0.,1.00000000000002));
#10798=DIRECTION('',(0.,1.,0.));
#10799=DIRECTION('',(0.,0.,1.));
#10800=DIRECTION('',(0.,1.,0.));
#10801=DIRECTION('',(0.,0.,0.999999999999988));
#10802=DIRECTION('',(5.56412814347103E-16,1.,1.07081696047942E-16));
#10803=DIRECTION('',(3.46944695195362E-14,0.,0.999999999999985));
#10804=DIRECTION('',(-4.45130251477661E-15,-1.,2.56996070515094E-15));
#10805=DIRECTION('',(7.08345419357193E-14,0.,0.999999999999978));
#10806=DIRECTION('',(0.,1.,0.));
#10807=DIRECTION('',(0.,0.,1.));
#10808=DIRECTION('',(0.,1.,0.));
#10809=DIRECTION('',(0.,0.,0.999999999999988));
#10810=DIRECTION('',(5.56412814347087E-16,1.,-3.21245088143865E-16));
#10811=DIRECTION('',(3.61400724161836E-14,0.,0.999999999999985));
#10812=DIRECTION('',(2.2256512573883E-15,-1.,-1.28498035257547E-15));
#10813=DIRECTION('',(7.15573433840429E-14,0.,0.999999999999977));
#10814=DIRECTION('',(0.,1.,0.));
#10815=DIRECTION('',(0.,0.,1.));
#10816=DIRECTION('',(0.,1.,-1.71330713676731E-15));
#10817=DIRECTION('',(0.,2.89120579329455E-15,0.999999999999986));
#10818=DIRECTION('',(0.,1.,0.));
#10819=DIRECTION('',(3.54172709678598E-14,0.,0.999999999999983));
#10820=DIRECTION('',(2.04439122224446E-15,1.,8.46814571050168E-16));
#10821=DIRECTION('',(-3.18032637262419E-14,0.,0.999999999999995));
#10822=DIRECTION('',(5.56412814347093E-16,1.,1.07081696047947E-16));
#10823=DIRECTION('',(0.,-1.07081696047945E-16,1.00000000000002));
#10824=DIRECTION('',(5.56412814347103E-16,1.,1.07081696047942E-16));
#10825=DIRECTION('',(3.46944695195362E-14,0.,0.999999999999985));
#10826=DIRECTION('',(-1.,-1.02219561112252E-15,1.69238274742432E-14));
#10827=DIRECTION('',(-1.73472347597677E-14,1.73472347597677E-14,-1.00000000000001));
#10828=DIRECTION('',(0.,0.,-1.00000000000001));
#10829=DIRECTION('',(1.,-5.78241158658897E-15,0.));
#10830=DIRECTION('',(1.,-2.22565125738838E-15,4.28326784191835E-16));
#10831=DIRECTION('',(0.,3.46944695195364E-14,0.99999999999999));
#10832=DIRECTION('',(-1.,1.1128256286942E-15,-2.14163392095912E-16));
#10833=DIRECTION('',(0.,0.,0.999999999999996));
#10834=DIRECTION('',(-1.,2.65560661392935E-15,0.));
#10835=DIRECTION('',(0.,0.,1.));
#10836=DIRECTION('',(1.,1.11282562869415E-15,-1.49914374467133E-15));
#10837=DIRECTION('',(1.44560289664735E-15,3.46944695195363E-14,0.999999999999987));
#10838=DIRECTION('',(-1.,0.,0.));
#10839=DIRECTION('',(0.,0.,1.));
#10840=DIRECTION('',(1.02219561112223E-15,1.,4.23407285525081E-16));
#10841=DIRECTION('',(-3.3248866622889E-14,0.,0.999999999999989));
#10842=DIRECTION('',(-1.,-1.02219561112252E-15,1.69238274742432E-14));
#10843=DIRECTION('',(-1.73472347597676E-14,1.73472347597676E-14,-0.999999999999999));
#10844=DIRECTION('',(0.,0.,-1.00000000000001));
#10845=DIRECTION('',(0.999999999999999,-5.782411586589E-15,0.));
#10846=DIRECTION('',(5.56412814347107E-16,1.,-3.21245088143879E-16));
#10847=DIRECTION('',(0.,3.21245088143883E-16,0.999999999999988));
#10848=DIRECTION('',(5.56412814347087E-16,1.,-3.21245088143865E-16));
#10849=DIRECTION('',(3.61400724161836E-14,0.,0.999999999999985));
#10850=DIRECTION('',(-1.,-2.7820640717355E-16,-5.35408480239724E-17));
#10851=DIRECTION('',(0.,0.,0.999999999999999));
#10852=DIRECTION('',(1.,1.11282562869415E-15,-1.49914374467134E-15));
#10853=DIRECTION('',(1.44560289664735E-15,3.61400724161838E-14,0.999999999999992));
#10854=DIRECTION('',(-1.,0.,0.));
#10855=DIRECTION('',(0.,0.,1.));
#10856=DIRECTION('',(0.,1.,0.));
#10857=DIRECTION('',(-3.25260651745651E-14,0.,0.999999999999981));
#10858=DIRECTION('',(-1.,-3.57768463892807E-15,1.36969049154594E-14));
#10859=DIRECTION('',(-1.37332275181494E-14,1.59016318631204E-14,-1.));
#10860=DIRECTION('',(0.,0.,-1.00000000000001));
#10861=DIRECTION('',(1.,-5.78241158658899E-15,0.));
#10862=DIRECTION('',(-1.,0.,-2.14163392095902E-16));
#10863=DIRECTION('',(0.,0.,0.999999999999997));
#10864=DIRECTION('',(0.,1.,0.));
#10865=DIRECTION('',(0.,0.,0.999999999999986));
#10866=DIRECTION('',(0.,1.,0.));
#10867=DIRECTION('',(3.54172709678598E-14,0.,0.999999999999983));
#10868=DIRECTION('',(0.,-1.,0.));
#10869=DIRECTION('',(7.22801448323663E-14,0.,1.00000000000002));
#10870=DIRECTION('',(0.,1.,0.));
#10871=DIRECTION('',(0.,0.,1.));
#10872=DIRECTION('',(0.,1.,0.));
#10873=DIRECTION('',(0.,0.,0.999999999999988));
#10874=DIRECTION('',(5.56412814347103E-16,1.,1.07081696047942E-16));
#10875=DIRECTION('',(3.46944695195362E-14,0.,0.999999999999985));
#10876=DIRECTION('',(-4.45130251477661E-15,-1.,2.56996070515094E-15));
#10877=DIRECTION('',(7.08345419357193E-14,0.,0.999999999999978));
#10878=DIRECTION('',(0.,1.,0.));
#10879=DIRECTION('',(0.,0.,1.));
#10880=DIRECTION('',(0.,1.,0.));
#10881=DIRECTION('',(0.,0.,0.999999999999988));
#10882=DIRECTION('',(5.56412814347087E-16,1.,-3.21245088143865E-16));
#10883=DIRECTION('',(3.61400724161836E-14,0.,0.999999999999985));
#10884=DIRECTION('',(2.2256512573883E-15,-1.,-1.28498035257547E-15));
#10885=DIRECTION('',(7.15573433840429E-14,0.,0.999999999999977));
#10886=DIRECTION('',(0.,1.,0.));
#10887=DIRECTION('',(0.,0.,1.));
#10888=DIRECTION('',(0.,1.,-1.71330713676731E-15));
#10889=DIRECTION('',(0.,2.89120579329455E-15,0.999999999999986));
#10890=DIRECTION('',(0.,1.,0.));
#10891=DIRECTION('',(3.54172709678598E-14,0.,0.999999999999983));
#10892=DIRECTION('',(2.04439122224446E-15,1.,8.46814571050168E-16));
#10893=DIRECTION('',(-3.18032637262419E-14,0.,0.999999999999995));
#10894=DIRECTION('',(5.56412814347093E-16,1.,1.07081696047947E-16));
#10895=DIRECTION('',(0.,-1.07081696047945E-16,1.00000000000002));
#10896=DIRECTION('',(5.56412814347103E-16,1.,1.07081696047942E-16));
#10897=DIRECTION('',(3.46944695195362E-14,0.,0.999999999999985));
#10898=DIRECTION('',(-1.,-1.02219561112252E-15,1.69238274742432E-14));
#10899=DIRECTION('',(-1.73472347597677E-14,1.73472347597677E-14,-1.00000000000001));
#10900=DIRECTION('',(0.,0.,-1.00000000000001));
#10901=DIRECTION('',(1.,-5.78241158658897E-15,0.));
#10902=DIRECTION('',(1.,-2.22565125738838E-15,4.28326784191835E-16));
#10903=DIRECTION('',(0.,3.46944695195364E-14,0.99999999999999));
#10904=DIRECTION('',(-1.,1.1128256286942E-15,-2.14163392095912E-16));
#10905=DIRECTION('',(0.,0.,0.999999999999996));
#10906=DIRECTION('',(-1.,2.65560661392935E-15,0.));
#10907=DIRECTION('',(0.,0.,1.));
#10908=DIRECTION('',(1.,1.11282562869415E-15,-1.49914374467133E-15));
#10909=DIRECTION('',(1.44560289664735E-15,3.46944695195363E-14,0.999999999999987));
#10910=DIRECTION('',(-1.,0.,0.));
#10911=DIRECTION('',(0.,0.,1.));
#10912=DIRECTION('',(1.02219561112223E-15,1.,4.23407285525081E-16));
#10913=DIRECTION('',(-3.3248866622889E-14,0.,0.999999999999989));
#10914=DIRECTION('',(-1.,-1.02219561112252E-15,1.69238274742432E-14));
#10915=DIRECTION('',(-1.73472347597676E-14,1.73472347597676E-14,-0.999999999999999));
#10916=DIRECTION('',(0.,0.,-1.00000000000001));
#10917=DIRECTION('',(0.999999999999999,-5.782411586589E-15,0.));
#10918=DIRECTION('',(5.56412814347107E-16,1.,-3.21245088143879E-16));
#10919=DIRECTION('',(0.,3.21245088143883E-16,0.999999999999988));
#10920=DIRECTION('',(5.56412814347087E-16,1.,-3.21245088143865E-16));
#10921=DIRECTION('',(3.61400724161836E-14,0.,0.999999999999985));
#10922=DIRECTION('',(-1.,-2.7820640717355E-16,-5.35408480239724E-17));
#10923=DIRECTION('',(0.,0.,0.999999999999999));
#10924=DIRECTION('',(1.,1.11282562869415E-15,-1.49914374467134E-15));
#10925=DIRECTION('',(1.44560289664735E-15,3.61400724161838E-14,0.999999999999992));
#10926=DIRECTION('',(-1.,0.,0.));
#10927=DIRECTION('',(0.,0.,1.));
#10928=DIRECTION('',(0.,1.,0.));
#10929=DIRECTION('',(-3.25260651745651E-14,0.,0.999999999999981));
#10930=DIRECTION('',(-1.,-3.57768463892807E-15,1.36969049154594E-14));
#10931=DIRECTION('',(-1.37332275181494E-14,1.59016318631204E-14,-1.));
#10932=DIRECTION('',(0.,0.,-1.00000000000001));
#10933=DIRECTION('',(1.,-5.78241158658899E-15,0.));
#10934=DIRECTION('',(-1.,0.,-2.14163392095902E-16));
#10935=DIRECTION('',(0.,0.,0.999999999999997));
#10936=DIRECTION('',(0.,1.,0.));
#10937=DIRECTION('',(0.,0.,0.999999999999986));
#10938=DIRECTION('',(0.,1.,0.));
#10939=DIRECTION('',(3.54172709678598E-14,0.,0.999999999999983));
#10940=DIRECTION('',(0.,-1.,0.));
#10941=DIRECTION('',(7.22801448323663E-14,0.,1.00000000000002));
#10942=DIRECTION('',(0.,1.,0.));
#10943=DIRECTION('',(0.,0.,1.));
#10944=DIRECTION('',(0.,1.,0.));
#10945=DIRECTION('',(0.,0.,0.999999999999988));
#10946=DIRECTION('',(5.56412814347103E-16,1.,1.07081696047942E-16));
#10947=DIRECTION('',(3.46944695195362E-14,0.,0.999999999999985));
#10948=DIRECTION('',(-4.45130251477661E-15,-1.,2.56996070515094E-15));
#10949=DIRECTION('',(7.08345419357193E-14,0.,0.999999999999978));
#10950=DIRECTION('',(0.,1.,0.));
#10951=DIRECTION('',(0.,0.,1.));
#10952=DIRECTION('',(0.,1.,0.));
#10953=DIRECTION('',(0.,0.,0.999999999999988));
#10954=DIRECTION('',(5.56412814347087E-16,1.,-3.21245088143865E-16));
#10955=DIRECTION('',(3.61400724161836E-14,0.,0.999999999999985));
#10956=DIRECTION('',(2.2256512573883E-15,-1.,-1.28498035257547E-15));
#10957=DIRECTION('',(7.15573433840429E-14,0.,0.999999999999977));
#10958=DIRECTION('',(0.,1.,0.));
#10959=DIRECTION('',(0.,0.,1.));
#10960=DIRECTION('',(0.,1.,-1.71330713676731E-15));
#10961=DIRECTION('',(0.,2.89120579329455E-15,0.999999999999986));
#10962=DIRECTION('',(0.,1.,0.));
#10963=DIRECTION('',(3.54172709678598E-14,0.,0.999999999999983));
#10964=DIRECTION('',(2.04439122224446E-15,1.,8.46814571050168E-16));
#10965=DIRECTION('',(-3.18032637262419E-14,0.,0.999999999999995));
#10966=DIRECTION('',(5.56412814347093E-16,1.,1.07081696047947E-16));
#10967=DIRECTION('',(0.,-1.07081696047945E-16,1.00000000000002));
#10968=DIRECTION('',(5.56412814347103E-16,1.,1.07081696047942E-16));
#10969=DIRECTION('',(3.46944695195362E-14,0.,0.999999999999985));
#10970=DIRECTION('',(-1.,-1.02219561112252E-15,1.69238274742432E-14));
#10971=DIRECTION('',(-1.73472347597677E-14,1.73472347597677E-14,-1.00000000000001));
#10972=DIRECTION('',(0.,0.,-1.00000000000001));
#10973=DIRECTION('',(1.,-5.78241158658897E-15,0.));
#10974=DIRECTION('',(1.,-2.22565125738838E-15,4.28326784191835E-16));
#10975=DIRECTION('',(0.,3.46944695195364E-14,0.99999999999999));
#10976=DIRECTION('',(-1.,1.1128256286942E-15,-2.14163392095912E-16));
#10977=DIRECTION('',(0.,0.,0.999999999999996));
#10978=DIRECTION('',(-1.,2.65560661392935E-15,0.));
#10979=DIRECTION('',(0.,0.,1.));
#10980=DIRECTION('',(1.,1.11282562869415E-15,-1.49914374467133E-15));
#10981=DIRECTION('',(1.44560289664735E-15,3.46944695195363E-14,0.999999999999987));
#10982=DIRECTION('',(-1.,0.,0.));
#10983=DIRECTION('',(0.,0.,1.));
#10984=DIRECTION('',(1.02219561112223E-15,1.,4.23407285525081E-16));
#10985=DIRECTION('',(-3.3248866622889E-14,0.,0.999999999999989));
#10986=DIRECTION('',(-1.,-1.02219561112252E-15,1.69238274742432E-14));
#10987=DIRECTION('',(-1.73472347597676E-14,1.73472347597676E-14,-0.999999999999999));
#10988=DIRECTION('',(0.,0.,-1.00000000000001));
#10989=DIRECTION('',(0.999999999999999,-5.782411586589E-15,0.));
#10990=DIRECTION('',(5.56412814347107E-16,1.,-3.21245088143879E-16));
#10991=DIRECTION('',(0.,3.21245088143883E-16,0.999999999999988));
#10992=DIRECTION('',(5.56412814347087E-16,1.,-3.21245088143865E-16));
#10993=DIRECTION('',(3.61400724161836E-14,0.,0.999999999999985));
#10994=DIRECTION('',(-1.,-2.7820640717355E-16,-5.35408480239724E-17));
#10995=DIRECTION('',(0.,0.,0.999999999999999));
#10996=DIRECTION('',(1.,1.11282562869415E-15,-1.49914374467134E-15));
#10997=DIRECTION('',(1.44560289664735E-15,3.61400724161838E-14,0.999999999999992));
#10998=DIRECTION('',(-1.,0.,0.));
#10999=DIRECTION('',(0.,0.,1.));
#11000=DIRECTION('',(0.,1.,0.));
#11001=DIRECTION('',(-3.25260651745651E-14,0.,0.999999999999981));
#11002=DIRECTION('',(-1.,-3.57768463892807E-15,1.36969049154594E-14));
#11003=DIRECTION('',(-1.37332275181494E-14,1.59016318631204E-14,-1.));
#11004=DIRECTION('',(0.,0.,-1.00000000000001));
#11005=DIRECTION('',(1.,-5.78241158658899E-15,0.));
#11006=DIRECTION('',(-1.,0.,-2.14163392095902E-16));
#11007=DIRECTION('',(0.,0.,0.999999999999997));
#11008=DIRECTION('',(0.,1.,0.));
#11009=DIRECTION('',(0.,0.,0.999999999999986));
#11010=DIRECTION('',(0.,1.,0.));
#11011=DIRECTION('',(3.54172709678598E-14,0.,0.999999999999983));
#11012=DIRECTION('',(0.,-1.,0.));
#11013=DIRECTION('',(7.22801448323663E-14,0.,1.00000000000002));
#11014=DIRECTION('',(0.,1.,0.));
#11015=DIRECTION('',(0.,0.,1.));
#11016=DIRECTION('',(0.,1.,0.));
#11017=DIRECTION('',(0.,0.,0.999999999999988));
#11018=DIRECTION('',(5.56412814347103E-16,1.,1.07081696047942E-16));
#11019=DIRECTION('',(3.46944695195362E-14,0.,0.999999999999985));
#11020=DIRECTION('',(-4.45130251477661E-15,-1.,2.56996070515094E-15));
#11021=DIRECTION('',(7.08345419357193E-14,0.,0.999999999999978));
#11022=DIRECTION('',(0.,1.,0.));
#11023=DIRECTION('',(0.,0.,1.));
#11024=DIRECTION('',(0.,1.,0.));
#11025=DIRECTION('',(0.,0.,0.999999999999988));
#11026=DIRECTION('',(5.56412814347087E-16,1.,-3.21245088143865E-16));
#11027=DIRECTION('',(3.61400724161836E-14,0.,0.999999999999985));
#11028=DIRECTION('',(2.2256512573883E-15,-1.,-1.28498035257547E-15));
#11029=DIRECTION('',(7.15573433840429E-14,0.,0.999999999999977));
#11030=DIRECTION('',(0.,1.,0.));
#11031=DIRECTION('',(0.,0.,1.));
#11032=DIRECTION('',(0.,1.,-1.71330713676731E-15));
#11033=DIRECTION('',(0.,2.89120579329455E-15,0.999999999999986));
#11034=DIRECTION('',(0.,1.,0.));
#11035=DIRECTION('',(3.54172709678598E-14,0.,0.999999999999983));
#11036=DIRECTION('',(2.04439122224446E-15,1.,8.46814571050168E-16));
#11037=DIRECTION('',(-3.18032637262419E-14,0.,0.999999999999995));
#11038=DIRECTION('',(5.56412814347093E-16,1.,1.07081696047947E-16));
#11039=DIRECTION('',(0.,-1.07081696047945E-16,1.00000000000002));
#11040=DIRECTION('',(5.56412814347103E-16,1.,1.07081696047942E-16));
#11041=DIRECTION('',(3.46944695195362E-14,0.,0.999999999999985));
#11042=DIRECTION('',(-1.,-1.02219561112252E-15,1.69238274742432E-14));
#11043=DIRECTION('',(-1.73472347597677E-14,1.73472347597677E-14,-1.00000000000001));
#11044=DIRECTION('',(0.,0.,-1.00000000000001));
#11045=DIRECTION('',(1.,-5.78241158658897E-15,0.));
#11046=DIRECTION('',(1.,-2.22565125738838E-15,4.28326784191835E-16));
#11047=DIRECTION('',(0.,3.46944695195364E-14,0.99999999999999));
#11048=DIRECTION('',(-1.,1.1128256286942E-15,-2.14163392095912E-16));
#11049=DIRECTION('',(0.,0.,0.999999999999996));
#11050=DIRECTION('',(-1.,2.65560661392935E-15,0.));
#11051=DIRECTION('',(0.,0.,1.));
#11052=DIRECTION('',(1.,1.11282562869415E-15,-1.49914374467133E-15));
#11053=DIRECTION('',(1.44560289664735E-15,3.46944695195363E-14,0.999999999999987));
#11054=DIRECTION('',(-1.,0.,0.));
#11055=DIRECTION('',(0.,0.,1.));
#11056=DIRECTION('',(1.02219561112223E-15,1.,4.23407285525081E-16));
#11057=DIRECTION('',(-3.3248866622889E-14,0.,0.999999999999989));
#11058=DIRECTION('',(-1.,-1.02219561112252E-15,1.69238274742432E-14));
#11059=DIRECTION('',(-1.73472347597676E-14,1.73472347597676E-14,-0.999999999999999));
#11060=DIRECTION('',(0.,0.,-1.00000000000001));
#11061=DIRECTION('',(0.999999999999999,-5.782411586589E-15,0.));
#11062=DIRECTION('',(5.56412814347107E-16,1.,-3.21245088143879E-16));
#11063=DIRECTION('',(0.,3.21245088143883E-16,0.999999999999988));
#11064=DIRECTION('',(5.56412814347087E-16,1.,-3.21245088143865E-16));
#11065=DIRECTION('',(3.61400724161836E-14,0.,0.999999999999985));
#11066=DIRECTION('',(-1.,-2.7820640717355E-16,-5.35408480239724E-17));
#11067=DIRECTION('',(0.,0.,0.999999999999999));
#11068=DIRECTION('',(1.,1.11282562869415E-15,-1.49914374467134E-15));
#11069=DIRECTION('',(1.44560289664735E-15,3.61400724161838E-14,0.999999999999992));
#11070=DIRECTION('',(-1.,0.,0.));
#11071=DIRECTION('',(0.,0.,1.));
#11072=DIRECTION('',(0.,1.,0.));
#11073=DIRECTION('',(-3.25260651745651E-14,0.,0.999999999999981));
#11074=DIRECTION('',(-1.,-3.57768463892807E-15,1.36969049154594E-14));
#11075=DIRECTION('',(-1.37332275181494E-14,1.59016318631204E-14,-1.));
#11076=DIRECTION('',(0.,0.,-1.00000000000001));
#11077=DIRECTION('',(1.,-5.78241158658899E-15,0.));
#11078=DIRECTION('',(-1.,0.,-2.14163392095902E-16));
#11079=DIRECTION('',(0.,0.,0.999999999999997));
#11080=DIRECTION('',(0.,1.,0.));
#11081=DIRECTION('',(0.,0.,0.999999999999986));
#11082=DIRECTION('',(0.,1.,0.));
#11083=DIRECTION('',(3.54172709678598E-14,0.,0.999999999999983));
#11084=DIRECTION('',(0.,-1.,0.));
#11085=DIRECTION('',(7.22801448323663E-14,0.,1.00000000000002));
#11086=DIRECTION('',(0.,1.,0.));
#11087=DIRECTION('',(0.,0.,1.));
#11088=DIRECTION('',(0.,1.,0.));
#11089=DIRECTION('',(0.,0.,0.999999999999988));
#11090=DIRECTION('',(5.56412814347103E-16,1.,1.07081696047942E-16));
#11091=DIRECTION('',(3.46944695195362E-14,0.,0.999999999999985));
#11092=DIRECTION('',(-4.45130251477661E-15,-1.,2.56996070515094E-15));
#11093=DIRECTION('',(7.08345419357193E-14,0.,0.999999999999978));
#11094=DIRECTION('',(0.,1.,0.));
#11095=DIRECTION('',(0.,0.,1.));
#11096=DIRECTION('',(0.,1.,0.));
#11097=DIRECTION('',(0.,0.,0.999999999999988));
#11098=DIRECTION('',(5.56412814347087E-16,1.,-3.21245088143865E-16));
#11099=DIRECTION('',(3.61400724161836E-14,0.,0.999999999999985));
#11100=DIRECTION('',(2.2256512573883E-15,-1.,-1.28498035257547E-15));
#11101=DIRECTION('',(7.15573433840429E-14,0.,0.999999999999977));
#11102=DIRECTION('',(0.,1.,0.));
#11103=DIRECTION('',(0.,0.,1.));
#11104=DIRECTION('',(0.,1.,-1.71330713676731E-15));
#11105=DIRECTION('',(0.,2.89120579329455E-15,0.999999999999986));
#11106=DIRECTION('',(0.,1.,0.));
#11107=DIRECTION('',(3.54172709678598E-14,0.,0.999999999999983));
#11108=DIRECTION('',(2.04439122224446E-15,1.,8.46814571050168E-16));
#11109=DIRECTION('',(-3.18032637262419E-14,0.,0.999999999999995));
#11110=DIRECTION('',(5.56412814347093E-16,1.,1.07081696047947E-16));
#11111=DIRECTION('',(0.,-1.07081696047945E-16,1.00000000000002));
#11112=DIRECTION('',(5.56412814347103E-16,1.,1.07081696047942E-16));
#11113=DIRECTION('',(3.46944695195362E-14,0.,0.999999999999985));
#11114=DIRECTION('',(-1.,-1.02219561112252E-15,1.69238274742432E-14));
#11115=DIRECTION('',(-1.73472347597677E-14,1.73472347597677E-14,-1.00000000000001));
#11116=DIRECTION('',(0.,0.,-1.00000000000001));
#11117=DIRECTION('',(1.,-5.78241158658897E-15,0.));
#11118=DIRECTION('',(1.,-2.22565125738838E-15,4.28326784191835E-16));
#11119=DIRECTION('',(0.,3.46944695195364E-14,0.99999999999999));
#11120=DIRECTION('',(-1.,1.1128256286942E-15,-2.14163392095912E-16));
#11121=DIRECTION('',(0.,0.,0.999999999999996));
#11122=DIRECTION('',(-1.,2.65560661392935E-15,0.));
#11123=DIRECTION('',(0.,0.,1.));
#11124=DIRECTION('',(1.,1.11282562869415E-15,-1.49914374467133E-15));
#11125=DIRECTION('',(1.44560289664735E-15,3.46944695195363E-14,0.999999999999987));
#11126=DIRECTION('',(-1.,0.,0.));
#11127=DIRECTION('',(0.,0.,1.));
#11128=DIRECTION('',(1.02219561112223E-15,1.,4.23407285525081E-16));
#11129=DIRECTION('',(-3.3248866622889E-14,0.,0.999999999999989));
#11130=DIRECTION('',(-1.,-1.02219561112252E-15,1.69238274742432E-14));
#11131=DIRECTION('',(-1.73472347597676E-14,1.73472347597676E-14,-0.999999999999999));
#11132=DIRECTION('',(0.,0.,-1.00000000000001));
#11133=DIRECTION('',(0.999999999999999,-5.782411586589E-15,0.));
#11134=DIRECTION('',(5.56412814347107E-16,1.,-3.21245088143879E-16));
#11135=DIRECTION('',(0.,3.21245088143883E-16,0.999999999999988));
#11136=DIRECTION('',(5.56412814347087E-16,1.,-3.21245088143865E-16));
#11137=DIRECTION('',(3.61400724161836E-14,0.,0.999999999999985));
#11138=DIRECTION('',(-1.,-2.7820640717355E-16,-5.35408480239724E-17));
#11139=DIRECTION('',(0.,0.,0.999999999999999));
#11140=DIRECTION('',(1.,1.11282562869415E-15,-1.49914374467134E-15));
#11141=DIRECTION('',(1.44560289664735E-15,3.61400724161838E-14,0.999999999999992));
#11142=DIRECTION('',(-1.,0.,0.));
#11143=DIRECTION('',(0.,0.,1.));
#11144=DIRECTION('',(0.,1.,0.));
#11145=DIRECTION('',(-3.25260651745651E-14,0.,0.999999999999981));
#11146=DIRECTION('',(-1.,-3.57768463892807E-15,1.36969049154594E-14));
#11147=DIRECTION('',(-1.37332275181494E-14,1.59016318631204E-14,-1.));
#11148=DIRECTION('',(0.,0.,-1.00000000000001));
#11149=DIRECTION('',(1.,-5.78241158658899E-15,0.));
#11150=DIRECTION('',(-1.,0.,-2.14163392095902E-16));
#11151=DIRECTION('',(0.,0.,0.999999999999997));
#11152=DIRECTION('',(0.,1.,0.));
#11153=DIRECTION('',(0.,0.,0.999999999999986));
#11154=DIRECTION('',(0.,1.,0.));
#11155=DIRECTION('',(3.54172709678598E-14,0.,0.999999999999983));
#11156=DIRECTION('',(1.,-2.2256512573884E-15,4.28326784191833E-16));
#11157=DIRECTION('',(0.,1.15648231731788E-14,0.999999999999999));
#11158=DIRECTION('',(-1.,2.65560661392935E-15,0.));
#11159=DIRECTION('',(0.,0.,1.));
#11160=DIRECTION('',(-1.,-4.08878244448905E-15,1.27623998243727E-14));
#11161=DIRECTION('',(-1.15648231731788E-14,5.78241158658942E-15,-1.));
#11162=DIRECTION('',(-1.,1.1128256286942E-15,-2.14163392095914E-16));
#11163=DIRECTION('',(0.,1.44560289664735E-14,1.));
#11164=DIRECTION('',(1.,1.11282562869415E-15,-1.49914374467134E-15));
#11165=DIRECTION('',(1.44560289664735E-15,3.61400724161838E-14,0.999999999999992));
#11166=DIRECTION('',(-1.,0.,0.));
#11167=DIRECTION('',(0.,0.,1.));
#11168=DIRECTION('',(-1.,-3.57768463892807E-15,1.36969049154594E-14));
#11169=DIRECTION('',(-1.37332275181494E-14,1.59016318631204E-14,-1.));
#11170=DIRECTION('',(-1.,0.,-2.14163392095902E-16));
#11171=DIRECTION('',(0.,0.,0.999999999999997));
#11172=DIRECTION('',(0.,1.,0.));
#11173=DIRECTION('',(-3.25260651745651E-14,0.,0.999999999999981));
#11174=DIRECTION('',(0.,0.,-1.00000000000001));
#11175=DIRECTION('',(1.,-5.78241158658899E-15,0.));
#11176=DIRECTION('',(0.,1.,0.));
#11177=DIRECTION('',(0.,0.,0.999999999999986));
#11178=DIRECTION('',(0.,1.,0.));
#11179=DIRECTION('',(3.54172709678598E-14,0.,0.999999999999983));
#11180=DIRECTION('',(1.,1.11282562869415E-15,-1.49914374467133E-15));
#11181=DIRECTION('',(1.44560289664735E-15,3.46944695195363E-14,0.999999999999987));
#11182=DIRECTION('',(-1.,0.,0.));
#11183=DIRECTION('',(0.,0.,1.));
#11184=DIRECTION('',(-1.,-1.02219561112252E-15,1.69238274742432E-14));
#11185=DIRECTION('',(-1.73472347597676E-14,1.73472347597676E-14,-0.999999999999999));
#11186=DIRECTION('',(-1.,-2.7820640717355E-16,-5.35408480239724E-17));
#11187=DIRECTION('',(0.,0.,0.999999999999999));
#11188=DIRECTION('',(1.02219561112223E-15,1.,4.23407285525081E-16));
#11189=DIRECTION('',(-3.3248866622889E-14,0.,0.999999999999989));
#11190=DIRECTION('',(0.,0.,-1.00000000000001));
#11191=DIRECTION('',(0.999999999999999,-5.782411586589E-15,0.));
#11192=DIRECTION('',(5.56412814347107E-16,1.,-3.21245088143879E-16));
#11193=DIRECTION('',(0.,3.21245088143883E-16,0.999999999999988));
#11194=DIRECTION('',(5.56412814347087E-16,1.,-3.21245088143865E-16));
#11195=DIRECTION('',(3.61400724161836E-14,0.,0.999999999999985));
#11196=DIRECTION('',(1.,-2.22565125738838E-15,4.28326784191835E-16));
#11197=DIRECTION('',(0.,3.46944695195364E-14,0.99999999999999));
#11198=DIRECTION('',(-1.,2.65560661392935E-15,0.));
#11199=DIRECTION('',(0.,0.,1.));
#11200=DIRECTION('',(-1.,-1.02219561112252E-15,1.69238274742432E-14));
#11201=DIRECTION('',(-1.73472347597677E-14,1.73472347597677E-14,-1.00000000000001));
#11202=DIRECTION('',(-1.,1.1128256286942E-15,-2.14163392095912E-16));
#11203=DIRECTION('',(0.,0.,0.999999999999996));
#11204=DIRECTION('',(2.04439122224446E-15,1.,8.46814571050168E-16));
#11205=DIRECTION('',(-3.18032637262419E-14,0.,0.999999999999995));
#11206=DIRECTION('',(0.,0.,-1.00000000000001));
#11207=DIRECTION('',(1.,-5.78241158658897E-15,0.));
#11208=DIRECTION('',(5.56412814347093E-16,1.,1.07081696047947E-16));
#11209=DIRECTION('',(0.,-1.07081696047945E-16,1.00000000000002));
#11210=DIRECTION('',(5.56412814347103E-16,1.,1.07081696047942E-16));
#11211=DIRECTION('',(3.46944695195362E-14,0.,0.999999999999985));
#11212=DIRECTION('',(1.,1.11282562869418E-15,-1.49914374467133E-15));
#11213=DIRECTION('',(1.44560289664736E-15,1.15648231731789E-14,1.));
#11214=DIRECTION('',(-1.,0.,0.));
#11215=DIRECTION('',(0.,0.,1.));
#11216=DIRECTION('',(-1.,-3.57768463892793E-15,1.36969049154589E-14));
#11217=DIRECTION('',(-1.37332275181499E-14,5.78241158658941E-15,-1.));
#11218=DIRECTION('',(-1.,-2.85991813742889E-30,-2.14163392095904E-16));
#11219=DIRECTION('',(0.,1.30104260698261E-14,1.));
#11220=DIRECTION('',(0.,1.,0.));
#11221=DIRECTION('',(2.38524477946804E-14,0.,1.));
#11222=DIRECTION('',(-1.15648231731786E-14,0.,-1.));
#11223=DIRECTION('',(1.,-5.78241158658931E-15,-1.15648231731786E-14));
#11224=DIRECTION('',(0.,1.,0.));
#11225=DIRECTION('',(2.09612420013864E-14,0.,1.));
#11226=DIRECTION('',(0.,1.,0.));
#11227=DIRECTION('',(2.02384405530628E-14,0.,0.999999999999999));
#11228=DIRECTION('',(1.,1.11282562869418E-15,-1.49914374467133E-15));
#11229=DIRECTION('',(1.44560289664735E-15,1.15648231731788E-14,1.));
#11230=DIRECTION('',(-1.,0.,0.));
#11231=DIRECTION('',(0.,0.,1.));
#11232=DIRECTION('',(-1.,-2.04439122224457E-15,1.50548172920702E-14));
#11233=DIRECTION('',(-1.44560289664734E-14,5.78241158658938E-15,-1.));
#11234=DIRECTION('',(-1.,-2.78206407173551E-16,-5.35408480239729E-17));
#11235=DIRECTION('',(0.,1.44560289664735E-14,1.));
#11236=DIRECTION('',(1.02219561112225E-15,1.,4.2340728552509E-16));
#11237=DIRECTION('',(2.31296463463569E-14,0.,1.));
#11238=DIRECTION('',(-1.15648231731786E-14,0.,-1.));
#11239=DIRECTION('',(1.,-5.78241158658931E-15,-1.15648231731786E-14));
#11240=DIRECTION('',(5.56412814347093E-16,1.,-3.21245088143864E-16));
#11241=DIRECTION('',(1.87928376564156E-14,3.21245088143853E-16,0.999999999999999));
#11242=DIRECTION('',(5.56412814347092E-16,1.,-3.21245088143864E-16));
#11243=DIRECTION('',(2.02384405530629E-14,0.,1.));
#11244=DIRECTION('',(1.,0.,0.));
#11245=DIRECTION('',(0.,1.,0.));
#11246=DIRECTION('',(1.,0.,0.));
#11247=DIRECTION('',(-3.26993753805094E-15,-1.,2.33566967003638E-16));
#11248=DIRECTION('',(0.,0.,1.));
#11249=DIRECTION('',(0.,-1.,0.));
#11250=DIRECTION('',(-1.,2.89120579329468E-15,2.23635546393946E-16));
#11251=DIRECTION('',(0.,0.,1.));
#11252=DIRECTION('',(1.,-2.95869373506107E-15,2.16203697949401E-28));
#11253=DIRECTION('',(-3.15544362088405E-28,-8.67361737988404E-17,1.));
#11254=DIRECTION('',(-1.,3.18032637262415E-15,9.13082415177024E-17));
#11255=DIRECTION('',(0.,0.,1.));
#11256=DIRECTION('',(-1.,2.89120579329467E-15,7.05503178609727E-16));
#11257=DIRECTION('',(6.93889390390717E-16,-9.28077059647584E-15,1.));
#11258=DIRECTION('',(1.,-2.95869373506106E-15,2.14268836721731E-28));
#11259=DIRECTION('',(-3.15544362088404E-28,4.59701721133852E-15,0.999999999999998));
#11260=DIRECTION('',(-1.,3.18032637262414E-15,3.32242057625598E-16));
#11261=DIRECTION('',(0.,0.,0.999999999999999));
#11262=DIRECTION('',(-1.91738572770319E-12,1.,-1.92306488194002E-12));
#11263=DIRECTION('',(-1.,-1.91765795163296E-12,0.));
#11264=DIRECTION('',(2.95869373506095E-15,1.,0.));
#11265=DIRECTION('',(1.,-2.89120579329468E-15,0.));
#11266=DIRECTION('',(-2.90916359325302E-15,-1.,0.));
#11267=DIRECTION('',(1.,-4.0386176610644E-13,5.29714253579249E-13));
#11268=DIRECTION('',(-1.96233687473527E-13,2.06905200043623E-13,1.));
#11269=DIRECTION('',(-2.94382573873264E-15,-1.,2.06903938426706E-13));
#11270=DIRECTION('',(0.,1.56281394232145E-16,1.));
#11271=DIRECTION('',(-1.,2.89120579329468E-15,0.));
#11272=DIRECTION('',(0.,-1.56281394232145E-16,-1.));
#11273=DIRECTION('',(-2.89120579329468E-15,-1.,1.56281394232145E-16));
#11274=DIRECTION('',(0.,-1.56125112837913E-16,-1.));
#11275=DIRECTION('',(-1.,0.,-2.31296463463696E-15));
#11276=DIRECTION('',(-2.89120579329462E-15,-1.,0.));
#11277=DIRECTION('',(-2.95869373506086E-15,-1.,0.));
#11278=DIRECTION('',(0.,0.,-1.));
#11279=DIRECTION('',(2.958693735061E-15,1.,0.));
#11280=DIRECTION('',(0.,3.1256278846429E-16,1.));
#11281=DIRECTION('',(1.,-2.89120579329468E-15,0.));
#11282=DIRECTION('',(0.,-3.1256278846429E-16,-1.));
#11283=DIRECTION('',(1.,-2.89120579329468E-15,0.));
#11284=DIRECTION('',(-2.89120579329468E-15,-1.,3.1256278846429E-16));
#11285=DIRECTION('',(0.,-3.12683906544819E-16,-1.));
#11286=DIRECTION('',(0.,1.91757071214679E-12,1.));
#11287=DIRECTION('',(-2.95869373506094E-15,-1.,0.));
#11288=DIRECTION('',(2.95869373506082E-15,1.,0.));
#11289=DIRECTION('',(0.,0.,1.));
#11290=DIRECTION('',(-1.,-1.91741586311517E-12,1.66505388680494E-29));
#11291=DIRECTION('',(1.91741586311517E-12,-1.,0.));
#11292=DIRECTION('',(1.,3.61400724162025E-17,-7.22801448324051E-16));
#11293=DIRECTION('',(2.89120579329458E-15,1.,0.));
#11294=DIRECTION('',(0.,0.,1.));
#11295=DIRECTION('',(-2.95869373506096E-15,-1.,0.));
#11296=DIRECTION('',(0.,1.00974509852398E-16,-1.));
#11297=DIRECTION('',(2.90916359325303E-15,1.,0.));
#11298=DIRECTION('',(0.,2.66880534765662E-16,1.));
#11299=DIRECTION('',(3.058968953785E-15,1.,0.));
#11300=DIRECTION('',(-1.39750195231366E-15,-0.500000000000003,0.866025403784437));
#11301=DIRECTION('',(1.,-2.8405974479575E-15,8.07150053852856E-31));
#11302=DIRECTION('',(0.,2.84494650060196E-16,1.));
#11303=DIRECTION('',(-1.,0.,0.));
#11304=DIRECTION('',(0.,0.500000000000003,-0.866025403784437));
#11305=DIRECTION('',(7.48910567665182E-17,0.866025403784437,0.500000000000003));
#11306=DIRECTION('',(0.,-0.500000000000003,0.866025403784437));
#11307=DIRECTION('',(2.2256512573883E-15,-1.,-1.28498035257547E-15));
#11308=DIRECTION('',(7.15573433840429E-14,0.,0.999999999999977));
#11309=DIRECTION('',(0.,1.,0.));
#11310=DIRECTION('',(0.,0.,1.));
#11311=DIRECTION('',(0.,1.,-1.71330713676731E-15));
#11312=DIRECTION('',(0.,2.89120579329455E-15,0.999999999999986));
#11313=DIRECTION('',(0.,1.,0.));
#11314=DIRECTION('',(3.54172709678598E-14,0.,0.999999999999983));
#11315=DIRECTION('',(-4.45130251477661E-15,-1.,2.56996070515094E-15));
#11316=DIRECTION('',(7.08345419357193E-14,0.,0.999999999999978));
#11317=DIRECTION('',(0.,1.,0.));
#11318=DIRECTION('',(0.,0.,1.));
#11319=DIRECTION('',(0.,1.,0.));
#11320=DIRECTION('',(0.,0.,0.999999999999988));
#11321=DIRECTION('',(5.56412814347087E-16,1.,-3.21245088143865E-16));
#11322=DIRECTION('',(3.61400724161836E-14,0.,0.999999999999985));
#11323=DIRECTION('',(0.,-1.,0.));
#11324=DIRECTION('',(7.22801448323663E-14,0.,1.00000000000002));
#11325=DIRECTION('',(0.,1.,0.));
#11326=DIRECTION('',(0.,0.,1.));
#11327=DIRECTION('',(0.,1.,0.));
#11328=DIRECTION('',(0.,0.,0.999999999999988));
#11329=DIRECTION('',(5.56412814347103E-16,1.,1.07081696047942E-16));
#11330=DIRECTION('',(3.46944695195362E-14,0.,0.999999999999985));
#11331=DIRECTION('',(2.22565125738837E-15,-1.,-1.28498035257546E-15));
#11332=DIRECTION('',(1.87928376564154E-14,0.,1.));
#11333=DIRECTION('',(0.,1.,0.));
#11334=DIRECTION('',(0.,0.,1.));
#11335=DIRECTION('',(-3.62256297407654E-29,1.,-1.71330713676722E-15));
#11336=DIRECTION('',(2.09612420013864E-14,2.89120579329467E-15,1.));
#11337=DIRECTION('',(0.,1.,0.));
#11338=DIRECTION('',(2.02384405530628E-14,0.,0.999999999999999));
#11339=DIRECTION('',(-4.45130251477674E-15,-1.,2.56996070515093E-15));
#11340=DIRECTION('',(1.87928376564154E-14,0.,0.999999999999999));
#11341=DIRECTION('',(0.,1.,0.));
#11342=DIRECTION('',(0.,0.,1.));
#11343=DIRECTION('',(-1.11282562869418E-15,1.,1.07081696047954E-15));
#11344=DIRECTION('',(1.87928376564155E-14,0.,1.));
#11345=DIRECTION('',(5.56412814347092E-16,1.,-3.21245088143864E-16));
#11346=DIRECTION('',(2.02384405530629E-14,0.,1.));
#11347=DIRECTION('',(0.,-1.,0.));
#11348=DIRECTION('',(2.02384405530628E-14,0.,1.));
#11349=DIRECTION('',(0.,1.,0.));
#11350=DIRECTION('',(0.,0.,1.));
#11351=DIRECTION('',(0.,1.,0.));
#11352=DIRECTION('',(2.02384405530626E-14,0.,1.));
#11353=DIRECTION('',(5.564128143471E-16,1.,1.07081696047942E-16));
#11354=DIRECTION('',(2.02384405530628E-14,0.,1.));
#11355=DIRECTION('',(-0.577350269189631,-0.577350269189631,-0.577350269189616));
#11356=DIRECTION('',(0.,0.,-1.));
#11357=DIRECTION('',(-0.577350269189624,-0.577350269189624,0.57735026918963));
#11358=DIRECTION('',(1.05390247629211E-17,1.05390247629211E-17,1.));
#11359=DIRECTION('',(-0.707106781186547,0.707106781186547,0.));
#11360=DIRECTION('',(0.,0.,-1.));
#11361=DIRECTION('',(0.,1.,0.));
#11362=DIRECTION('',(-1.,0.,0.));
#11363=DIRECTION('',(0.,-1.,8.26058798084194E-17));
#11364=DIRECTION('',(1.,-7.22801448323669E-16,-1.80700362080917E-16));
#11365=DIRECTION('',(0.,0.,-1.));
#11366=DIRECTION('',(-1.,9.03790930983916E-16,0.));
#11367=DIRECTION('',(0.,1.,0.));
#11368=DIRECTION('',(0.,-2.08250117164082E-17,1.));
#11369=DIRECTION('',(1.,0.,0.));
#11370=DIRECTION('',(0.,0.,-1.));
#11371=DIRECTION('',(1.,0.,-5.7824115865893E-15));
#11372=DIRECTION('',(0.,1.,0.));
#11373=DIRECTION('',(-1.,0.,0.));
#11374=DIRECTION('',(9.63735243488755E-15,0.,1.));
#11375=DIRECTION('',(1.,-6.01949046163952E-16,-9.63118473862323E-15));
#11376=DIRECTION('',(0.,9.13012355777341E-16,-1.));
#11377=DIRECTION('',(-1.65211759616839E-16,1.,2.64338815386942E-15));
#11378=DIRECTION('',(9.13012355777341E-16,1.82602471155468E-15,1.));
#11379=DIRECTION('',(1.,0.,0.));
#11380=DIRECTION('',(0.,1.52135248843166E-15,-1.));
#11381=DIRECTION('',(-0.577350269189624,-0.577350269189625,0.577350269189628));
#11382=DIRECTION('',(-1.,2.75352932694731E-16,-3.44191165868414E-17));
#11383=DIRECTION('',(0.577350269189624,-0.577350269189625,0.577350269189628));
#11384=DIRECTION('',(1.,-1.63653158111019E-16,0.));
#11385=DIRECTION('',(1.70365935187042E-16,0.70710678118655,0.707106781186545));
#11386=DIRECTION('',(-1.,2.74953670942324E-16,-3.4477629085039E-17));
#11387=DIRECTION('',(8.14424167125262E-17,0.,1.));
#11388=DIRECTION('',(0.577350269189631,-0.577350269189631,-0.577350269189616));
#11389=DIRECTION('',(-8.62044722945687E-17,0.,-1.));
#11390=DIRECTION('',(0.707106781186547,0.707106781186548,-5.75884851336478E-17));
#11391=DIRECTION('',(8.14235831536614E-17,0.,1.));
#11392=DIRECTION('',(1.,-1.37676466347366E-16,4.40564692311572E-15));
#11393=DIRECTION('',(-0.57735026918963,-0.577350269189631,-0.577350269189616));
#11394=DIRECTION('',(-1.,1.6365315811102E-16,-2.61845052977633E-15));
#11395=DIRECTION('',(3.21261477781284E-15,0.707106781186538,-0.707106781186557));
#11396=DIRECTION('',(1.,-1.37910516340156E-16,4.39925873507718E-15));
#11397=DIRECTION('',(0.577350269189626,0.577350269189626,0.577350269189626));
#11398=DIRECTION('',(9.13012355777327E-16,1.82602471155465E-15,1.));
#11399=DIRECTION('',(-0.707106781186547,0.707106781186548,-8.4595498851501E-16));
#11400=DIRECTION('',(0.,-1.19609183668601E-15,-1.));
#11401=DIRECTION('',(-1.,0.,-5.7824115865893E-15));
#11402=DIRECTION('',(3.59530870118857E-15,0.707106781186547,-0.707106781186548));
#11403=DIRECTION('',(1.,-2.99239799605999E-16,4.78783679369599E-15));
#11404=DIRECTION('',(1.,0.,0.));
#11405=DIRECTION('',(0.,-9.13012355777263E-16,1.));
#11406=DIRECTION('',(-1.81266820896218E-16,-1.,2.68414690246993E-32));
#11407=DIRECTION('',(-1.,1.81278603239576E-16,0.));
#11408=DIRECTION('',(-0.577350269189624,-0.577350269189626,0.577350269189627));
#11409=DIRECTION('',(-3.17233120693112E-16,0.707106781186547,0.707106781186548));
#11410=DIRECTION('',(-1.,-2.99239799605999E-16,-1.49619899803E-16));
#11411=DIRECTION('',(0.,0.,-1.));
#11412=DIRECTION('',(-0.707106781186547,0.707106781186547,8.45954988514961E-16));
#11413=DIRECTION('',(-5.98479599211998E-16,5.98479599211998E-16,-1.));
#11414=DIRECTION('',(0.,1.,4.13029399042097E-17));
#11415=DIRECTION('',(-9.1301235577726E-16,-1.82602471155452E-15,1.));
#11416=DIRECTION('',(1.,0.,0.));
#11417=DIRECTION('',(0.,0.,-1.));
#11418=DIRECTION('',(-0.577350269189627,-0.577350269189625,0.577350269189626));
#11419=DIRECTION('',(0.577350269189626,0.577350269189626,-0.577350269189626));
#11420=DIRECTION('',(0.,0.,1.));
#11421=DIRECTION('',(-0.707106781186547,0.707106781186548,3.83323354170844E-16));
#11422=DIRECTION('',(-5.42101086242752E-16,-1.0842021724855E-15,1.));
#11423=DIRECTION('',(-0.577350269189625,-0.577350269189625,0.577350269189627));
#11424=DIRECTION('',(1.,0.,-1.80700362080918E-16));
#11425=DIRECTION('',(1.00543830602188E-16,0.707106781186548,0.707106781186547));
#11426=DIRECTION('',(1.,0.,-1.42247325030098E-16));
#11427=DIRECTION('',(0.57735026918963,0.57735026918963,0.577350269189617));
#11428=DIRECTION('',(0.,0.,1.));
#11429=DIRECTION('',(-0.707106781186547,0.707106781186547,0.));
#11430=DIRECTION('',(0.,0.,1.));
#11431=DIRECTION('',(0.577350269189622,0.577350269189622,0.577350269189633));
#11432=DIRECTION('',(-1.,0.,5.7824115865893E-15));
#11433=DIRECTION('',(0.,0.707106781186539,-0.707106781186556));
#11434=DIRECTION('',(-1.,0.,0.));
#11435=DIRECTION('',(0.577350269189623,0.577350269189622,0.577350269189633));
#11436=DIRECTION('',(1.82602471155471E-15,0.,1.));
#11437=DIRECTION('',(-0.707106781186547,0.707106781186547,0.));
#11438=DIRECTION('',(0.,0.,1.));
#11439=DIRECTION('',(-0.577350269189631,0.577350269189624,0.577350269189622));
#11440=DIRECTION('',(-1.,2.28253088944317E-16,-1.82602471155454E-15));
#11441=DIRECTION('',(-1.,2.75352932694732E-16,0.));
#11442=DIRECTION('',(1.61399307019305E-16,0.707106781186554,-0.707106781186541));
#11443=DIRECTION('',(-1.,2.28983498828939E-16,0.));
#11444=DIRECTION('',(0.,1.,2.64338815386942E-15));
#11445=DIRECTION('',(0.,0.,1.));
#11446=DIRECTION('',(1.,-2.29850860566927E-16,0.));
#11447=DIRECTION('',(0.,1.,0.));
#11448=DIRECTION('',(-8.14424167125262E-17,0.,-1.));
#11449=DIRECTION('',(-1.,0.,8.07960483259188E-17));
#11450=DIRECTION('',(8.07730618501701E-17,0.,1.));
#11451=DIRECTION('',(1.,0.,0.));
#11452=DIRECTION('',(5.73651943114023E-17,0.,-1.));
#11453=DIRECTION('',(-1.,0.,-5.74627151417317E-17));
#11454=DIRECTION('',(-0.577350269189627,0.577350269189626,-0.577350269189624));
#11455=DIRECTION('',(1.,-2.28253088944317E-16,2.85316361180396E-17));
#11456=DIRECTION('',(-2.01749133774128E-17,0.707106781186548,0.707106781186547));
#11457=DIRECTION('',(1.,0.,2.86229373536173E-17));
#11458=DIRECTION('',(-8.52320782994385E-17,0.,-1.));
#11459=DIRECTION('',(0.707106781186547,0.707106781186548,-5.67229934495583E-17));
#11460=DIRECTION('',(-8.02309607639273E-17,0.,-1.));
#11461=DIRECTION('',(-1.,1.5770213417971E-16,0.));
#11462=DIRECTION('',(0.,0.,1.));
#11463=DIRECTION('',(1.,-1.5770213417971E-16,0.));
#11464=DIRECTION('',(0.,0.,-1.));
#11465=DIRECTION('',(1.5770213417971E-16,1.,0.));
#11466=DIRECTION('',(-1.,1.57859836313889E-16,0.));
#11467=DIRECTION('',(-1.,-2.23363221527981E-11,0.));
#11468=DIRECTION('',(-1.75224593526959E-16,-1.,0.));
#11469=DIRECTION('',(0.,1.,0.));
#11470=DIRECTION('',(0.,0.,-1.));
#11471=DIRECTION('',(1.,0.,0.));
#11472=DIRECTION('',(0.,-1.91726976175652E-12,-1.));
#11473=DIRECTION('',(1.,2.31507351415524E-11,5.27900163669731E-13));
#11474=DIRECTION('',(-2.40100093027506E-11,1.,-9.58874686575042E-13));
#11475=DIRECTION('',(0.,9.58874472878346E-13,1.));
#11476=DIRECTION('',(1.91738572770317E-12,-1.,1.91645641155533E-12));
#11477=DIRECTION('',(1.,1.91765795163296E-12,0.));
#11478=DIRECTION('',(1.95791719708947E-13,-2.07325739068259E-13,-1.));
#11479=DIRECTION('',(2.94382573873264E-15,1.,-2.07325909912237E-13));
#11480=DIRECTION('',(0.,1.91757071214679E-12,1.));
#11481=DIRECTION('',(0.,-1.,1.46422999639204E-12));
#11482=DIRECTION('',(1.,0.,0.));
#11483=DIRECTION('',(0.,-1.91726976175653E-12,-1.));
#11484=DIRECTION('',(1.75224593532898E-16,1.,0.));
#11485=DIRECTION('',(-1.,-6.63345992667169E-15,0.));
#11486=DIRECTION('',(6.63336573170081E-15,-1.,0.));
#11487=DIRECTION('',(0.,2.66880534765662E-16,1.));
#11488=DIRECTION('',(1.,4.10437842028442E-13,5.27900163669731E-13));
#11489=DIRECTION('',(1.53031338485831E-13,1.,-9.58874686575041E-13));
#11490=DIRECTION('',(0.,9.58874472878346E-13,1.));
#11491=DIRECTION('',(-3.05896895378502E-15,-1.,0.));
#11492=DIRECTION('',(1.,0.,4.1426232262096E-15));
#11493=DIRECTION('',(0.,-1.,0.));
#11494=DIRECTION('',(0.,0.,1.));
#11495=DIRECTION('',(1.,0.,0.));
#11496=DIRECTION('',(1.,-6.4728487909525E-17,0.));
#11497=DIRECTION('',(0.,-0.499999999999999,-0.86602540378444));
#11498=DIRECTION('',(1.39750195231366E-15,0.499999999999999,0.866025403784439));
#11499=DIRECTION('',(0.,0.86602540378444,-0.499999999999999));
#11500=DIRECTION('',(0.,0.499999999999999,0.86602540378444));
#11501=DIRECTION('',(0.,-1.,0.));
#11502=DIRECTION('',(0.,0.,1.));
#11503=DIRECTION('',(1.,0.,0.));
#11504=DIRECTION('',(0.,1.,0.));
#11505=DIRECTION('',(-1.,0.,0.));
#11506=DIRECTION('',(3.26993753805092E-15,1.,0.));
#11507=DIRECTION('',(0.,0.,-1.));
#11508=DIRECTION('',(0.,1.,0.));
#11509=DIRECTION('',(-5.78241158658892E-15,2.0753000591977E-16,-1.));
#11510=DIRECTION('',(1.,-2.8405974479575E-15,8.07150053852855E-31));
#11511=DIRECTION('',(0.,2.84494650060196E-16,1.));
#11512=DIRECTION('',(5.564128143471E-16,1.,1.07081696047943E-16));
#11513=DIRECTION('',(2.02384405530627E-14,-1.07081696047954E-16,0.999999999999999));
#11514=DIRECTION('',(0.,-1.,0.));
#11515=DIRECTION('',(1.,0.,0.));
#11516=DIRECTION('',(2.04439122224451E-15,1.,8.46814571050185E-16));
#11517=DIRECTION('',(2.3129646346357E-14,0.,1.));
#11518=DIRECTION('',(5.564128143471E-16,1.,1.07081696047942E-16));
#11519=DIRECTION('',(2.02384405530628E-14,0.,1.));
#11520=DIRECTION('',(-1.15648231731786E-14,0.,-0.999999999999999));
#11521=DIRECTION('',(0.999999999999999,-5.78241158658929E-15,-1.15648231731786E-14));
#11522=CARTESIAN_POINT('',(0.,0.,0.));
#11523=CARTESIAN_POINT('',(6.38999999999979,9.,6.91999999999998));
#11524=CARTESIAN_POINT('',(6.38999999999981,9.,7.21999999999998));
#11525=CARTESIAN_POINT('',(6.06338470485825,8.99999999999999,6.59));
#11526=CARTESIAN_POINT('',(6.38999999999981,4.2,6.91999999999998));
#11527=CARTESIAN_POINT('',(6.38999999999981,4.2,7.21999999999999));
#11528=CARTESIAN_POINT('',(6.3899999999998,-7.12000000000001,6.92));
#11529=CARTESIAN_POINT('',(3.84999999999979,9.,6.92));
#11530=CARTESIAN_POINT('',(3.84999999999981,9.,7.22));
#11531=CARTESIAN_POINT('',(3.52338470485825,8.99999999999999,6.59));
#11532=CARTESIAN_POINT('',(3.84999999999981,4.2,6.91999999999998));
#11533=CARTESIAN_POINT('',(3.84999999999981,4.2,7.21999999999999));
#11534=CARTESIAN_POINT('',(3.8499999999998,-4.58,6.92));
#11535=CARTESIAN_POINT('',(1.30999999999979,9.,6.92));
#11536=CARTESIAN_POINT('',(1.30999999999981,9.,7.22));
#11537=CARTESIAN_POINT('',(0.983384704858249,9.,6.59));
#11538=CARTESIAN_POINT('',(1.30999999999981,4.2,6.91999999999998));
#11539=CARTESIAN_POINT('',(1.30999999999981,4.2,7.21999999999999));
#11540=CARTESIAN_POINT('',(1.3099999999998,-2.04,6.92));
#11541=CARTESIAN_POINT('',(6.38999999999982,-7.12,6.92));
#11542=CARTESIAN_POINT('',(6.38999999999981,-7.12,7.21999999999999));
#11543=CARTESIAN_POINT('',(6.38999999730403,-7.12000000269579,6.62));
#11544=CARTESIAN_POINT('',(6.38999999999981,-7.12,6.62));
#11545=CARTESIAN_POINT('',(6.29974814089436,-7.02974814156961,6.61999999999999));
#11546=CARTESIAN_POINT('',(6.25800622865283,-6.98801328131818,6.63728716024419));
#11547=CARTESIAN_POINT('',(6.12856004946596,-6.85841191983911,6.74971183921936));
#11548=CARTESIAN_POINT('',(6.09095877429426,-6.82094503299581,6.82751646421585));
#11549=CARTESIAN_POINT('',(6.08907459722437,-6.81901241965328,7.00615544687979));
#11550=CARTESIAN_POINT('',(6.14402371093115,-6.87403535579427,7.10389382293075));
#11551=CARTESIAN_POINT('',(6.20617148145456,-6.93616879883724,7.15764922748763));
#11552=CARTESIAN_POINT('',(6.22022404906881,-6.95026115660946,7.16801867402807));
#11553=CARTESIAN_POINT('',(6.25173753104231,-6.98177721048114,7.18687192782109));
#11554=CARTESIAN_POINT('',(6.27737292834413,-7.00737212978256,7.19829803164565));
#11555=CARTESIAN_POINT('',(6.31012301241786,-7.04012655596593,7.21010045433458));
#11556=CARTESIAN_POINT('',(6.34402979868451,-7.0740297986847,7.22));
#11557=CARTESIAN_POINT('',(6.38999999999981,-7.12,7.21999999999999));
#11558=CARTESIAN_POINT('',(6.38999999999981,-2.63009808030382E-30,6.91999999999997));
#11559=CARTESIAN_POINT('',(6.38999999999981,-3.21245088143877E-17,7.21999999999998));
#11560=CARTESIAN_POINT('',(6.3899999999998,-7.12000000000001,6.92));
#11561=CARTESIAN_POINT('',(6.38999999999981,-7.12000000000001,6.92000000000001));
#11562=CARTESIAN_POINT('',(6.38999999999979,-7.12,6.92));
#11563=CARTESIAN_POINT('',(-3.0000000000002,-7.12000000000001,6.92));
#11564=CARTESIAN_POINT('',(-3.0000000000002,-7.12,7.21999999999999));
#11565=CARTESIAN_POINT('',(6.38999999999981,-7.12000000000001,6.92));
#11566=CARTESIAN_POINT('',(-3.00000000000019,-7.44661529514156,6.59));
#11567=CARTESIAN_POINT('',(-3.0000000000002,-4.58000000000001,6.92));
#11568=CARTESIAN_POINT('',(-3.0000000000002,-4.58,7.21999999999999));
#11569=CARTESIAN_POINT('',(-3.00000000000019,-4.90661529514156,6.59));
#11570=CARTESIAN_POINT('',(3.84999999999982,-4.58,6.92));
#11571=CARTESIAN_POINT('',(3.84999999999981,-4.58,7.21999999999999));
#11572=CARTESIAN_POINT('',(3.84999999730396,-4.58000000269585,6.62));
#11573=CARTESIAN_POINT('',(3.84999999999981,-4.58000000000001,6.92000000000001));
#11574=CARTESIAN_POINT('',(3.84999999999979,-4.58,6.92));
#11575=CARTESIAN_POINT('',(3.8499999999998,-4.58,6.62));
#11576=CARTESIAN_POINT('',(3.75974814083245,-4.48974814151294,6.61999999999999));
#11577=CARTESIAN_POINT('',(3.7180062287389,-4.44801328140238,6.6372871602195));
#11578=CARTESIAN_POINT('',(3.58856004957961,-4.31841191993976,6.74971183907059));
#11579=CARTESIAN_POINT('',(3.55095877433196,-4.28094503303721,6.82751646410295));
#11580=CARTESIAN_POINT('',(3.54907459718926,-4.27901241961448,7.00615544674749));
#11581=CARTESIAN_POINT('',(3.60402371088946,-4.33403535575048,7.10389382287944));
#11582=CARTESIAN_POINT('',(3.66617148141525,-4.39616879879845,7.15764922745743));
#11583=CARTESIAN_POINT('',(3.68022404903098,-4.41026115657257,7.16801867400253));
#11584=CARTESIAN_POINT('',(3.71173753100999,-4.44177721044986,7.18687192780467));
#11585=CARTESIAN_POINT('',(3.737372928326,-4.46737212976483,7.19829803163811));
#11586=CARTESIAN_POINT('',(3.77012301238535,-4.50012655593252,7.21010045432486));
#11587=CARTESIAN_POINT('',(3.80402979865875,-4.53402979865894,7.21999999999999));
#11588=CARTESIAN_POINT('',(3.84999999999981,-4.58,7.21999999999999));
#11589=CARTESIAN_POINT('',(3.84999999999981,-1.43722522099897E-29,6.91999999999998));
#11590=CARTESIAN_POINT('',(3.84999999999981,9.63735264431544E-17,7.21999999999999));
#11591=CARTESIAN_POINT('',(3.8499999999998,-4.58,6.92));
#11592=CARTESIAN_POINT('',(3.84999999999981,-4.58,6.92));
#11593=CARTESIAN_POINT('',(-3.0000000000002,-2.04000000000001,6.92));
#11594=CARTESIAN_POINT('',(-3.0000000000002,-2.04,7.21999999999999));
#11595=CARTESIAN_POINT('',(-3.00000000000019,-2.36661529514156,6.59));
#11596=CARTESIAN_POINT('',(1.30999999999982,-2.04,6.92));
#11597=CARTESIAN_POINT('',(1.30999999999981,-2.04,7.21999999999999));
#11598=CARTESIAN_POINT('',(1.30999999730398,-2.04000000269583,6.62));
#11599=CARTESIAN_POINT('',(1.30999999999981,-2.04000000000001,6.92000000000001));
#11600=CARTESIAN_POINT('',(1.30999999999979,-2.04,6.92));
#11601=CARTESIAN_POINT('',(1.3099999999998,-2.04,6.62));
#11602=CARTESIAN_POINT('',(1.21974814072092,-1.94974814140014,6.62));
#11603=CARTESIAN_POINT('',(1.17800622849462,-1.90801328117795,6.63728716031588));
#11604=CARTESIAN_POINT('',(1.048560049362,-1.77841191973657,6.74971183937537));
#11605=CARTESIAN_POINT('',(1.01095877424381,-1.74094503294703,6.82751646442224));
#11606=CARTESIAN_POINT('',(1.00907459727141,-1.73901241969858,7.00615544699763));
#11607=CARTESIAN_POINT('',(1.06402371095309,-1.79403535581234,7.10389382297028));
#11608=CARTESIAN_POINT('',(1.12617148151618,-1.85616879889981,7.15764922753578));
#11609=CARTESIAN_POINT('',(1.14022404913391,-1.87026115667459,7.16801867407217));
#11610=CARTESIAN_POINT('',(1.17173753110109,-1.90177721053871,7.18687192785111));
#11611=CARTESIAN_POINT('',(1.19737292836558,-1.92737212980316,7.19829803165473));
#11612=CARTESIAN_POINT('',(1.23012301246812,-1.96012655601776,7.21010045434997));
#11613=CARTESIAN_POINT('',(1.26402979872601,-1.9940297987262,7.22));
#11614=CARTESIAN_POINT('',(1.30999999999981,-2.04,7.22));
#11615=CARTESIAN_POINT('',(1.30999999999981,-2.04,6.92));
#11616=CARTESIAN_POINT('',(1.30999999999981,0.,6.91999999999998));
#11617=CARTESIAN_POINT('',(1.30999999999981,0.,7.21999999999999));
#11618=CARTESIAN_POINT('',(1.3099999999998,-2.04,6.92));
#11619=CARTESIAN_POINT('',(6.38999999999979,9.,9.45999999999998));
#11620=CARTESIAN_POINT('',(6.38999999999981,9.,9.75999999999999));
#11621=CARTESIAN_POINT('',(6.06338470485825,8.99999999999999,9.13));
#11622=CARTESIAN_POINT('',(6.38999999999981,4.2,9.45999999999998));
#11623=CARTESIAN_POINT('',(6.38999999999981,4.2,9.75999999999999));
#11624=CARTESIAN_POINT('',(6.3899999999998,-7.12000000000001,9.46));
#11625=CARTESIAN_POINT('',(3.84999999999979,9.,9.46));
#11626=CARTESIAN_POINT('',(3.84999999999981,9.,9.76));
#11627=CARTESIAN_POINT('',(3.52338470485825,8.99999999999999,9.13));
#11628=CARTESIAN_POINT('',(3.84999999999981,4.2,9.45999999999998));
#11629=CARTESIAN_POINT('',(3.84999999999981,4.2,9.75999999999999));
#11630=CARTESIAN_POINT('',(3.8499999999998,-4.58,9.46));
#11631=CARTESIAN_POINT('',(1.30999999999979,9.,9.46));
#11632=CARTESIAN_POINT('',(1.30999999999981,9.,9.76));
#11633=CARTESIAN_POINT('',(0.983384704858249,9.,9.13));
#11634=CARTESIAN_POINT('',(1.30999999999981,4.2,9.45999999999998));
#11635=CARTESIAN_POINT('',(1.30999999999981,4.2,9.75999999999999));
#11636=CARTESIAN_POINT('',(1.3099999999998,-2.04,9.46));
#11637=CARTESIAN_POINT('',(6.38999999999982,-7.12,9.46));
#11638=CARTESIAN_POINT('',(6.38999999999981,-7.12,9.75999999999999));
#11639=CARTESIAN_POINT('',(6.38999999730403,-7.12000000269579,9.16));
#11640=CARTESIAN_POINT('',(6.38999999999981,-7.12,9.16));
#11641=CARTESIAN_POINT('',(6.29974814089436,-7.02974814156961,9.15999999999999));
#11642=CARTESIAN_POINT('',(6.25800622865283,-6.98801328131818,9.17728716024419));
#11643=CARTESIAN_POINT('',(6.12856004946596,-6.85841191983911,9.28971183921936));
#11644=CARTESIAN_POINT('',(6.09095877429426,-6.82094503299581,9.36751646421585));
#11645=CARTESIAN_POINT('',(6.08907459722437,-6.81901241965327,9.54615544687978));
#11646=CARTESIAN_POINT('',(6.14402371093115,-6.87403535579426,9.64389382293074));
#11647=CARTESIAN_POINT('',(6.20617148145456,-6.93616879883724,9.69764922748763));
#11648=CARTESIAN_POINT('',(6.22022404906881,-6.95026115660946,9.70801867402808));
#11649=CARTESIAN_POINT('',(6.25173753104231,-6.98177721048114,9.72687192782109));
#11650=CARTESIAN_POINT('',(6.27737292834414,-7.00737212978257,9.73829803164565));
#11651=CARTESIAN_POINT('',(6.31012301241786,-7.04012655596593,9.75010045433458));
#11652=CARTESIAN_POINT('',(6.34402979868451,-7.0740297986847,9.76));
#11653=CARTESIAN_POINT('',(6.38999999999981,-7.12,9.76));
#11654=CARTESIAN_POINT('',(6.38999999999981,-2.63009808030382E-30,9.45999999999997));
#11655=CARTESIAN_POINT('',(6.38999999999981,-3.21245088143877E-17,9.75999999999998));
#11656=CARTESIAN_POINT('',(6.3899999999998,-7.12000000000001,9.46));
#11657=CARTESIAN_POINT('',(6.38999999999981,-7.12000000000001,9.46000000000001));
#11658=CARTESIAN_POINT('',(6.38999999999979,-7.12,9.46));
#11659=CARTESIAN_POINT('',(-3.0000000000002,-7.12000000000001,9.46));
#11660=CARTESIAN_POINT('',(-3.0000000000002,-7.12,9.75999999999999));
#11661=CARTESIAN_POINT('',(6.38999999999981,-7.12000000000001,9.46));
#11662=CARTESIAN_POINT('',(-3.00000000000019,-7.44661529514156,9.13));
#11663=CARTESIAN_POINT('',(-3.0000000000002,-4.58000000000001,9.46));
#11664=CARTESIAN_POINT('',(-3.0000000000002,-4.58,9.75999999999999));
#11665=CARTESIAN_POINT('',(-3.00000000000019,-4.90661529514156,9.13));
#11666=CARTESIAN_POINT('',(3.84999999999982,-4.58,9.46));
#11667=CARTESIAN_POINT('',(3.84999999999981,-4.58,9.75999999999999));
#11668=CARTESIAN_POINT('',(3.84999999730396,-4.58000000269585,9.16));
#11669=CARTESIAN_POINT('',(3.84999999999981,-4.58000000000001,9.46000000000001));
#11670=CARTESIAN_POINT('',(3.84999999999979,-4.58,9.46));
#11671=CARTESIAN_POINT('',(3.8499999999998,-4.58,9.16));
#11672=CARTESIAN_POINT('',(3.75974814083245,-4.48974814151294,9.16));
#11673=CARTESIAN_POINT('',(3.7180062287389,-4.44801328140238,9.1772871602195));
#11674=CARTESIAN_POINT('',(3.58856004957961,-4.31841191993976,9.28971183907059));
#11675=CARTESIAN_POINT('',(3.55095877433196,-4.28094503303721,9.36751646410296));
#11676=CARTESIAN_POINT('',(3.54907459718926,-4.27901241961448,9.54615544674749));
#11677=CARTESIAN_POINT('',(3.60402371088947,-4.33403535575048,9.64389382287944));
#11678=CARTESIAN_POINT('',(3.66617148141525,-4.39616879879845,9.69764922745743));
#11679=CARTESIAN_POINT('',(3.68022404903098,-4.41026115657257,9.70801867400253));
#11680=CARTESIAN_POINT('',(3.71173753100999,-4.44177721044985,9.72687192780467));
#11681=CARTESIAN_POINT('',(3.737372928326,-4.46737212976482,9.73829803163811));
#11682=CARTESIAN_POINT('',(3.77012301238535,-4.50012655593252,9.75010045432487));
#11683=CARTESIAN_POINT('',(3.80402979865875,-4.53402979865894,9.76));
#11684=CARTESIAN_POINT('',(3.84999999999981,-4.58,9.76));
#11685=CARTESIAN_POINT('',(3.84999999999981,-1.43722522099897E-29,9.45999999999998));
#11686=CARTESIAN_POINT('',(3.84999999999981,9.63735264431544E-17,9.75999999999999));
#11687=CARTESIAN_POINT('',(3.8499999999998,-4.58,9.46));
#11688=CARTESIAN_POINT('',(3.84999999999981,-4.58,9.46));
#11689=CARTESIAN_POINT('',(-3.0000000000002,-2.04000000000001,9.46));
#11690=CARTESIAN_POINT('',(-3.0000000000002,-2.04,9.75999999999999));
#11691=CARTESIAN_POINT('',(-3.00000000000019,-2.36661529514156,9.13));
#11692=CARTESIAN_POINT('',(1.30999999999982,-2.04,9.46));
#11693=CARTESIAN_POINT('',(1.30999999999981,-2.04,9.75999999999999));
#11694=CARTESIAN_POINT('',(1.30999999730398,-2.04000000269583,9.16));
#11695=CARTESIAN_POINT('',(1.30999999999981,-2.04000000000001,9.46000000000001));
#11696=CARTESIAN_POINT('',(1.30999999999979,-2.04,9.46));
#11697=CARTESIAN_POINT('',(1.3099999999998,-2.04,9.16));
#11698=CARTESIAN_POINT('',(1.21974814072092,-1.94974814140014,9.15999999999999));
#11699=CARTESIAN_POINT('',(1.17800622849462,-1.90801328117795,9.17728716031588));
#11700=CARTESIAN_POINT('',(1.048560049362,-1.77841191973657,9.28971183937537));
#11701=CARTESIAN_POINT('',(1.01095877424381,-1.74094503294703,9.36751646442224));
#11702=CARTESIAN_POINT('',(1.00907459727141,-1.73901241969858,9.54615544699763));
#11703=CARTESIAN_POINT('',(1.06402371095309,-1.79403535581234,9.64389382297028));
#11704=CARTESIAN_POINT('',(1.12617148151618,-1.85616879889981,9.69764922753578));
#11705=CARTESIAN_POINT('',(1.14022404913391,-1.87026115667459,9.70801867407218));
#11706=CARTESIAN_POINT('',(1.17173753110109,-1.90177721053871,9.72687192785111));
#11707=CARTESIAN_POINT('',(1.19737292836558,-1.92737212980316,9.73829803165473));
#11708=CARTESIAN_POINT('',(1.23012301246812,-1.96012655601776,9.75010045434997));
#11709=CARTESIAN_POINT('',(1.26402979872601,-1.9940297987262,9.76));
#11710=CARTESIAN_POINT('',(1.30999999999981,-2.04,9.76));
#11711=CARTESIAN_POINT('',(1.30999999999981,-2.04,9.46));
#11712=CARTESIAN_POINT('',(1.30999999999981,0.,9.45999999999998));
#11713=CARTESIAN_POINT('',(1.30999999999981,0.,9.75999999999999));
#11714=CARTESIAN_POINT('',(1.3099999999998,-2.04,9.46));
#11715=CARTESIAN_POINT('',(6.38999999999979,9.,12.));
#11716=CARTESIAN_POINT('',(6.38999999999981,9.,12.3));
#11717=CARTESIAN_POINT('',(6.06338470485825,8.99999999999999,11.67));
#11718=CARTESIAN_POINT('',(6.38999999999981,4.2,12.));
#11719=CARTESIAN_POINT('',(6.38999999999981,4.2,12.3));
#11720=CARTESIAN_POINT('',(6.3899999999998,-7.12000000000001,12.));
#11721=CARTESIAN_POINT('',(3.84999999999979,9.,12.));
#11722=CARTESIAN_POINT('',(3.84999999999981,9.,12.3));
#11723=CARTESIAN_POINT('',(3.52338470485825,8.99999999999999,11.67));
#11724=CARTESIAN_POINT('',(3.84999999999981,4.2,12.));
#11725=CARTESIAN_POINT('',(3.84999999999981,4.2,12.3));
#11726=CARTESIAN_POINT('',(3.8499999999998,-4.58,12.));
#11727=CARTESIAN_POINT('',(1.30999999999979,9.,12.));
#11728=CARTESIAN_POINT('',(1.30999999999981,9.,12.3));
#11729=CARTESIAN_POINT('',(0.983384704858249,9.,11.67));
#11730=CARTESIAN_POINT('',(1.30999999999981,4.2,12.));
#11731=CARTESIAN_POINT('',(1.30999999999981,4.2,12.3));
#11732=CARTESIAN_POINT('',(1.3099999999998,-2.04,12.));
#11733=CARTESIAN_POINT('',(6.38999999999982,-7.12,12.));
#11734=CARTESIAN_POINT('',(6.38999999999981,-7.12,12.3));
#11735=CARTESIAN_POINT('',(6.38999999730403,-7.12000000269579,11.7));
#11736=CARTESIAN_POINT('',(6.38999999999981,-7.12,11.7));
#11737=CARTESIAN_POINT('',(6.29974814089436,-7.02974814156961,11.7));
#11738=CARTESIAN_POINT('',(6.25800622865283,-6.98801328131818,11.7172871602442));
#11739=CARTESIAN_POINT('',(6.12856004946596,-6.85841191983911,11.8297118392194));
#11740=CARTESIAN_POINT('',(6.09095877429426,-6.82094503299581,11.9075164642159));
#11741=CARTESIAN_POINT('',(6.08907459722437,-6.81901241965327,12.0861554468798));
#11742=CARTESIAN_POINT('',(6.14402371093115,-6.87403535579426,12.1838938229307));
#11743=CARTESIAN_POINT('',(6.20617148145456,-6.93616879883724,12.2376492274876));
#11744=CARTESIAN_POINT('',(6.22022404906881,-6.95026115660946,12.2480186740281));
#11745=CARTESIAN_POINT('',(6.25173753104231,-6.98177721048114,12.2668719278211));
#11746=CARTESIAN_POINT('',(6.27737292834414,-7.00737212978257,12.2782980316456));
#11747=CARTESIAN_POINT('',(6.31012301241786,-7.04012655596593,12.2901004543346));
#11748=CARTESIAN_POINT('',(6.34402979868451,-7.0740297986847,12.3));
#11749=CARTESIAN_POINT('',(6.38999999999981,-7.12,12.3));
#11750=CARTESIAN_POINT('',(6.38999999999981,-2.63009808030382E-30,12.));
#11751=CARTESIAN_POINT('',(6.38999999999981,-3.21245088143877E-17,12.3));
#11752=CARTESIAN_POINT('',(6.3899999999998,-7.12000000000001,12.));
#11753=CARTESIAN_POINT('',(6.38999999999981,-7.12000000000001,12.));
#11754=CARTESIAN_POINT('',(6.38999999999979,-7.12,12.));
#11755=CARTESIAN_POINT('',(-3.0000000000002,-7.12000000000001,12.));
#11756=CARTESIAN_POINT('',(-3.0000000000002,-7.12,12.3));
#11757=CARTESIAN_POINT('',(6.38999999999981,-7.12000000000001,12.));
#11758=CARTESIAN_POINT('',(-3.00000000000019,-7.44661529514156,11.67));
#11759=CARTESIAN_POINT('',(-3.0000000000002,-4.58000000000001,12.));
#11760=CARTESIAN_POINT('',(-3.0000000000002,-4.58,12.3));
#11761=CARTESIAN_POINT('',(-3.00000000000019,-4.90661529514156,11.67));
#11762=CARTESIAN_POINT('',(3.84999999999982,-4.58,12.));
#11763=CARTESIAN_POINT('',(3.84999999999981,-4.58,12.3));
#11764=CARTESIAN_POINT('',(3.84999999730396,-4.58000000269585,11.7));
#11765=CARTESIAN_POINT('',(3.84999999999981,-4.58000000000001,12.));
#11766=CARTESIAN_POINT('',(3.84999999999979,-4.58,12.));
#11767=CARTESIAN_POINT('',(3.8499999999998,-4.58,11.7));
#11768=CARTESIAN_POINT('',(3.75974814083245,-4.48974814151294,11.7));
#11769=CARTESIAN_POINT('',(3.7180062287389,-4.44801328140238,11.7172871602195));
#11770=CARTESIAN_POINT('',(3.58856004957961,-4.31841191993976,11.8297118390706));
#11771=CARTESIAN_POINT('',(3.55095877433196,-4.28094503303721,11.907516464103));
#11772=CARTESIAN_POINT('',(3.54907459718926,-4.27901241961448,12.0861554467475));
#11773=CARTESIAN_POINT('',(3.60402371088947,-4.33403535575048,12.1838938228794));
#11774=CARTESIAN_POINT('',(3.66617148141525,-4.39616879879845,12.2376492274574));
#11775=CARTESIAN_POINT('',(3.68022404903098,-4.41026115657257,12.2480186740025));
#11776=CARTESIAN_POINT('',(3.71173753100999,-4.44177721044985,12.2668719278047));
#11777=CARTESIAN_POINT('',(3.737372928326,-4.46737212976482,12.2782980316381));
#11778=CARTESIAN_POINT('',(3.77012301238535,-4.50012655593252,12.2901004543249));
#11779=CARTESIAN_POINT('',(3.80402979865875,-4.53402979865894,12.3));
#11780=CARTESIAN_POINT('',(3.84999999999981,-4.58,12.3));
#11781=CARTESIAN_POINT('',(3.84999999999981,-1.43722522099897E-29,12.));
#11782=CARTESIAN_POINT('',(3.84999999999981,9.63735264431544E-17,12.3));
#11783=CARTESIAN_POINT('',(3.8499999999998,-4.58,12.));
#11784=CARTESIAN_POINT('',(3.84999999999981,-4.58,12.));
#11785=CARTESIAN_POINT('',(-3.0000000000002,-2.04000000000001,12.));
#11786=CARTESIAN_POINT('',(-3.0000000000002,-2.04,12.3));
#11787=CARTESIAN_POINT('',(-3.00000000000019,-2.36661529514156,11.67));
#11788=CARTESIAN_POINT('',(1.30999999999982,-2.04,12.));
#11789=CARTESIAN_POINT('',(1.30999999999981,-2.04,12.3));
#11790=CARTESIAN_POINT('',(1.30999999730398,-2.04000000269583,11.7));
#11791=CARTESIAN_POINT('',(1.30999999999981,-2.04000000000001,12.));
#11792=CARTESIAN_POINT('',(1.30999999999979,-2.04,12.));
#11793=CARTESIAN_POINT('',(1.3099999999998,-2.04,11.7));
#11794=CARTESIAN_POINT('',(1.21974814072092,-1.94974814140014,11.7));
#11795=CARTESIAN_POINT('',(1.17800622849462,-1.90801328117795,11.7172871603159));
#11796=CARTESIAN_POINT('',(1.048560049362,-1.77841191973657,11.8297118393754));
#11797=CARTESIAN_POINT('',(1.01095877424381,-1.74094503294703,11.9075164644222));
#11798=CARTESIAN_POINT('',(1.00907459727141,-1.73901241969858,12.0861554469976));
#11799=CARTESIAN_POINT('',(1.06402371095309,-1.79403535581234,12.1838938229703));
#11800=CARTESIAN_POINT('',(1.12617148151618,-1.85616879889981,12.2376492275358));
#11801=CARTESIAN_POINT('',(1.14022404913391,-1.87026115667459,12.2480186740722));
#11802=CARTESIAN_POINT('',(1.17173753110109,-1.90177721053871,12.2668719278511));
#11803=CARTESIAN_POINT('',(1.19737292836558,-1.92737212980316,12.2782980316547));
#11804=CARTESIAN_POINT('',(1.23012301246812,-1.96012655601776,12.29010045435));
#11805=CARTESIAN_POINT('',(1.26402979872601,-1.9940297987262,12.3));
#11806=CARTESIAN_POINT('',(1.30999999999981,-2.04,12.3));
#11807=CARTESIAN_POINT('',(1.30999999999981,-2.04,12.));
#11808=CARTESIAN_POINT('',(1.30999999999981,0.,12.));
#11809=CARTESIAN_POINT('',(1.30999999999981,0.,12.3));
#11810=CARTESIAN_POINT('',(1.3099999999998,-2.04,12.));
#11811=CARTESIAN_POINT('',(6.38999999999979,9.,14.54));
#11812=CARTESIAN_POINT('',(6.38999999999981,9.,14.84));
#11813=CARTESIAN_POINT('',(6.06338470485825,8.99999999999999,14.21));
#11814=CARTESIAN_POINT('',(6.38999999999981,4.2,14.54));
#11815=CARTESIAN_POINT('',(6.38999999999981,4.2,14.84));
#11816=CARTESIAN_POINT('',(6.3899999999998,-7.12000000000001,14.54));
#11817=CARTESIAN_POINT('',(3.84999999999979,9.,14.54));
#11818=CARTESIAN_POINT('',(3.84999999999981,9.,14.84));
#11819=CARTESIAN_POINT('',(3.52338470485825,8.99999999999999,14.21));
#11820=CARTESIAN_POINT('',(3.84999999999981,4.2,14.54));
#11821=CARTESIAN_POINT('',(3.84999999999981,4.2,14.84));
#11822=CARTESIAN_POINT('',(3.8499999999998,-4.58,14.54));
#11823=CARTESIAN_POINT('',(1.30999999999979,9.,14.54));
#11824=CARTESIAN_POINT('',(1.30999999999981,9.,14.84));
#11825=CARTESIAN_POINT('',(0.983384704858249,9.,14.21));
#11826=CARTESIAN_POINT('',(1.30999999999981,4.2,14.54));
#11827=CARTESIAN_POINT('',(1.30999999999981,4.2,14.84));
#11828=CARTESIAN_POINT('',(1.3099999999998,-2.04,14.54));
#11829=CARTESIAN_POINT('',(6.38999999999982,-7.12,14.54));
#11830=CARTESIAN_POINT('',(6.38999999999981,-7.12,14.84));
#11831=CARTESIAN_POINT('',(6.38999999730403,-7.12000000269579,14.24));
#11832=CARTESIAN_POINT('',(6.38999999999981,-7.12,14.24));
#11833=CARTESIAN_POINT('',(6.29974814089436,-7.02974814156961,14.24));
#11834=CARTESIAN_POINT('',(6.25800622865283,-6.98801328131818,14.2572871602442));
#11835=CARTESIAN_POINT('',(6.12856004946596,-6.85841191983911,14.3697118392194));
#11836=CARTESIAN_POINT('',(6.09095877429426,-6.82094503299581,14.4475164642159));
#11837=CARTESIAN_POINT('',(6.08907459722437,-6.81901241965327,14.6261554468798));
#11838=CARTESIAN_POINT('',(6.14402371093115,-6.87403535579426,14.7238938229307));
#11839=CARTESIAN_POINT('',(6.20617148145456,-6.93616879883724,14.7776492274876));
#11840=CARTESIAN_POINT('',(6.22022404906881,-6.95026115660946,14.7880186740281));
#11841=CARTESIAN_POINT('',(6.25173753104231,-6.98177721048114,14.8068719278211));
#11842=CARTESIAN_POINT('',(6.27737292834414,-7.00737212978257,14.8182980316457));
#11843=CARTESIAN_POINT('',(6.31012301241786,-7.04012655596593,14.8301004543346));
#11844=CARTESIAN_POINT('',(6.34402979868451,-7.0740297986847,14.84));
#11845=CARTESIAN_POINT('',(6.38999999999981,-7.12,14.84));
#11846=CARTESIAN_POINT('',(6.38999999999981,-2.63009808030382E-30,14.54));
#11847=CARTESIAN_POINT('',(6.38999999999981,-3.21245088143877E-17,14.84));
#11848=CARTESIAN_POINT('',(6.3899999999998,-7.12000000000001,14.54));
#11849=CARTESIAN_POINT('',(6.38999999999981,-7.12000000000001,14.54));
#11850=CARTESIAN_POINT('',(6.38999999999979,-7.12,14.54));
#11851=CARTESIAN_POINT('',(-3.0000000000002,-7.12000000000001,14.54));
#11852=CARTESIAN_POINT('',(-3.0000000000002,-7.12,14.84));
#11853=CARTESIAN_POINT('',(6.38999999999981,-7.12000000000001,14.54));
#11854=CARTESIAN_POINT('',(-3.00000000000019,-7.44661529514156,14.21));
#11855=CARTESIAN_POINT('',(-3.0000000000002,-4.58000000000001,14.54));
#11856=CARTESIAN_POINT('',(-3.0000000000002,-4.58,14.84));
#11857=CARTESIAN_POINT('',(-3.00000000000019,-4.90661529514156,14.21));
#11858=CARTESIAN_POINT('',(3.84999999999982,-4.58,14.54));
#11859=CARTESIAN_POINT('',(3.84999999999981,-4.58,14.84));
#11860=CARTESIAN_POINT('',(3.84999999730396,-4.58000000269585,14.24));
#11861=CARTESIAN_POINT('',(3.84999999999981,-4.58000000000001,14.54));
#11862=CARTESIAN_POINT('',(3.84999999999979,-4.58,14.54));
#11863=CARTESIAN_POINT('',(3.8499999999998,-4.58,14.24));
#11864=CARTESIAN_POINT('',(3.75974814083245,-4.48974814151294,14.24));
#11865=CARTESIAN_POINT('',(3.7180062287389,-4.44801328140238,14.2572871602195));
#11866=CARTESIAN_POINT('',(3.58856004957961,-4.31841191993976,14.3697118390706));
#11867=CARTESIAN_POINT('',(3.55095877433196,-4.28094503303721,14.447516464103));
#11868=CARTESIAN_POINT('',(3.54907459718926,-4.27901241961448,14.6261554467475));
#11869=CARTESIAN_POINT('',(3.60402371088947,-4.33403535575048,14.7238938228794));
#11870=CARTESIAN_POINT('',(3.66617148141525,-4.39616879879845,14.7776492274574));
#11871=CARTESIAN_POINT('',(3.68022404903098,-4.41026115657257,14.7880186740025));
#11872=CARTESIAN_POINT('',(3.71173753100999,-4.44177721044985,14.8068719278047));
#11873=CARTESIAN_POINT('',(3.737372928326,-4.46737212976482,14.8182980316381));
#11874=CARTESIAN_POINT('',(3.77012301238535,-4.50012655593252,14.8301004543249));
#11875=CARTESIAN_POINT('',(3.80402979865875,-4.53402979865894,14.84));
#11876=CARTESIAN_POINT('',(3.84999999999981,-4.58,14.84));
#11877=CARTESIAN_POINT('',(3.84999999999981,-1.43722522099897E-29,14.54));
#11878=CARTESIAN_POINT('',(3.84999999999981,9.63735264431544E-17,14.84));
#11879=CARTESIAN_POINT('',(3.8499999999998,-4.58,14.54));
#11880=CARTESIAN_POINT('',(3.84999999999981,-4.58,14.54));
#11881=CARTESIAN_POINT('',(-3.0000000000002,-2.04000000000001,14.54));
#11882=CARTESIAN_POINT('',(-3.0000000000002,-2.04,14.84));
#11883=CARTESIAN_POINT('',(-3.00000000000019,-2.36661529514156,14.21));
#11884=CARTESIAN_POINT('',(1.30999999999982,-2.04,14.54));
#11885=CARTESIAN_POINT('',(1.30999999999981,-2.04,14.84));
#11886=CARTESIAN_POINT('',(1.30999999730398,-2.04000000269583,14.24));
#11887=CARTESIAN_POINT('',(1.30999999999981,-2.04000000000001,14.54));
#11888=CARTESIAN_POINT('',(1.30999999999979,-2.04,14.54));
#11889=CARTESIAN_POINT('',(1.3099999999998,-2.04,14.24));
#11890=CARTESIAN_POINT('',(1.21974814072092,-1.94974814140014,14.24));
#11891=CARTESIAN_POINT('',(1.17800622849462,-1.90801328117795,14.2572871603159));
#11892=CARTESIAN_POINT('',(1.048560049362,-1.77841191973657,14.3697118393754));
#11893=CARTESIAN_POINT('',(1.01095877424381,-1.74094503294703,14.4475164644222));
#11894=CARTESIAN_POINT('',(1.00907459727141,-1.73901241969858,14.6261554469976));
#11895=CARTESIAN_POINT('',(1.06402371095309,-1.79403535581234,14.7238938229703));
#11896=CARTESIAN_POINT('',(1.12617148151618,-1.85616879889981,14.7776492275358));
#11897=CARTESIAN_POINT('',(1.14022404913391,-1.87026115667459,14.7880186740722));
#11898=CARTESIAN_POINT('',(1.17173753110109,-1.90177721053871,14.8068719278511));
#11899=CARTESIAN_POINT('',(1.19737292836558,-1.92737212980316,14.8182980316547));
#11900=CARTESIAN_POINT('',(1.23012301246812,-1.96012655601776,14.83010045435));
#11901=CARTESIAN_POINT('',(1.26402979872601,-1.9940297987262,14.84));
#11902=CARTESIAN_POINT('',(1.30999999999981,-2.04,14.84));
#11903=CARTESIAN_POINT('',(1.30999999999981,-2.04,14.54));
#11904=CARTESIAN_POINT('',(1.30999999999981,0.,14.54));
#11905=CARTESIAN_POINT('',(1.30999999999981,0.,14.84));
#11906=CARTESIAN_POINT('',(1.3099999999998,-2.04,14.54));
#11907=CARTESIAN_POINT('',(6.38999999999979,9.,17.08));
#11908=CARTESIAN_POINT('',(6.38999999999981,9.,17.38));
#11909=CARTESIAN_POINT('',(6.06338470485825,8.99999999999999,16.75));
#11910=CARTESIAN_POINT('',(6.38999999999981,4.2,17.08));
#11911=CARTESIAN_POINT('',(6.38999999999981,4.2,17.38));
#11912=CARTESIAN_POINT('',(6.3899999999998,-7.12000000000001,17.08));
#11913=CARTESIAN_POINT('',(3.84999999999979,9.,17.08));
#11914=CARTESIAN_POINT('',(3.84999999999981,9.,17.38));
#11915=CARTESIAN_POINT('',(3.52338470485825,8.99999999999999,16.75));
#11916=CARTESIAN_POINT('',(3.84999999999981,4.2,17.08));
#11917=CARTESIAN_POINT('',(3.84999999999981,4.2,17.38));
#11918=CARTESIAN_POINT('',(3.8499999999998,-4.58,17.08));
#11919=CARTESIAN_POINT('',(1.30999999999979,9.,17.08));
#11920=CARTESIAN_POINT('',(1.30999999999981,9.,17.38));
#11921=CARTESIAN_POINT('',(0.983384704858249,9.,16.75));
#11922=CARTESIAN_POINT('',(1.30999999999981,4.2,17.08));
#11923=CARTESIAN_POINT('',(1.30999999999981,4.2,17.38));
#11924=CARTESIAN_POINT('',(1.3099999999998,-2.04,17.08));
#11925=CARTESIAN_POINT('',(6.38999999999982,-7.12,17.08));
#11926=CARTESIAN_POINT('',(6.38999999999981,-7.12,17.38));
#11927=CARTESIAN_POINT('',(6.38999999730403,-7.12000000269579,16.78));
#11928=CARTESIAN_POINT('',(6.38999999999981,-7.12,16.78));
#11929=CARTESIAN_POINT('',(6.29974814089436,-7.02974814156961,16.78));
#11930=CARTESIAN_POINT('',(6.25800622865283,-6.98801328131818,16.7972871602442));
#11931=CARTESIAN_POINT('',(6.12856004946596,-6.85841191983911,16.9097118392194));
#11932=CARTESIAN_POINT('',(6.09095877429426,-6.82094503299581,16.9875164642159));
#11933=CARTESIAN_POINT('',(6.08907459722437,-6.81901241965328,17.1661554468798));
#11934=CARTESIAN_POINT('',(6.14402371093116,-6.87403535579427,17.2638938229308));
#11935=CARTESIAN_POINT('',(6.20617148145456,-6.93616879883724,17.3176492274876));
#11936=CARTESIAN_POINT('',(6.22022404906881,-6.95026115660946,17.3280186740281));
#11937=CARTESIAN_POINT('',(6.25173753104231,-6.98177721048114,17.3468719278211));
#11938=CARTESIAN_POINT('',(6.27737292834413,-7.00737212978256,17.3582980316456));
#11939=CARTESIAN_POINT('',(6.31012301241786,-7.04012655596593,17.3701004543346));
#11940=CARTESIAN_POINT('',(6.3440297986845,-7.0740297986847,17.38));
#11941=CARTESIAN_POINT('',(6.38999999999981,-7.12,17.38));
#11942=CARTESIAN_POINT('',(6.38999999999981,-2.63009808030382E-30,17.08));
#11943=CARTESIAN_POINT('',(6.38999999999981,-3.21245088143877E-17,17.38));
#11944=CARTESIAN_POINT('',(6.3899999999998,-7.12000000000001,17.08));
#11945=CARTESIAN_POINT('',(6.38999999999981,-7.12000000000001,17.08));
#11946=CARTESIAN_POINT('',(6.38999999999979,-7.12,17.08));
#11947=CARTESIAN_POINT('',(-3.0000000000002,-7.12000000000001,17.08));
#11948=CARTESIAN_POINT('',(-3.0000000000002,-7.12,17.38));
#11949=CARTESIAN_POINT('',(6.38999999999981,-7.12000000000001,17.08));
#11950=CARTESIAN_POINT('',(-3.00000000000019,-7.44661529514156,16.75));
#11951=CARTESIAN_POINT('',(-3.0000000000002,-4.58000000000001,17.08));
#11952=CARTESIAN_POINT('',(-3.0000000000002,-4.58,17.38));
#11953=CARTESIAN_POINT('',(-3.00000000000019,-4.90661529514156,16.75));
#11954=CARTESIAN_POINT('',(3.84999999999982,-4.58,17.08));
#11955=CARTESIAN_POINT('',(3.84999999999981,-4.58,17.38));
#11956=CARTESIAN_POINT('',(3.84999999730396,-4.58000000269585,16.78));
#11957=CARTESIAN_POINT('',(3.84999999999981,-4.58000000000001,17.08));
#11958=CARTESIAN_POINT('',(3.84999999999979,-4.58,17.08));
#11959=CARTESIAN_POINT('',(3.8499999999998,-4.58,16.78));
#11960=CARTESIAN_POINT('',(3.75974814083245,-4.48974814151294,16.78));
#11961=CARTESIAN_POINT('',(3.7180062287389,-4.44801328140239,16.7972871602195));
#11962=CARTESIAN_POINT('',(3.58856004957962,-4.31841191993976,16.9097118390706));
#11963=CARTESIAN_POINT('',(3.55095877433196,-4.28094503303721,16.987516464103));
#11964=CARTESIAN_POINT('',(3.54907459718926,-4.27901241961448,17.1661554467475));
#11965=CARTESIAN_POINT('',(3.60402371088947,-4.33403535575048,17.2638938228794));
#11966=CARTESIAN_POINT('',(3.66617148141525,-4.39616879879845,17.3176492274574));
#11967=CARTESIAN_POINT('',(3.68022404903098,-4.41026115657257,17.3280186740025));
#11968=CARTESIAN_POINT('',(3.71173753100999,-4.44177721044986,17.3468719278047));
#11969=CARTESIAN_POINT('',(3.737372928326,-4.46737212976482,17.3582980316381));
#11970=CARTESIAN_POINT('',(3.77012301238535,-4.50012655593252,17.3701004543249));
#11971=CARTESIAN_POINT('',(3.80402979865875,-4.53402979865894,17.38));
#11972=CARTESIAN_POINT('',(3.84999999999981,-4.58,17.38));
#11973=CARTESIAN_POINT('',(3.84999999999981,-1.43722522099897E-29,17.08));
#11974=CARTESIAN_POINT('',(3.84999999999981,9.63735264431544E-17,17.38));
#11975=CARTESIAN_POINT('',(3.8499999999998,-4.58,17.08));
#11976=CARTESIAN_POINT('',(3.84999999999981,-4.58,17.08));
#11977=CARTESIAN_POINT('',(-3.0000000000002,-2.04000000000001,17.08));
#11978=CARTESIAN_POINT('',(-3.0000000000002,-2.04,17.38));
#11979=CARTESIAN_POINT('',(-3.00000000000019,-2.36661529514156,16.75));
#11980=CARTESIAN_POINT('',(1.30999999999982,-2.04,17.08));
#11981=CARTESIAN_POINT('',(1.30999999999981,-2.04,17.38));
#11982=CARTESIAN_POINT('',(1.30999999730398,-2.04000000269583,16.78));
#11983=CARTESIAN_POINT('',(1.30999999999981,-2.04000000000001,17.08));
#11984=CARTESIAN_POINT('',(1.30999999999979,-2.04,17.08));
#11985=CARTESIAN_POINT('',(1.3099999999998,-2.04,16.78));
#11986=CARTESIAN_POINT('',(1.21974814072092,-1.94974814140014,16.78));
#11987=CARTESIAN_POINT('',(1.17800622849462,-1.90801328117795,16.7972871603159));
#11988=CARTESIAN_POINT('',(1.048560049362,-1.77841191973657,16.9097118393754));
#11989=CARTESIAN_POINT('',(1.01095877424381,-1.74094503294703,16.9875164644222));
#11990=CARTESIAN_POINT('',(1.00907459727141,-1.73901241969858,17.1661554469976));
#11991=CARTESIAN_POINT('',(1.06402371095309,-1.79403535581234,17.2638938229703));
#11992=CARTESIAN_POINT('',(1.12617148151618,-1.85616879889981,17.3176492275358));
#11993=CARTESIAN_POINT('',(1.14022404913391,-1.87026115667459,17.3280186740722));
#11994=CARTESIAN_POINT('',(1.17173753110109,-1.90177721053871,17.3468719278511));
#11995=CARTESIAN_POINT('',(1.19737292836558,-1.92737212980316,17.3582980316547));
#11996=CARTESIAN_POINT('',(1.23012301246812,-1.96012655601776,17.37010045435));
#11997=CARTESIAN_POINT('',(1.26402979872601,-1.9940297987262,17.38));
#11998=CARTESIAN_POINT('',(1.30999999999981,-2.04,17.38));
#11999=CARTESIAN_POINT('',(1.30999999999981,-2.04,17.08));
#12000=CARTESIAN_POINT('',(1.30999999999981,0.,17.08));
#12001=CARTESIAN_POINT('',(1.30999999999981,0.,17.38));
#12002=CARTESIAN_POINT('',(1.3099999999998,-2.04,17.08));
#12003=CARTESIAN_POINT('',(6.38999999999979,9.,19.62));
#12004=CARTESIAN_POINT('',(6.38999999999981,9.,19.92));
#12005=CARTESIAN_POINT('',(6.06338470485825,8.99999999999999,19.29));
#12006=CARTESIAN_POINT('',(6.38999999999981,4.2,19.62));
#12007=CARTESIAN_POINT('',(6.38999999999981,4.2,19.92));
#12008=CARTESIAN_POINT('',(6.3899999999998,-7.12000000000001,19.62));
#12009=CARTESIAN_POINT('',(3.84999999999979,9.,19.62));
#12010=CARTESIAN_POINT('',(3.84999999999981,9.,19.92));
#12011=CARTESIAN_POINT('',(3.52338470485825,8.99999999999999,19.29));
#12012=CARTESIAN_POINT('',(3.84999999999981,4.2,19.62));
#12013=CARTESIAN_POINT('',(3.84999999999981,4.2,19.92));
#12014=CARTESIAN_POINT('',(3.8499999999998,-4.58,19.62));
#12015=CARTESIAN_POINT('',(1.30999999999979,9.,19.62));
#12016=CARTESIAN_POINT('',(1.30999999999981,9.,19.92));
#12017=CARTESIAN_POINT('',(0.983384704858249,9.,19.29));
#12018=CARTESIAN_POINT('',(1.30999999999981,4.2,19.62));
#12019=CARTESIAN_POINT('',(1.30999999999981,4.2,19.92));
#12020=CARTESIAN_POINT('',(1.3099999999998,-2.04,19.62));
#12021=CARTESIAN_POINT('',(6.38999999999982,-7.12,19.62));
#12022=CARTESIAN_POINT('',(6.38999999999981,-7.12,19.92));
#12023=CARTESIAN_POINT('',(6.38999999730403,-7.12000000269579,19.32));
#12024=CARTESIAN_POINT('',(6.38999999999981,-7.12,19.32));
#12025=CARTESIAN_POINT('',(6.29974814089436,-7.02974814156961,19.32));
#12026=CARTESIAN_POINT('',(6.25800622865283,-6.98801328131818,19.3372871602442));
#12027=CARTESIAN_POINT('',(6.12856004946596,-6.85841191983911,19.4497118392194));
#12028=CARTESIAN_POINT('',(6.09095877429426,-6.82094503299581,19.5275164642159));
#12029=CARTESIAN_POINT('',(6.08907459722437,-6.81901241965328,19.7061554468798));
#12030=CARTESIAN_POINT('',(6.14402371093116,-6.87403535579427,19.8038938229307));
#12031=CARTESIAN_POINT('',(6.20617148145456,-6.93616879883724,19.8576492274876));
#12032=CARTESIAN_POINT('',(6.22022404906881,-6.95026115660946,19.8680186740281));
#12033=CARTESIAN_POINT('',(6.25173753104231,-6.98177721048114,19.8868719278211));
#12034=CARTESIAN_POINT('',(6.27737292834413,-7.00737212978256,19.8982980316456));
#12035=CARTESIAN_POINT('',(6.31012301241786,-7.04012655596593,19.9101004543346));
#12036=CARTESIAN_POINT('',(6.3440297986845,-7.0740297986847,19.92));
#12037=CARTESIAN_POINT('',(6.38999999999981,-7.12,19.92));
#12038=CARTESIAN_POINT('',(6.38999999999981,-2.63009808030382E-30,19.62));
#12039=CARTESIAN_POINT('',(6.38999999999981,-3.21245088143877E-17,19.92));
#12040=CARTESIAN_POINT('',(6.3899999999998,-7.12000000000001,19.62));
#12041=CARTESIAN_POINT('',(6.38999999999981,-7.12000000000001,19.62));
#12042=CARTESIAN_POINT('',(6.38999999999979,-7.12,19.62));
#12043=CARTESIAN_POINT('',(-3.0000000000002,-7.12000000000001,19.62));
#12044=CARTESIAN_POINT('',(-3.0000000000002,-7.12,19.92));
#12045=CARTESIAN_POINT('',(6.38999999999981,-7.12000000000001,19.62));
#12046=CARTESIAN_POINT('',(-3.00000000000019,-7.44661529514156,19.29));
#12047=CARTESIAN_POINT('',(-3.0000000000002,-4.58000000000001,19.62));
#12048=CARTESIAN_POINT('',(-3.0000000000002,-4.58,19.92));
#12049=CARTESIAN_POINT('',(-3.00000000000019,-4.90661529514156,19.29));
#12050=CARTESIAN_POINT('',(3.84999999999982,-4.58,19.62));
#12051=CARTESIAN_POINT('',(3.84999999999981,-4.58,19.92));
#12052=CARTESIAN_POINT('',(3.84999999730396,-4.58000000269585,19.32));
#12053=CARTESIAN_POINT('',(3.84999999999981,-4.58000000000001,19.62));
#12054=CARTESIAN_POINT('',(3.84999999999979,-4.58,19.62));
#12055=CARTESIAN_POINT('',(3.8499999999998,-4.58,19.32));
#12056=CARTESIAN_POINT('',(3.75974814083245,-4.48974814151294,19.32));
#12057=CARTESIAN_POINT('',(3.7180062287389,-4.44801328140239,19.3372871602195));
#12058=CARTESIAN_POINT('',(3.58856004957962,-4.31841191993976,19.4497118390706));
#12059=CARTESIAN_POINT('',(3.55095877433196,-4.28094503303721,19.527516464103));
#12060=CARTESIAN_POINT('',(3.54907459718926,-4.27901241961448,19.7061554467475));
#12061=CARTESIAN_POINT('',(3.60402371088947,-4.33403535575048,19.8038938228794));
#12062=CARTESIAN_POINT('',(3.66617148141525,-4.39616879879845,19.8576492274574));
#12063=CARTESIAN_POINT('',(3.68022404903098,-4.41026115657257,19.8680186740025));
#12064=CARTESIAN_POINT('',(3.71173753100999,-4.44177721044986,19.8868719278047));
#12065=CARTESIAN_POINT('',(3.737372928326,-4.46737212976482,19.8982980316381));
#12066=CARTESIAN_POINT('',(3.77012301238535,-4.50012655593252,19.9101004543249));
#12067=CARTESIAN_POINT('',(3.80402979865875,-4.53402979865894,19.92));
#12068=CARTESIAN_POINT('',(3.84999999999981,-4.58,19.92));
#12069=CARTESIAN_POINT('',(3.84999999999981,-1.43722522099897E-29,19.62));
#12070=CARTESIAN_POINT('',(3.84999999999981,9.63735264431544E-17,19.92));
#12071=CARTESIAN_POINT('',(3.8499999999998,-4.58,19.62));
#12072=CARTESIAN_POINT('',(3.84999999999981,-4.58,19.62));
#12073=CARTESIAN_POINT('',(-3.0000000000002,-2.04000000000001,19.62));
#12074=CARTESIAN_POINT('',(-3.0000000000002,-2.04,19.92));
#12075=CARTESIAN_POINT('',(-3.00000000000019,-2.36661529514156,19.29));
#12076=CARTESIAN_POINT('',(1.30999999999982,-2.04,19.62));
#12077=CARTESIAN_POINT('',(1.30999999999981,-2.04,19.92));
#12078=CARTESIAN_POINT('',(1.30999999730398,-2.04000000269583,19.32));
#12079=CARTESIAN_POINT('',(1.30999999999981,-2.04000000000001,19.62));
#12080=CARTESIAN_POINT('',(1.30999999999979,-2.04,19.62));
#12081=CARTESIAN_POINT('',(1.3099999999998,-2.04,19.32));
#12082=CARTESIAN_POINT('',(1.21974814072092,-1.94974814140014,19.32));
#12083=CARTESIAN_POINT('',(1.17800622849462,-1.90801328117795,19.3372871603159));
#12084=CARTESIAN_POINT('',(1.048560049362,-1.77841191973657,19.4497118393754));
#12085=CARTESIAN_POINT('',(1.01095877424381,-1.74094503294703,19.5275164644222));
#12086=CARTESIAN_POINT('',(1.00907459727141,-1.73901241969858,19.7061554469976));
#12087=CARTESIAN_POINT('',(1.06402371095309,-1.79403535581234,19.8038938229703));
#12088=CARTESIAN_POINT('',(1.12617148151618,-1.85616879889981,19.8576492275358));
#12089=CARTESIAN_POINT('',(1.14022404913391,-1.87026115667459,19.8680186740722));
#12090=CARTESIAN_POINT('',(1.17173753110109,-1.90177721053871,19.8868719278511));
#12091=CARTESIAN_POINT('',(1.19737292836558,-1.92737212980316,19.8982980316547));
#12092=CARTESIAN_POINT('',(1.23012301246812,-1.96012655601776,19.91010045435));
#12093=CARTESIAN_POINT('',(1.26402979872601,-1.9940297987262,19.92));
#12094=CARTESIAN_POINT('',(1.30999999999981,-2.04,19.92));
#12095=CARTESIAN_POINT('',(1.30999999999981,-2.04,19.62));
#12096=CARTESIAN_POINT('',(1.30999999999981,0.,19.62));
#12097=CARTESIAN_POINT('',(1.30999999999981,0.,19.92));
#12098=CARTESIAN_POINT('',(1.3099999999998,-2.04,19.62));
#12099=CARTESIAN_POINT('',(6.38999999999979,9.,22.16));
#12100=CARTESIAN_POINT('',(6.38999999999981,9.,22.46));
#12101=CARTESIAN_POINT('',(6.06338470485825,8.99999999999999,21.83));
#12102=CARTESIAN_POINT('',(6.38999999999981,4.2,22.16));
#12103=CARTESIAN_POINT('',(6.38999999999981,4.2,22.46));
#12104=CARTESIAN_POINT('',(6.3899999999998,-7.12000000000001,22.16));
#12105=CARTESIAN_POINT('',(3.84999999999979,9.,22.16));
#12106=CARTESIAN_POINT('',(3.84999999999981,9.,22.46));
#12107=CARTESIAN_POINT('',(3.52338470485825,8.99999999999999,21.83));
#12108=CARTESIAN_POINT('',(3.84999999999981,4.2,22.16));
#12109=CARTESIAN_POINT('',(3.84999999999981,4.2,22.46));
#12110=CARTESIAN_POINT('',(3.8499999999998,-4.58,22.16));
#12111=CARTESIAN_POINT('',(1.30999999999979,9.,22.16));
#12112=CARTESIAN_POINT('',(1.30999999999981,9.,22.46));
#12113=CARTESIAN_POINT('',(0.983384704858249,9.,21.83));
#12114=CARTESIAN_POINT('',(1.30999999999981,4.2,22.16));
#12115=CARTESIAN_POINT('',(1.30999999999981,4.2,22.46));
#12116=CARTESIAN_POINT('',(1.3099999999998,-2.04,22.16));
#12117=CARTESIAN_POINT('',(6.38999999999982,-7.12,22.16));
#12118=CARTESIAN_POINT('',(6.38999999999981,-7.12,22.46));
#12119=CARTESIAN_POINT('',(6.38999999730403,-7.12000000269579,21.86));
#12120=CARTESIAN_POINT('',(6.38999999999981,-7.12,21.86));
#12121=CARTESIAN_POINT('',(6.29974814089436,-7.02974814156961,21.86));
#12122=CARTESIAN_POINT('',(6.25800622865283,-6.98801328131818,21.8772871602442));
#12123=CARTESIAN_POINT('',(6.12856004946596,-6.85841191983911,21.9897118392194));
#12124=CARTESIAN_POINT('',(6.09095877429426,-6.82094503299581,22.0675164642158));
#12125=CARTESIAN_POINT('',(6.08907459722437,-6.81901241965328,22.2461554468798));
#12126=CARTESIAN_POINT('',(6.14402371093116,-6.87403535579427,22.3438938229307));
#12127=CARTESIAN_POINT('',(6.20617148145456,-6.93616879883724,22.3976492274876));
#12128=CARTESIAN_POINT('',(6.22022404906881,-6.95026115660946,22.4080186740281));
#12129=CARTESIAN_POINT('',(6.25173753104231,-6.98177721048114,22.4268719278211));
#12130=CARTESIAN_POINT('',(6.27737292834413,-7.00737212978256,22.4382980316456));
#12131=CARTESIAN_POINT('',(6.31012301241786,-7.04012655596593,22.4501004543346));
#12132=CARTESIAN_POINT('',(6.3440297986845,-7.0740297986847,22.46));
#12133=CARTESIAN_POINT('',(6.38999999999981,-7.12,22.46));
#12134=CARTESIAN_POINT('',(6.38999999999981,-2.63009808030382E-30,22.16));
#12135=CARTESIAN_POINT('',(6.38999999999981,-3.21245088143877E-17,22.46));
#12136=CARTESIAN_POINT('',(6.3899999999998,-7.12000000000001,22.16));
#12137=CARTESIAN_POINT('',(6.38999999999981,-7.12000000000001,22.16));
#12138=CARTESIAN_POINT('',(6.38999999999979,-7.12,22.16));
#12139=CARTESIAN_POINT('',(-3.0000000000002,-7.12000000000001,22.16));
#12140=CARTESIAN_POINT('',(-3.0000000000002,-7.12,22.46));
#12141=CARTESIAN_POINT('',(6.38999999999981,-7.12000000000001,22.16));
#12142=CARTESIAN_POINT('',(-3.00000000000019,-7.44661529514156,21.83));
#12143=CARTESIAN_POINT('',(-3.0000000000002,-4.58000000000001,22.16));
#12144=CARTESIAN_POINT('',(-3.0000000000002,-4.58,22.46));
#12145=CARTESIAN_POINT('',(-3.00000000000019,-4.90661529514156,21.83));
#12146=CARTESIAN_POINT('',(3.84999999999982,-4.58,22.16));
#12147=CARTESIAN_POINT('',(3.84999999999981,-4.58,22.46));
#12148=CARTESIAN_POINT('',(3.84999999730396,-4.58000000269585,21.86));
#12149=CARTESIAN_POINT('',(3.84999999999981,-4.58000000000001,22.16));
#12150=CARTESIAN_POINT('',(3.84999999999979,-4.58,22.16));
#12151=CARTESIAN_POINT('',(3.8499999999998,-4.58,21.86));
#12152=CARTESIAN_POINT('',(3.75974814083245,-4.48974814151294,21.86));
#12153=CARTESIAN_POINT('',(3.7180062287389,-4.44801328140239,21.8772871602195));
#12154=CARTESIAN_POINT('',(3.58856004957962,-4.31841191993976,21.9897118390706));
#12155=CARTESIAN_POINT('',(3.55095877433196,-4.28094503303721,22.067516464103));
#12156=CARTESIAN_POINT('',(3.54907459718926,-4.27901241961448,22.2461554467475));
#12157=CARTESIAN_POINT('',(3.60402371088947,-4.33403535575048,22.3438938228794));
#12158=CARTESIAN_POINT('',(3.66617148141525,-4.39616879879845,22.3976492274574));
#12159=CARTESIAN_POINT('',(3.68022404903098,-4.41026115657257,22.4080186740025));
#12160=CARTESIAN_POINT('',(3.71173753100999,-4.44177721044986,22.4268719278047));
#12161=CARTESIAN_POINT('',(3.737372928326,-4.46737212976482,22.4382980316381));
#12162=CARTESIAN_POINT('',(3.77012301238535,-4.50012655593252,22.4501004543249));
#12163=CARTESIAN_POINT('',(3.80402979865875,-4.53402979865894,22.46));
#12164=CARTESIAN_POINT('',(3.84999999999981,-4.58,22.46));
#12165=CARTESIAN_POINT('',(3.84999999999981,-1.43722522099897E-29,22.16));
#12166=CARTESIAN_POINT('',(3.84999999999981,9.63735264431544E-17,22.46));
#12167=CARTESIAN_POINT('',(3.8499999999998,-4.58,22.16));
#12168=CARTESIAN_POINT('',(3.84999999999981,-4.58,22.16));
#12169=CARTESIAN_POINT('',(-3.0000000000002,-2.04000000000001,22.16));
#12170=CARTESIAN_POINT('',(-3.0000000000002,-2.04,22.46));
#12171=CARTESIAN_POINT('',(-3.00000000000019,-2.36661529514156,21.83));
#12172=CARTESIAN_POINT('',(1.30999999999982,-2.04,22.16));
#12173=CARTESIAN_POINT('',(1.30999999999981,-2.04,22.46));
#12174=CARTESIAN_POINT('',(1.30999999730398,-2.04000000269583,21.86));
#12175=CARTESIAN_POINT('',(1.30999999999981,-2.04000000000001,22.16));
#12176=CARTESIAN_POINT('',(1.30999999999979,-2.04,22.16));
#12177=CARTESIAN_POINT('',(1.3099999999998,-2.04,21.86));
#12178=CARTESIAN_POINT('',(1.21974814072092,-1.94974814140014,21.86));
#12179=CARTESIAN_POINT('',(1.17800622849462,-1.90801328117795,21.8772871603159));
#12180=CARTESIAN_POINT('',(1.048560049362,-1.77841191973657,21.9897118393754));
#12181=CARTESIAN_POINT('',(1.01095877424381,-1.74094503294703,22.0675164644222));
#12182=CARTESIAN_POINT('',(1.00907459727141,-1.73901241969858,22.2461554469976));
#12183=CARTESIAN_POINT('',(1.06402371095309,-1.79403535581234,22.3438938229703));
#12184=CARTESIAN_POINT('',(1.12617148151618,-1.85616879889981,22.3976492275358));
#12185=CARTESIAN_POINT('',(1.14022404913391,-1.87026115667459,22.4080186740722));
#12186=CARTESIAN_POINT('',(1.17173753110109,-1.90177721053871,22.4268719278511));
#12187=CARTESIAN_POINT('',(1.19737292836558,-1.92737212980316,22.4382980316547));
#12188=CARTESIAN_POINT('',(1.23012301246812,-1.96012655601776,22.45010045435));
#12189=CARTESIAN_POINT('',(1.26402979872601,-1.9940297987262,22.46));
#12190=CARTESIAN_POINT('',(1.30999999999981,-2.04,22.46));
#12191=CARTESIAN_POINT('',(1.30999999999981,-2.04,22.16));
#12192=CARTESIAN_POINT('',(1.30999999999981,0.,22.16));
#12193=CARTESIAN_POINT('',(1.30999999999981,0.,22.46));
#12194=CARTESIAN_POINT('',(1.3099999999998,-2.04,22.16));
#12195=CARTESIAN_POINT('',(6.38999999999979,9.,24.7));
#12196=CARTESIAN_POINT('',(6.38999999999981,9.,25.));
#12197=CARTESIAN_POINT('',(6.06338470485825,8.99999999999999,24.37));
#12198=CARTESIAN_POINT('',(6.38999999999981,4.2,24.7));
#12199=CARTESIAN_POINT('',(6.38999999999981,4.2,25.));
#12200=CARTESIAN_POINT('',(6.3899999999998,-7.12000000000001,24.7));
#12201=CARTESIAN_POINT('',(3.84999999999979,9.,24.7));
#12202=CARTESIAN_POINT('',(3.84999999999981,9.,25.));
#12203=CARTESIAN_POINT('',(3.52338470485825,8.99999999999999,24.37));
#12204=CARTESIAN_POINT('',(3.84999999999981,4.2,24.7));
#12205=CARTESIAN_POINT('',(3.84999999999981,4.2,25.));
#12206=CARTESIAN_POINT('',(3.8499999999998,-4.58,24.7));
#12207=CARTESIAN_POINT('',(1.30999999999979,9.,24.7));
#12208=CARTESIAN_POINT('',(1.30999999999981,9.,25.));
#12209=CARTESIAN_POINT('',(0.983384704858249,9.,24.37));
#12210=CARTESIAN_POINT('',(1.30999999999981,4.2,24.7));
#12211=CARTESIAN_POINT('',(1.30999999999981,4.2,25.));
#12212=CARTESIAN_POINT('',(1.3099999999998,-2.04,24.7));
#12213=CARTESIAN_POINT('',(6.38999999999982,-7.12,24.7));
#12214=CARTESIAN_POINT('',(6.38999999999981,-7.12,25.));
#12215=CARTESIAN_POINT('',(6.38999999730403,-7.12000000269579,24.4));
#12216=CARTESIAN_POINT('',(6.38999999999981,-7.12,24.4));
#12217=CARTESIAN_POINT('',(6.29974814089436,-7.02974814156961,24.4));
#12218=CARTESIAN_POINT('',(6.25800622865283,-6.98801328131818,24.4172871602442));
#12219=CARTESIAN_POINT('',(6.12856004946596,-6.85841191983911,24.5297118392194));
#12220=CARTESIAN_POINT('',(6.09095877429426,-6.82094503299581,24.6075164642159));
#12221=CARTESIAN_POINT('',(6.08907459722437,-6.81901241965328,24.7861554468798));
#12222=CARTESIAN_POINT('',(6.14402371093116,-6.87403535579427,24.8838938229308));
#12223=CARTESIAN_POINT('',(6.20617148145456,-6.93616879883724,24.9376492274876));
#12224=CARTESIAN_POINT('',(6.22022404906881,-6.95026115660946,24.9480186740281));
#12225=CARTESIAN_POINT('',(6.25173753104231,-6.98177721048114,24.9668719278211));
#12226=CARTESIAN_POINT('',(6.27737292834413,-7.00737212978256,24.9782980316456));
#12227=CARTESIAN_POINT('',(6.31012301241786,-7.04012655596593,24.9901004543346));
#12228=CARTESIAN_POINT('',(6.3440297986845,-7.0740297986847,25.));
#12229=CARTESIAN_POINT('',(6.38999999999981,-7.12,25.));
#12230=CARTESIAN_POINT('',(6.38999999999981,-2.63009808030382E-30,24.7));
#12231=CARTESIAN_POINT('',(6.38999999999981,-3.21245088143877E-17,25.));
#12232=CARTESIAN_POINT('',(6.3899999999998,-7.12000000000001,24.7));
#12233=CARTESIAN_POINT('',(6.38999999999981,-7.12000000000001,24.7));
#12234=CARTESIAN_POINT('',(6.38999999999979,-7.12,24.7));
#12235=CARTESIAN_POINT('',(-3.0000000000002,-7.12000000000001,24.7));
#12236=CARTESIAN_POINT('',(-3.0000000000002,-7.12,25.));
#12237=CARTESIAN_POINT('',(6.38999999999981,-7.12000000000001,24.7));
#12238=CARTESIAN_POINT('',(-3.00000000000019,-7.44661529514156,24.37));
#12239=CARTESIAN_POINT('',(-3.0000000000002,-4.58000000000001,24.7));
#12240=CARTESIAN_POINT('',(-3.0000000000002,-4.58,25.));
#12241=CARTESIAN_POINT('',(-3.00000000000019,-4.90661529514156,24.37));
#12242=CARTESIAN_POINT('',(3.84999999999982,-4.58,24.7));
#12243=CARTESIAN_POINT('',(3.84999999999981,-4.58,25.));
#12244=CARTESIAN_POINT('',(3.84999999730396,-4.58000000269585,24.4));
#12245=CARTESIAN_POINT('',(3.84999999999981,-4.58000000000001,24.7));
#12246=CARTESIAN_POINT('',(3.84999999999979,-4.58,24.7));
#12247=CARTESIAN_POINT('',(3.8499999999998,-4.58,24.4));
#12248=CARTESIAN_POINT('',(3.75974814083245,-4.48974814151294,24.4));
#12249=CARTESIAN_POINT('',(3.7180062287389,-4.44801328140239,24.4172871602195));
#12250=CARTESIAN_POINT('',(3.58856004957962,-4.31841191993976,24.5297118390706));
#12251=CARTESIAN_POINT('',(3.55095877433196,-4.28094503303721,24.607516464103));
#12252=CARTESIAN_POINT('',(3.54907459718926,-4.27901241961448,24.7861554467475));
#12253=CARTESIAN_POINT('',(3.60402371088947,-4.33403535575048,24.8838938228794));
#12254=CARTESIAN_POINT('',(3.66617148141525,-4.39616879879845,24.9376492274574));
#12255=CARTESIAN_POINT('',(3.68022404903098,-4.41026115657257,24.9480186740025));
#12256=CARTESIAN_POINT('',(3.71173753100999,-4.44177721044986,24.9668719278047));
#12257=CARTESIAN_POINT('',(3.737372928326,-4.46737212976482,24.9782980316381));
#12258=CARTESIAN_POINT('',(3.77012301238535,-4.50012655593252,24.9901004543249));
#12259=CARTESIAN_POINT('',(3.80402979865875,-4.53402979865894,25.));
#12260=CARTESIAN_POINT('',(3.84999999999981,-4.58,25.));
#12261=CARTESIAN_POINT('',(3.84999999999981,-1.43722522099897E-29,24.7));
#12262=CARTESIAN_POINT('',(3.84999999999981,9.63735264431544E-17,25.));
#12263=CARTESIAN_POINT('',(3.8499999999998,-4.58,24.7));
#12264=CARTESIAN_POINT('',(3.84999999999981,-4.58,24.7));
#12265=CARTESIAN_POINT('',(-3.0000000000002,-2.04000000000001,24.7));
#12266=CARTESIAN_POINT('',(-3.0000000000002,-2.04,25.));
#12267=CARTESIAN_POINT('',(-3.00000000000019,-2.36661529514156,24.37));
#12268=CARTESIAN_POINT('',(1.30999999999982,-2.04,24.7));
#12269=CARTESIAN_POINT('',(1.30999999999981,-2.04,25.));
#12270=CARTESIAN_POINT('',(1.30999999730398,-2.04000000269583,24.4));
#12271=CARTESIAN_POINT('',(1.30999999999981,-2.04000000000001,24.7));
#12272=CARTESIAN_POINT('',(1.30999999999979,-2.04,24.7));
#12273=CARTESIAN_POINT('',(1.3099999999998,-2.04,24.4));
#12274=CARTESIAN_POINT('',(1.21974814072092,-1.94974814140014,24.4));
#12275=CARTESIAN_POINT('',(1.17800622849462,-1.90801328117795,24.4172871603159));
#12276=CARTESIAN_POINT('',(1.048560049362,-1.77841191973657,24.5297118393754));
#12277=CARTESIAN_POINT('',(1.01095877424381,-1.74094503294703,24.6075164644222));
#12278=CARTESIAN_POINT('',(1.00907459727141,-1.73901241969858,24.7861554469976));
#12279=CARTESIAN_POINT('',(1.06402371095309,-1.79403535581234,24.8838938229703));
#12280=CARTESIAN_POINT('',(1.12617148151618,-1.85616879889981,24.9376492275358));
#12281=CARTESIAN_POINT('',(1.14022404913391,-1.87026115667459,24.9480186740722));
#12282=CARTESIAN_POINT('',(1.17173753110109,-1.90177721053871,24.9668719278511));
#12283=CARTESIAN_POINT('',(1.19737292836558,-1.92737212980316,24.9782980316547));
#12284=CARTESIAN_POINT('',(1.23012301246812,-1.96012655601776,24.99010045435));
#12285=CARTESIAN_POINT('',(1.26402979872601,-1.9940297987262,25.));
#12286=CARTESIAN_POINT('',(1.30999999999981,-2.04,25.));
#12287=CARTESIAN_POINT('',(1.30999999999981,-2.04,24.7));
#12288=CARTESIAN_POINT('',(1.30999999999981,0.,24.7));
#12289=CARTESIAN_POINT('',(1.30999999999981,0.,25.));
#12290=CARTESIAN_POINT('',(1.3099999999998,-2.04,24.7));
#12291=CARTESIAN_POINT('',(6.38999999999979,9.,27.24));
#12292=CARTESIAN_POINT('',(6.38999999999981,9.,27.54));
#12293=CARTESIAN_POINT('',(6.06338470485825,8.99999999999999,26.91));
#12294=CARTESIAN_POINT('',(6.38999999999981,4.2,27.24));
#12295=CARTESIAN_POINT('',(6.38999999999981,4.2,27.54));
#12296=CARTESIAN_POINT('',(6.3899999999998,-7.12000000000001,27.24));
#12297=CARTESIAN_POINT('',(3.84999999999979,9.,27.24));
#12298=CARTESIAN_POINT('',(3.84999999999981,9.,27.54));
#12299=CARTESIAN_POINT('',(3.52338470485825,8.99999999999999,26.91));
#12300=CARTESIAN_POINT('',(3.84999999999981,4.2,27.24));
#12301=CARTESIAN_POINT('',(3.84999999999981,4.2,27.54));
#12302=CARTESIAN_POINT('',(3.8499999999998,-4.58,27.24));
#12303=CARTESIAN_POINT('',(1.30999999999979,9.,27.24));
#12304=CARTESIAN_POINT('',(1.30999999999981,9.,27.54));
#12305=CARTESIAN_POINT('',(0.983384704858249,9.,26.91));
#12306=CARTESIAN_POINT('',(1.30999999999981,4.2,27.24));
#12307=CARTESIAN_POINT('',(1.30999999999981,4.2,27.54));
#12308=CARTESIAN_POINT('',(1.3099999999998,-2.04,27.24));
#12309=CARTESIAN_POINT('',(6.38999999999982,-7.12,27.24));
#12310=CARTESIAN_POINT('',(6.38999999999981,-7.12,27.54));
#12311=CARTESIAN_POINT('',(6.38999999730403,-7.12000000269579,26.94));
#12312=CARTESIAN_POINT('',(6.38999999999981,-7.12,26.94));
#12313=CARTESIAN_POINT('',(6.29974814089436,-7.02974814156961,26.94));
#12314=CARTESIAN_POINT('',(6.25800622865283,-6.98801328131818,26.9572871602442));
#12315=CARTESIAN_POINT('',(6.12856004946596,-6.85841191983911,27.0697118392194));
#12316=CARTESIAN_POINT('',(6.09095877429426,-6.82094503299581,27.1475164642159));
#12317=CARTESIAN_POINT('',(6.08907459722437,-6.81901241965328,27.3261554468798));
#12318=CARTESIAN_POINT('',(6.14402371093116,-6.87403535579427,27.4238938229308));
#12319=CARTESIAN_POINT('',(6.20617148145456,-6.93616879883724,27.4776492274876));
#12320=CARTESIAN_POINT('',(6.22022404906881,-6.95026115660946,27.4880186740281));
#12321=CARTESIAN_POINT('',(6.25173753104231,-6.98177721048114,27.5068719278211));
#12322=CARTESIAN_POINT('',(6.27737292834413,-7.00737212978256,27.5182980316456));
#12323=CARTESIAN_POINT('',(6.31012301241786,-7.04012655596593,27.5301004543346));
#12324=CARTESIAN_POINT('',(6.3440297986845,-7.0740297986847,27.54));
#12325=CARTESIAN_POINT('',(6.38999999999981,-7.12,27.54));
#12326=CARTESIAN_POINT('',(6.38999999999981,-2.63009808030382E-30,27.24));
#12327=CARTESIAN_POINT('',(6.38999999999981,-3.21245088143877E-17,27.54));
#12328=CARTESIAN_POINT('',(6.3899999999998,-7.12000000000001,27.24));
#12329=CARTESIAN_POINT('',(6.38999999999981,-7.12000000000001,27.24));
#12330=CARTESIAN_POINT('',(6.38999999999979,-7.12,27.24));
#12331=CARTESIAN_POINT('',(-3.0000000000002,-7.12000000000001,27.24));
#12332=CARTESIAN_POINT('',(-3.0000000000002,-7.12,27.54));
#12333=CARTESIAN_POINT('',(6.38999999999981,-7.12000000000001,27.24));
#12334=CARTESIAN_POINT('',(-3.00000000000019,-7.44661529514156,26.91));
#12335=CARTESIAN_POINT('',(-3.0000000000002,-4.58000000000001,27.24));
#12336=CARTESIAN_POINT('',(-3.0000000000002,-4.58,27.54));
#12337=CARTESIAN_POINT('',(-3.00000000000019,-4.90661529514156,26.91));
#12338=CARTESIAN_POINT('',(3.84999999999982,-4.58,27.24));
#12339=CARTESIAN_POINT('',(3.84999999999981,-4.58,27.54));
#12340=CARTESIAN_POINT('',(3.84999999730396,-4.58000000269585,26.94));
#12341=CARTESIAN_POINT('',(3.84999999999981,-4.58000000000001,27.24));
#12342=CARTESIAN_POINT('',(3.84999999999979,-4.58,27.24));
#12343=CARTESIAN_POINT('',(3.8499999999998,-4.58,26.94));
#12344=CARTESIAN_POINT('',(3.75974814083245,-4.48974814151294,26.94));
#12345=CARTESIAN_POINT('',(3.7180062287389,-4.44801328140239,26.9572871602195));
#12346=CARTESIAN_POINT('',(3.58856004957962,-4.31841191993976,27.0697118390706));
#12347=CARTESIAN_POINT('',(3.55095877433196,-4.28094503303721,27.147516464103));
#12348=CARTESIAN_POINT('',(3.54907459718926,-4.27901241961448,27.3261554467475));
#12349=CARTESIAN_POINT('',(3.60402371088947,-4.33403535575048,27.4238938228794));
#12350=CARTESIAN_POINT('',(3.66617148141525,-4.39616879879845,27.4776492274574));
#12351=CARTESIAN_POINT('',(3.68022404903098,-4.41026115657257,27.4880186740025));
#12352=CARTESIAN_POINT('',(3.71173753100999,-4.44177721044986,27.5068719278047));
#12353=CARTESIAN_POINT('',(3.737372928326,-4.46737212976482,27.5182980316381));
#12354=CARTESIAN_POINT('',(3.77012301238535,-4.50012655593252,27.5301004543249));
#12355=CARTESIAN_POINT('',(3.80402979865875,-4.53402979865894,27.54));
#12356=CARTESIAN_POINT('',(3.84999999999981,-4.58,27.54));
#12357=CARTESIAN_POINT('',(3.84999999999981,-1.43722522099897E-29,27.24));
#12358=CARTESIAN_POINT('',(3.84999999999981,9.63735264431544E-17,27.54));
#12359=CARTESIAN_POINT('',(3.8499999999998,-4.58,27.24));
#12360=CARTESIAN_POINT('',(3.84999999999981,-4.58,27.24));
#12361=CARTESIAN_POINT('',(-3.0000000000002,-2.04000000000001,27.24));
#12362=CARTESIAN_POINT('',(-3.0000000000002,-2.04,27.54));
#12363=CARTESIAN_POINT('',(-3.00000000000019,-2.36661529514156,26.91));
#12364=CARTESIAN_POINT('',(1.30999999999982,-2.04,27.24));
#12365=CARTESIAN_POINT('',(1.30999999999981,-2.04,27.54));
#12366=CARTESIAN_POINT('',(1.30999999730398,-2.04000000269583,26.94));
#12367=CARTESIAN_POINT('',(1.30999999999981,-2.04000000000001,27.24));
#12368=CARTESIAN_POINT('',(1.30999999999979,-2.04,27.24));
#12369=CARTESIAN_POINT('',(1.3099999999998,-2.04,26.94));
#12370=CARTESIAN_POINT('',(1.21974814072092,-1.94974814140014,26.94));
#12371=CARTESIAN_POINT('',(1.17800622849462,-1.90801328117795,26.9572871603159));
#12372=CARTESIAN_POINT('',(1.048560049362,-1.77841191973657,27.0697118393754));
#12373=CARTESIAN_POINT('',(1.01095877424381,-1.74094503294703,27.1475164644222));
#12374=CARTESIAN_POINT('',(1.00907459727141,-1.73901241969858,27.3261554469976));
#12375=CARTESIAN_POINT('',(1.06402371095309,-1.79403535581234,27.4238938229703));
#12376=CARTESIAN_POINT('',(1.12617148151618,-1.85616879889981,27.4776492275358));
#12377=CARTESIAN_POINT('',(1.14022404913391,-1.87026115667459,27.4880186740722));
#12378=CARTESIAN_POINT('',(1.17173753110109,-1.90177721053871,27.5068719278511));
#12379=CARTESIAN_POINT('',(1.19737292836558,-1.92737212980316,27.5182980316547));
#12380=CARTESIAN_POINT('',(1.23012301246812,-1.96012655601776,27.53010045435));
#12381=CARTESIAN_POINT('',(1.26402979872601,-1.9940297987262,27.54));
#12382=CARTESIAN_POINT('',(1.30999999999981,-2.04,27.54));
#12383=CARTESIAN_POINT('',(1.30999999999981,-2.04,27.24));
#12384=CARTESIAN_POINT('',(1.30999999999981,0.,27.24));
#12385=CARTESIAN_POINT('',(1.30999999999981,0.,27.54));
#12386=CARTESIAN_POINT('',(1.3099999999998,-2.04,27.24));
#12387=CARTESIAN_POINT('',(6.38999999999979,9.,29.78));
#12388=CARTESIAN_POINT('',(6.38999999999981,9.,30.08));
#12389=CARTESIAN_POINT('',(6.06338470485825,8.99999999999999,29.45));
#12390=CARTESIAN_POINT('',(6.38999999999981,4.2,29.78));
#12391=CARTESIAN_POINT('',(6.38999999999981,4.2,30.08));
#12392=CARTESIAN_POINT('',(6.3899999999998,-7.12000000000001,29.78));
#12393=CARTESIAN_POINT('',(3.84999999999979,9.,29.78));
#12394=CARTESIAN_POINT('',(3.84999999999981,9.,30.08));
#12395=CARTESIAN_POINT('',(3.52338470485825,8.99999999999999,29.45));
#12396=CARTESIAN_POINT('',(3.84999999999981,4.2,29.78));
#12397=CARTESIAN_POINT('',(3.84999999999981,4.2,30.08));
#12398=CARTESIAN_POINT('',(3.8499999999998,-4.58,29.78));
#12399=CARTESIAN_POINT('',(1.30999999999979,9.,29.78));
#12400=CARTESIAN_POINT('',(1.30999999999981,9.,30.08));
#12401=CARTESIAN_POINT('',(0.983384704858249,9.,29.45));
#12402=CARTESIAN_POINT('',(1.30999999999981,4.2,29.78));
#12403=CARTESIAN_POINT('',(1.30999999999981,4.2,30.08));
#12404=CARTESIAN_POINT('',(1.3099999999998,-2.04,29.78));
#12405=CARTESIAN_POINT('',(6.38999999999982,-7.12,29.78));
#12406=CARTESIAN_POINT('',(6.38999999999981,-7.12,30.08));
#12407=CARTESIAN_POINT('',(6.38999999730403,-7.12000000269579,29.48));
#12408=CARTESIAN_POINT('',(6.38999999999981,-7.12,29.48));
#12409=CARTESIAN_POINT('',(6.29974814089436,-7.02974814156961,29.48));
#12410=CARTESIAN_POINT('',(6.25800622865283,-6.98801328131818,29.4972871602442));
#12411=CARTESIAN_POINT('',(6.12856004946596,-6.85841191983911,29.6097118392194));
#12412=CARTESIAN_POINT('',(6.09095877429426,-6.82094503299581,29.6875164642159));
#12413=CARTESIAN_POINT('',(6.08907459722437,-6.81901241965328,29.8661554468798));
#12414=CARTESIAN_POINT('',(6.14402371093116,-6.87403535579427,29.9638938229307));
#12415=CARTESIAN_POINT('',(6.20617148145456,-6.93616879883724,30.0176492274876));
#12416=CARTESIAN_POINT('',(6.22022404906881,-6.95026115660946,30.0280186740281));
#12417=CARTESIAN_POINT('',(6.25173753104231,-6.98177721048114,30.0468719278211));
#12418=CARTESIAN_POINT('',(6.27737292834413,-7.00737212978256,30.0582980316456));
#12419=CARTESIAN_POINT('',(6.31012301241786,-7.04012655596593,30.0701004543346));
#12420=CARTESIAN_POINT('',(6.3440297986845,-7.0740297986847,30.08));
#12421=CARTESIAN_POINT('',(6.38999999999981,-7.12,30.08));
#12422=CARTESIAN_POINT('',(6.38999999999981,-2.63009808030382E-30,29.78));
#12423=CARTESIAN_POINT('',(6.38999999999981,-3.21245088143877E-17,30.08));
#12424=CARTESIAN_POINT('',(6.3899999999998,-7.12000000000001,29.78));
#12425=CARTESIAN_POINT('',(6.38999999999981,-7.12000000000001,29.78));
#12426=CARTESIAN_POINT('',(6.38999999999979,-7.12,29.78));
#12427=CARTESIAN_POINT('',(-3.0000000000002,-7.12000000000001,29.78));
#12428=CARTESIAN_POINT('',(-3.0000000000002,-7.12,30.08));
#12429=CARTESIAN_POINT('',(6.38999999999981,-7.12000000000001,29.78));
#12430=CARTESIAN_POINT('',(-3.00000000000019,-7.44661529514156,29.45));
#12431=CARTESIAN_POINT('',(-3.0000000000002,-4.58000000000001,29.78));
#12432=CARTESIAN_POINT('',(-3.0000000000002,-4.58,30.08));
#12433=CARTESIAN_POINT('',(-3.00000000000019,-4.90661529514156,29.45));
#12434=CARTESIAN_POINT('',(3.84999999999982,-4.58,29.78));
#12435=CARTESIAN_POINT('',(3.84999999999981,-4.58,30.08));
#12436=CARTESIAN_POINT('',(3.84999999730396,-4.58000000269585,29.48));
#12437=CARTESIAN_POINT('',(3.84999999999981,-4.58000000000001,29.78));
#12438=CARTESIAN_POINT('',(3.84999999999979,-4.58,29.78));
#12439=CARTESIAN_POINT('',(3.8499999999998,-4.58,29.48));
#12440=CARTESIAN_POINT('',(3.75974814083245,-4.48974814151294,29.48));
#12441=CARTESIAN_POINT('',(3.7180062287389,-4.44801328140239,29.4972871602195));
#12442=CARTESIAN_POINT('',(3.58856004957962,-4.31841191993976,29.6097118390706));
#12443=CARTESIAN_POINT('',(3.55095877433196,-4.28094503303721,29.687516464103));
#12444=CARTESIAN_POINT('',(3.54907459718926,-4.27901241961448,29.8661554467475));
#12445=CARTESIAN_POINT('',(3.60402371088947,-4.33403535575048,29.9638938228794));
#12446=CARTESIAN_POINT('',(3.66617148141525,-4.39616879879845,30.0176492274574));
#12447=CARTESIAN_POINT('',(3.68022404903098,-4.41026115657257,30.0280186740025));
#12448=CARTESIAN_POINT('',(3.71173753100999,-4.44177721044986,30.0468719278047));
#12449=CARTESIAN_POINT('',(3.737372928326,-4.46737212976482,30.0582980316381));
#12450=CARTESIAN_POINT('',(3.77012301238535,-4.50012655593252,30.0701004543249));
#12451=CARTESIAN_POINT('',(3.80402979865875,-4.53402979865894,30.08));
#12452=CARTESIAN_POINT('',(3.84999999999981,-4.58,30.08));
#12453=CARTESIAN_POINT('',(3.84999999999981,-1.43722522099897E-29,29.78));
#12454=CARTESIAN_POINT('',(3.84999999999981,9.63735264431544E-17,30.08));
#12455=CARTESIAN_POINT('',(3.8499999999998,-4.58,29.78));
#12456=CARTESIAN_POINT('',(3.84999999999981,-4.58,29.78));
#12457=CARTESIAN_POINT('',(-3.0000000000002,-2.04000000000001,29.78));
#12458=CARTESIAN_POINT('',(-3.0000000000002,-2.04,30.08));
#12459=CARTESIAN_POINT('',(-3.00000000000019,-2.36661529514156,29.45));
#12460=CARTESIAN_POINT('',(1.30999999999982,-2.04,29.78));
#12461=CARTESIAN_POINT('',(1.30999999999981,-2.04,30.08));
#12462=CARTESIAN_POINT('',(1.30999999730398,-2.04000000269583,29.48));
#12463=CARTESIAN_POINT('',(1.30999999999981,-2.04000000000001,29.78));
#12464=CARTESIAN_POINT('',(1.30999999999979,-2.04,29.78));
#12465=CARTESIAN_POINT('',(1.3099999999998,-2.04,29.48));
#12466=CARTESIAN_POINT('',(1.21974814072092,-1.94974814140014,29.48));
#12467=CARTESIAN_POINT('',(1.17800622849462,-1.90801328117795,29.4972871603159));
#12468=CARTESIAN_POINT('',(1.048560049362,-1.77841191973657,29.6097118393754));
#12469=CARTESIAN_POINT('',(1.01095877424381,-1.74094503294703,29.6875164644222));
#12470=CARTESIAN_POINT('',(1.00907459727141,-1.73901241969858,29.8661554469976));
#12471=CARTESIAN_POINT('',(1.06402371095309,-1.79403535581234,29.9638938229703));
#12472=CARTESIAN_POINT('',(1.12617148151618,-1.85616879889981,30.0176492275358));
#12473=CARTESIAN_POINT('',(1.14022404913391,-1.87026115667459,30.0280186740722));
#12474=CARTESIAN_POINT('',(1.17173753110109,-1.90177721053871,30.0468719278511));
#12475=CARTESIAN_POINT('',(1.19737292836558,-1.92737212980316,30.0582980316547));
#12476=CARTESIAN_POINT('',(1.23012301246812,-1.96012655601776,30.07010045435));
#12477=CARTESIAN_POINT('',(1.26402979872601,-1.9940297987262,30.08));
#12478=CARTESIAN_POINT('',(1.30999999999981,-2.04,30.08));
#12479=CARTESIAN_POINT('',(1.30999999999981,-2.04,29.78));
#12480=CARTESIAN_POINT('',(1.30999999999981,0.,29.78));
#12481=CARTESIAN_POINT('',(1.30999999999981,0.,30.08));
#12482=CARTESIAN_POINT('',(1.3099999999998,-2.04,29.78));
#12483=CARTESIAN_POINT('',(6.38999999999979,9.,32.32));
#12484=CARTESIAN_POINT('',(6.38999999999981,9.,32.62));
#12485=CARTESIAN_POINT('',(6.06338470485825,8.99999999999999,31.99));
#12486=CARTESIAN_POINT('',(6.38999999999981,4.2,32.32));
#12487=CARTESIAN_POINT('',(6.38999999999981,4.2,32.62));
#12488=CARTESIAN_POINT('',(6.3899999999998,-7.12000000000001,32.32));
#12489=CARTESIAN_POINT('',(3.84999999999979,9.,32.32));
#12490=CARTESIAN_POINT('',(3.84999999999981,9.,32.62));
#12491=CARTESIAN_POINT('',(3.52338470485825,8.99999999999999,31.99));
#12492=CARTESIAN_POINT('',(3.84999999999981,4.2,32.32));
#12493=CARTESIAN_POINT('',(3.84999999999981,4.2,32.62));
#12494=CARTESIAN_POINT('',(3.8499999999998,-4.58,32.32));
#12495=CARTESIAN_POINT('',(1.30999999999979,9.,32.32));
#12496=CARTESIAN_POINT('',(1.30999999999981,9.,32.62));
#12497=CARTESIAN_POINT('',(0.983384704858249,9.,31.99));
#12498=CARTESIAN_POINT('',(1.30999999999981,4.2,32.32));
#12499=CARTESIAN_POINT('',(1.30999999999981,4.2,32.62));
#12500=CARTESIAN_POINT('',(1.3099999999998,-2.04,32.32));
#12501=CARTESIAN_POINT('',(6.38999999999982,-7.12,32.32));
#12502=CARTESIAN_POINT('',(6.38999999999981,-7.12,32.62));
#12503=CARTESIAN_POINT('',(6.38999999730403,-7.12000000269579,32.02));
#12504=CARTESIAN_POINT('',(6.38999999999981,-7.12,32.02));
#12505=CARTESIAN_POINT('',(6.29974814089436,-7.02974814156961,32.02));
#12506=CARTESIAN_POINT('',(6.25800622865283,-6.98801328131818,32.0372871602442));
#12507=CARTESIAN_POINT('',(6.12856004946596,-6.85841191983911,32.1497118392194));
#12508=CARTESIAN_POINT('',(6.09095877429426,-6.82094503299581,32.2275164642159));
#12509=CARTESIAN_POINT('',(6.08907459722437,-6.81901241965327,32.4061554468798));
#12510=CARTESIAN_POINT('',(6.14402371093115,-6.87403535579426,32.5038938229307));
#12511=CARTESIAN_POINT('',(6.20617148145456,-6.93616879883724,32.5576492274876));
#12512=CARTESIAN_POINT('',(6.22022404906881,-6.95026115660946,32.5680186740281));
#12513=CARTESIAN_POINT('',(6.25173753104231,-6.98177721048114,32.5868719278211));
#12514=CARTESIAN_POINT('',(6.27737292834414,-7.00737212978256,32.5982980316457));
#12515=CARTESIAN_POINT('',(6.31012301241786,-7.04012655596592,32.6101004543346));
#12516=CARTESIAN_POINT('',(6.34402979868451,-7.0740297986847,32.62));
#12517=CARTESIAN_POINT('',(6.38999999999981,-7.12,32.62));
#12518=CARTESIAN_POINT('',(6.38999999999981,-2.63009808030382E-30,32.32));
#12519=CARTESIAN_POINT('',(6.38999999999981,-3.21245088143877E-17,32.62));
#12520=CARTESIAN_POINT('',(6.3899999999998,-7.12000000000001,32.32));
#12521=CARTESIAN_POINT('',(6.38999999999981,-7.12000000000001,32.32));
#12522=CARTESIAN_POINT('',(6.38999999999979,-7.12,32.32));
#12523=CARTESIAN_POINT('',(-3.0000000000002,-7.12000000000001,32.32));
#12524=CARTESIAN_POINT('',(-3.0000000000002,-7.12,32.62));
#12525=CARTESIAN_POINT('',(6.38999999999981,-7.12000000000001,32.32));
#12526=CARTESIAN_POINT('',(-3.00000000000019,-7.44661529514156,31.99));
#12527=CARTESIAN_POINT('',(-3.0000000000002,-4.58000000000001,32.32));
#12528=CARTESIAN_POINT('',(-3.0000000000002,-4.58,32.62));
#12529=CARTESIAN_POINT('',(-3.00000000000019,-4.90661529514156,31.99));
#12530=CARTESIAN_POINT('',(3.84999999999982,-4.58,32.32));
#12531=CARTESIAN_POINT('',(3.84999999999981,-4.58,32.62));
#12532=CARTESIAN_POINT('',(3.84999999730396,-4.58000000269585,32.02));
#12533=CARTESIAN_POINT('',(3.84999999999981,-4.58000000000001,32.32));
#12534=CARTESIAN_POINT('',(3.84999999999979,-4.58,32.32));
#12535=CARTESIAN_POINT('',(3.8499999999998,-4.58,32.02));
#12536=CARTESIAN_POINT('',(3.75974814083245,-4.48974814151294,32.02));
#12537=CARTESIAN_POINT('',(3.7180062287389,-4.44801328140239,32.0372871602195));
#12538=CARTESIAN_POINT('',(3.58856004957962,-4.31841191993976,32.1497118390706));
#12539=CARTESIAN_POINT('',(3.55095877433196,-4.28094503303721,32.227516464103));
#12540=CARTESIAN_POINT('',(3.54907459718926,-4.27901241961448,32.4061554467475));
#12541=CARTESIAN_POINT('',(3.60402371088947,-4.33403535575048,32.5038938228794));
#12542=CARTESIAN_POINT('',(3.66617148141525,-4.39616879879845,32.5576492274574));
#12543=CARTESIAN_POINT('',(3.68022404903098,-4.41026115657257,32.5680186740025));
#12544=CARTESIAN_POINT('',(3.71173753100999,-4.44177721044986,32.5868719278047));
#12545=CARTESIAN_POINT('',(3.737372928326,-4.46737212976482,32.5982980316381));
#12546=CARTESIAN_POINT('',(3.77012301238535,-4.50012655593252,32.6101004543249));
#12547=CARTESIAN_POINT('',(3.80402979865875,-4.53402979865894,32.62));
#12548=CARTESIAN_POINT('',(3.84999999999981,-4.58,32.62));
#12549=CARTESIAN_POINT('',(3.84999999999981,-1.43722522099897E-29,32.32));
#12550=CARTESIAN_POINT('',(3.84999999999981,9.63735264431544E-17,32.62));
#12551=CARTESIAN_POINT('',(3.8499999999998,-4.58,32.32));
#12552=CARTESIAN_POINT('',(3.84999999999981,-4.58,32.32));
#12553=CARTESIAN_POINT('',(-3.0000000000002,-2.04000000000001,32.32));
#12554=CARTESIAN_POINT('',(-3.0000000000002,-2.04,32.62));
#12555=CARTESIAN_POINT('',(-3.00000000000019,-2.36661529514156,31.99));
#12556=CARTESIAN_POINT('',(1.30999999999982,-2.04,32.32));
#12557=CARTESIAN_POINT('',(1.30999999999981,-2.04,32.62));
#12558=CARTESIAN_POINT('',(1.30999999730398,-2.04000000269583,32.02));
#12559=CARTESIAN_POINT('',(1.30999999999981,-2.04000000000001,32.32));
#12560=CARTESIAN_POINT('',(1.30999999999979,-2.04,32.32));
#12561=CARTESIAN_POINT('',(1.3099999999998,-2.04,32.02));
#12562=CARTESIAN_POINT('',(1.21974814072092,-1.94974814140014,32.02));
#12563=CARTESIAN_POINT('',(1.17800622849462,-1.90801328117795,32.0372871603159));
#12564=CARTESIAN_POINT('',(1.048560049362,-1.77841191973657,32.1497118393754));
#12565=CARTESIAN_POINT('',(1.01095877424381,-1.74094503294703,32.2275164644222));
#12566=CARTESIAN_POINT('',(1.00907459727141,-1.73901241969858,32.4061554469976));
#12567=CARTESIAN_POINT('',(1.06402371095309,-1.79403535581234,32.5038938229703));
#12568=CARTESIAN_POINT('',(1.12617148151618,-1.85616879889981,32.5576492275358));
#12569=CARTESIAN_POINT('',(1.14022404913391,-1.87026115667459,32.5680186740722));
#12570=CARTESIAN_POINT('',(1.17173753110109,-1.90177721053871,32.5868719278511));
#12571=CARTESIAN_POINT('',(1.19737292836558,-1.92737212980316,32.5982980316547));
#12572=CARTESIAN_POINT('',(1.23012301246812,-1.96012655601776,32.61010045435));
#12573=CARTESIAN_POINT('',(1.26402979872601,-1.9940297987262,32.62));
#12574=CARTESIAN_POINT('',(1.30999999999981,-2.04,32.62));
#12575=CARTESIAN_POINT('',(1.30999999999981,-2.04,32.32));
#12576=CARTESIAN_POINT('',(1.30999999999981,0.,32.32));
#12577=CARTESIAN_POINT('',(1.30999999999981,0.,32.62));
#12578=CARTESIAN_POINT('',(1.3099999999998,-2.04,32.32));
#12579=CARTESIAN_POINT('',(6.38999999999979,9.,34.86));
#12580=CARTESIAN_POINT('',(6.38999999999981,9.,35.16));
#12581=CARTESIAN_POINT('',(6.06338470485825,8.99999999999999,34.53));
#12582=CARTESIAN_POINT('',(6.38999999999981,4.2,34.86));
#12583=CARTESIAN_POINT('',(6.38999999999981,4.2,35.16));
#12584=CARTESIAN_POINT('',(6.3899999999998,-7.12000000000001,34.86));
#12585=CARTESIAN_POINT('',(3.84999999999979,9.,34.86));
#12586=CARTESIAN_POINT('',(3.84999999999981,9.,35.16));
#12587=CARTESIAN_POINT('',(3.52338470485825,8.99999999999999,34.53));
#12588=CARTESIAN_POINT('',(3.84999999999981,4.2,34.86));
#12589=CARTESIAN_POINT('',(3.84999999999981,4.2,35.16));
#12590=CARTESIAN_POINT('',(3.8499999999998,-4.58,34.86));
#12591=CARTESIAN_POINT('',(1.30999999999979,9.,34.86));
#12592=CARTESIAN_POINT('',(1.30999999999981,9.,35.16));
#12593=CARTESIAN_POINT('',(0.983384704858249,9.,34.53));
#12594=CARTESIAN_POINT('',(1.30999999999981,4.2,34.86));
#12595=CARTESIAN_POINT('',(1.30999999999981,4.2,35.16));
#12596=CARTESIAN_POINT('',(1.3099999999998,-2.04,34.86));
#12597=CARTESIAN_POINT('',(6.38999999999982,-7.12,34.86));
#12598=CARTESIAN_POINT('',(6.38999999999981,-7.12,35.16));
#12599=CARTESIAN_POINT('',(6.38999999730403,-7.12000000269579,34.56));
#12600=CARTESIAN_POINT('',(6.38999999999981,-7.12,34.56));
#12601=CARTESIAN_POINT('',(6.29974814089436,-7.02974814156961,34.56));
#12602=CARTESIAN_POINT('',(6.25800622865283,-6.98801328131818,34.5772871602442));
#12603=CARTESIAN_POINT('',(6.12856004946596,-6.85841191983911,34.6897118392194));
#12604=CARTESIAN_POINT('',(6.09095877429426,-6.82094503299581,34.7675164642159));
#12605=CARTESIAN_POINT('',(6.08907459722437,-6.81901241965327,34.9461554468798));
#12606=CARTESIAN_POINT('',(6.14402371093115,-6.87403535579426,35.0438938229307));
#12607=CARTESIAN_POINT('',(6.20617148145456,-6.93616879883724,35.0976492274876));
#12608=CARTESIAN_POINT('',(6.22022404906881,-6.95026115660946,35.1080186740281));
#12609=CARTESIAN_POINT('',(6.25173753104231,-6.98177721048114,35.1268719278211));
#12610=CARTESIAN_POINT('',(6.27737292834414,-7.00737212978256,35.1382980316456));
#12611=CARTESIAN_POINT('',(6.31012301241786,-7.04012655596592,35.1501004543346));
#12612=CARTESIAN_POINT('',(6.34402979868451,-7.0740297986847,35.16));
#12613=CARTESIAN_POINT('',(6.38999999999981,-7.12,35.16));
#12614=CARTESIAN_POINT('',(6.38999999999981,-2.63009808030382E-30,34.86));
#12615=CARTESIAN_POINT('',(6.38999999999981,-3.21245088143877E-17,35.16));
#12616=CARTESIAN_POINT('',(6.3899999999998,-7.12000000000001,34.86));
#12617=CARTESIAN_POINT('',(6.38999999999981,-7.12000000000001,34.86));
#12618=CARTESIAN_POINT('',(6.38999999999979,-7.12,34.86));
#12619=CARTESIAN_POINT('',(-3.0000000000002,-7.12000000000001,34.86));
#12620=CARTESIAN_POINT('',(-3.0000000000002,-7.12,35.16));
#12621=CARTESIAN_POINT('',(6.38999999999981,-7.12000000000001,34.86));
#12622=CARTESIAN_POINT('',(-3.00000000000019,-7.44661529514156,34.53));
#12623=CARTESIAN_POINT('',(-3.0000000000002,-4.58000000000001,34.86));
#12624=CARTESIAN_POINT('',(-3.0000000000002,-4.58,35.16));
#12625=CARTESIAN_POINT('',(-3.00000000000019,-4.90661529514156,34.53));
#12626=CARTESIAN_POINT('',(3.84999999999982,-4.58,34.86));
#12627=CARTESIAN_POINT('',(3.84999999999981,-4.58,35.16));
#12628=CARTESIAN_POINT('',(3.84999999730396,-4.58000000269585,34.56));
#12629=CARTESIAN_POINT('',(3.84999999999981,-4.58000000000001,34.86));
#12630=CARTESIAN_POINT('',(3.84999999999979,-4.58,34.86));
#12631=CARTESIAN_POINT('',(3.8499999999998,-4.58,34.56));
#12632=CARTESIAN_POINT('',(3.75974814083245,-4.48974814151294,34.56));
#12633=CARTESIAN_POINT('',(3.7180062287389,-4.44801328140239,34.5772871602195));
#12634=CARTESIAN_POINT('',(3.58856004957962,-4.31841191993976,34.6897118390706));
#12635=CARTESIAN_POINT('',(3.55095877433196,-4.28094503303721,34.767516464103));
#12636=CARTESIAN_POINT('',(3.54907459718926,-4.27901241961448,34.9461554467475));
#12637=CARTESIAN_POINT('',(3.60402371088947,-4.33403535575048,35.0438938228794));
#12638=CARTESIAN_POINT('',(3.66617148141525,-4.39616879879845,35.0976492274574));
#12639=CARTESIAN_POINT('',(3.68022404903098,-4.41026115657257,35.1080186740025));
#12640=CARTESIAN_POINT('',(3.71173753100999,-4.44177721044986,35.1268719278047));
#12641=CARTESIAN_POINT('',(3.737372928326,-4.46737212976482,35.1382980316381));
#12642=CARTESIAN_POINT('',(3.77012301238535,-4.50012655593252,35.1501004543249));
#12643=CARTESIAN_POINT('',(3.80402979865875,-4.53402979865894,35.16));
#12644=CARTESIAN_POINT('',(3.84999999999981,-4.58,35.16));
#12645=CARTESIAN_POINT('',(3.84999999999981,-1.43722522099897E-29,34.86));
#12646=CARTESIAN_POINT('',(3.84999999999981,9.63735264431544E-17,35.16));
#12647=CARTESIAN_POINT('',(3.8499999999998,-4.58,34.86));
#12648=CARTESIAN_POINT('',(3.84999999999981,-4.58,34.86));
#12649=CARTESIAN_POINT('',(-3.0000000000002,-2.04000000000001,34.86));
#12650=CARTESIAN_POINT('',(-3.0000000000002,-2.04,35.16));
#12651=CARTESIAN_POINT('',(-3.00000000000019,-2.36661529514156,34.53));
#12652=CARTESIAN_POINT('',(1.30999999999982,-2.04,34.86));
#12653=CARTESIAN_POINT('',(1.30999999999981,-2.04,35.16));
#12654=CARTESIAN_POINT('',(1.30999999730398,-2.04000000269583,34.56));
#12655=CARTESIAN_POINT('',(1.30999999999981,-2.04000000000001,34.86));
#12656=CARTESIAN_POINT('',(1.30999999999979,-2.04,34.86));
#12657=CARTESIAN_POINT('',(1.3099999999998,-2.04,34.56));
#12658=CARTESIAN_POINT('',(1.21974814072092,-1.94974814140014,34.56));
#12659=CARTESIAN_POINT('',(1.17800622849462,-1.90801328117795,34.5772871603159));
#12660=CARTESIAN_POINT('',(1.048560049362,-1.77841191973657,34.6897118393754));
#12661=CARTESIAN_POINT('',(1.01095877424381,-1.74094503294703,34.7675164644223));
#12662=CARTESIAN_POINT('',(1.00907459727141,-1.73901241969858,34.9461554469976));
#12663=CARTESIAN_POINT('',(1.06402371095309,-1.79403535581234,35.0438938229703));
#12664=CARTESIAN_POINT('',(1.12617148151618,-1.85616879889981,35.0976492275358));
#12665=CARTESIAN_POINT('',(1.14022404913391,-1.87026115667459,35.1080186740722));
#12666=CARTESIAN_POINT('',(1.17173753110109,-1.90177721053871,35.1268719278511));
#12667=CARTESIAN_POINT('',(1.19737292836558,-1.92737212980316,35.1382980316547));
#12668=CARTESIAN_POINT('',(1.23012301246812,-1.96012655601776,35.15010045435));
#12669=CARTESIAN_POINT('',(1.26402979872601,-1.9940297987262,35.16));
#12670=CARTESIAN_POINT('',(1.30999999999981,-2.04,35.16));
#12671=CARTESIAN_POINT('',(1.30999999999981,-2.04,34.86));
#12672=CARTESIAN_POINT('',(1.30999999999981,0.,34.86));
#12673=CARTESIAN_POINT('',(1.30999999999981,0.,35.16));
#12674=CARTESIAN_POINT('',(1.3099999999998,-2.04,34.86));
#12675=CARTESIAN_POINT('',(6.38999999999979,9.,37.4));
#12676=CARTESIAN_POINT('',(6.38999999999981,9.,37.7));
#12677=CARTESIAN_POINT('',(6.06338470485825,8.99999999999999,37.07));
#12678=CARTESIAN_POINT('',(6.38999999999981,4.2,37.4));
#12679=CARTESIAN_POINT('',(6.38999999999981,4.2,37.7));
#12680=CARTESIAN_POINT('',(6.3899999999998,-7.12000000000001,37.4));
#12681=CARTESIAN_POINT('',(3.84999999999979,9.,37.4));
#12682=CARTESIAN_POINT('',(3.84999999999981,9.,37.7));
#12683=CARTESIAN_POINT('',(3.52338470485825,8.99999999999999,37.07));
#12684=CARTESIAN_POINT('',(3.84999999999981,4.2,37.4));
#12685=CARTESIAN_POINT('',(3.84999999999981,4.2,37.7));
#12686=CARTESIAN_POINT('',(3.8499999999998,-4.58,37.4));
#12687=CARTESIAN_POINT('',(1.30999999999979,9.,37.4));
#12688=CARTESIAN_POINT('',(1.30999999999981,9.,37.7));
#12689=CARTESIAN_POINT('',(0.983384704858249,9.,37.07));
#12690=CARTESIAN_POINT('',(1.30999999999981,4.2,37.4));
#12691=CARTESIAN_POINT('',(1.30999999999981,4.2,37.7));
#12692=CARTESIAN_POINT('',(1.3099999999998,-2.04,37.4));
#12693=CARTESIAN_POINT('',(6.38999999999982,-7.12,37.4));
#12694=CARTESIAN_POINT('',(6.38999999999981,-7.12,37.7));
#12695=CARTESIAN_POINT('',(6.38999999730403,-7.12000000269579,37.1));
#12696=CARTESIAN_POINT('',(6.38999999999981,-7.12,37.1));
#12697=CARTESIAN_POINT('',(6.29974814089436,-7.02974814156961,37.1));
#12698=CARTESIAN_POINT('',(6.25800622865283,-6.98801328131818,37.1172871602442));
#12699=CARTESIAN_POINT('',(6.12856004946596,-6.85841191983911,37.2297118392194));
#12700=CARTESIAN_POINT('',(6.09095877429426,-6.82094503299581,37.3075164642159));
#12701=CARTESIAN_POINT('',(6.08907459722437,-6.81901241965327,37.4861554468798));
#12702=CARTESIAN_POINT('',(6.14402371093115,-6.87403535579426,37.5838938229307));
#12703=CARTESIAN_POINT('',(6.20617148145456,-6.93616879883724,37.6376492274876));
#12704=CARTESIAN_POINT('',(6.22022404906881,-6.95026115660946,37.6480186740281));
#12705=CARTESIAN_POINT('',(6.25173753104231,-6.98177721048114,37.6668719278211));
#12706=CARTESIAN_POINT('',(6.27737292834414,-7.00737212978256,37.6782980316457));
#12707=CARTESIAN_POINT('',(6.31012301241786,-7.04012655596592,37.6901004543346));
#12708=CARTESIAN_POINT('',(6.34402979868451,-7.0740297986847,37.7));
#12709=CARTESIAN_POINT('',(6.38999999999981,-7.12,37.7));
#12710=CARTESIAN_POINT('',(6.38999999999981,-2.63009808030382E-30,37.4));
#12711=CARTESIAN_POINT('',(6.38999999999981,-3.21245088143877E-17,37.7));
#12712=CARTESIAN_POINT('',(6.3899999999998,-7.12000000000001,37.4));
#12713=CARTESIAN_POINT('',(6.38999999999981,-7.12000000000001,37.4));
#12714=CARTESIAN_POINT('',(6.38999999999979,-7.12,37.4));
#12715=CARTESIAN_POINT('',(-3.0000000000002,-7.12000000000001,37.4));
#12716=CARTESIAN_POINT('',(-3.0000000000002,-7.12,37.7));
#12717=CARTESIAN_POINT('',(6.38999999999981,-7.12000000000001,37.4));
#12718=CARTESIAN_POINT('',(-3.00000000000019,-7.44661529514156,37.07));
#12719=CARTESIAN_POINT('',(-3.0000000000002,-4.58000000000001,37.4));
#12720=CARTESIAN_POINT('',(-3.0000000000002,-4.58,37.7));
#12721=CARTESIAN_POINT('',(-3.00000000000019,-4.90661529514156,37.07));
#12722=CARTESIAN_POINT('',(3.84999999999982,-4.58,37.4));
#12723=CARTESIAN_POINT('',(3.84999999999981,-4.58,37.7));
#12724=CARTESIAN_POINT('',(3.84999999730396,-4.58000000269585,37.1));
#12725=CARTESIAN_POINT('',(3.84999999999981,-4.58000000000001,37.4));
#12726=CARTESIAN_POINT('',(3.84999999999979,-4.58,37.4));
#12727=CARTESIAN_POINT('',(3.8499999999998,-4.58,37.1));
#12728=CARTESIAN_POINT('',(3.75974814083245,-4.48974814151294,37.1));
#12729=CARTESIAN_POINT('',(3.7180062287389,-4.44801328140239,37.1172871602195));
#12730=CARTESIAN_POINT('',(3.58856004957962,-4.31841191993976,37.2297118390706));
#12731=CARTESIAN_POINT('',(3.55095877433196,-4.28094503303721,37.307516464103));
#12732=CARTESIAN_POINT('',(3.54907459718926,-4.27901241961448,37.4861554467475));
#12733=CARTESIAN_POINT('',(3.60402371088947,-4.33403535575048,37.5838938228795));
#12734=CARTESIAN_POINT('',(3.66617148141525,-4.39616879879845,37.6376492274574));
#12735=CARTESIAN_POINT('',(3.68022404903098,-4.41026115657257,37.6480186740025));
#12736=CARTESIAN_POINT('',(3.71173753100999,-4.44177721044986,37.6668719278047));
#12737=CARTESIAN_POINT('',(3.737372928326,-4.46737212976482,37.6782980316381));
#12738=CARTESIAN_POINT('',(3.77012301238535,-4.50012655593252,37.6901004543249));
#12739=CARTESIAN_POINT('',(3.80402979865875,-4.53402979865894,37.7));
#12740=CARTESIAN_POINT('',(3.84999999999981,-4.58,37.7));
#12741=CARTESIAN_POINT('',(3.84999999999981,-1.43722522099897E-29,37.4));
#12742=CARTESIAN_POINT('',(3.84999999999981,9.63735264431544E-17,37.7));
#12743=CARTESIAN_POINT('',(3.8499999999998,-4.58,37.4));
#12744=CARTESIAN_POINT('',(3.84999999999981,-4.58,37.4));
#12745=CARTESIAN_POINT('',(-3.0000000000002,-2.04000000000001,37.4));
#12746=CARTESIAN_POINT('',(-3.0000000000002,-2.04,37.7));
#12747=CARTESIAN_POINT('',(-3.00000000000019,-2.36661529514156,37.07));
#12748=CARTESIAN_POINT('',(1.30999999999982,-2.04,37.4));
#12749=CARTESIAN_POINT('',(1.30999999999981,-2.04,37.7));
#12750=CARTESIAN_POINT('',(1.30999999730398,-2.04000000269583,37.1));
#12751=CARTESIAN_POINT('',(1.30999999999981,-2.04000000000001,37.4));
#12752=CARTESIAN_POINT('',(1.30999999999979,-2.04,37.4));
#12753=CARTESIAN_POINT('',(1.3099999999998,-2.04,37.1));
#12754=CARTESIAN_POINT('',(1.21974814072092,-1.94974814140014,37.1));
#12755=CARTESIAN_POINT('',(1.17800622849462,-1.90801328117795,37.1172871603159));
#12756=CARTESIAN_POINT('',(1.048560049362,-1.77841191973657,37.2297118393754));
#12757=CARTESIAN_POINT('',(1.01095877424381,-1.74094503294703,37.3075164644222));
#12758=CARTESIAN_POINT('',(1.00907459727141,-1.73901241969858,37.4861554469976));
#12759=CARTESIAN_POINT('',(1.06402371095309,-1.79403535581234,37.5838938229703));
#12760=CARTESIAN_POINT('',(1.12617148151618,-1.85616879889981,37.6376492275358));
#12761=CARTESIAN_POINT('',(1.14022404913391,-1.87026115667459,37.6480186740722));
#12762=CARTESIAN_POINT('',(1.17173753110109,-1.90177721053871,37.6668719278511));
#12763=CARTESIAN_POINT('',(1.19737292836558,-1.92737212980316,37.6782980316547));
#12764=CARTESIAN_POINT('',(1.23012301246812,-1.96012655601776,37.69010045435));
#12765=CARTESIAN_POINT('',(1.26402979872601,-1.9940297987262,37.7));
#12766=CARTESIAN_POINT('',(1.30999999999981,-2.04,37.7));
#12767=CARTESIAN_POINT('',(1.30999999999981,-2.04,37.4));
#12768=CARTESIAN_POINT('',(1.30999999999981,0.,37.4));
#12769=CARTESIAN_POINT('',(1.30999999999981,0.,37.7));
#12770=CARTESIAN_POINT('',(1.3099999999998,-2.04,37.4));
#12771=CARTESIAN_POINT('',(6.38999999999979,9.,39.94));
#12772=CARTESIAN_POINT('',(6.38999999999981,9.,40.24));
#12773=CARTESIAN_POINT('',(6.06338470485825,8.99999999999999,39.61));
#12774=CARTESIAN_POINT('',(6.38999999999981,4.2,39.94));
#12775=CARTESIAN_POINT('',(6.38999999999981,4.2,40.24));
#12776=CARTESIAN_POINT('',(6.3899999999998,-7.12000000000001,39.94));
#12777=CARTESIAN_POINT('',(3.84999999999979,9.,39.94));
#12778=CARTESIAN_POINT('',(3.84999999999981,9.,40.24));
#12779=CARTESIAN_POINT('',(3.52338470485825,8.99999999999999,39.61));
#12780=CARTESIAN_POINT('',(3.84999999999981,4.2,39.94));
#12781=CARTESIAN_POINT('',(3.84999999999981,4.2,40.24));
#12782=CARTESIAN_POINT('',(3.8499999999998,-4.58,39.94));
#12783=CARTESIAN_POINT('',(1.30999999999979,9.,39.94));
#12784=CARTESIAN_POINT('',(1.30999999999981,9.,40.24));
#12785=CARTESIAN_POINT('',(0.983384704858249,9.,39.61));
#12786=CARTESIAN_POINT('',(1.30999999999981,4.2,39.94));
#12787=CARTESIAN_POINT('',(1.30999999999981,4.2,40.24));
#12788=CARTESIAN_POINT('',(1.3099999999998,-2.04,39.94));
#12789=CARTESIAN_POINT('',(6.38999999999982,-7.12,39.94));
#12790=CARTESIAN_POINT('',(6.38999999999981,-7.12,40.24));
#12791=CARTESIAN_POINT('',(6.38999999730403,-7.12000000269579,39.64));
#12792=CARTESIAN_POINT('',(6.38999999999981,-7.12,39.64));
#12793=CARTESIAN_POINT('',(6.29974814089436,-7.02974814156961,39.64));
#12794=CARTESIAN_POINT('',(6.25800622865283,-6.98801328131818,39.6572871602442));
#12795=CARTESIAN_POINT('',(6.12856004946596,-6.85841191983911,39.7697118392194));
#12796=CARTESIAN_POINT('',(6.09095877429426,-6.82094503299581,39.8475164642159));
#12797=CARTESIAN_POINT('',(6.08907459722437,-6.81901241965327,40.0261554468798));
#12798=CARTESIAN_POINT('',(6.14402371093115,-6.87403535579426,40.1238938229307));
#12799=CARTESIAN_POINT('',(6.20617148145456,-6.93616879883724,40.1776492274876));
#12800=CARTESIAN_POINT('',(6.22022404906881,-6.95026115660946,40.1880186740281));
#12801=CARTESIAN_POINT('',(6.25173753104231,-6.98177721048114,40.2068719278211));
#12802=CARTESIAN_POINT('',(6.27737292834414,-7.00737212978256,40.2182980316457));
#12803=CARTESIAN_POINT('',(6.31012301241786,-7.04012655596592,40.2301004543346));
#12804=CARTESIAN_POINT('',(6.34402979868451,-7.0740297986847,40.24));
#12805=CARTESIAN_POINT('',(6.38999999999981,-7.12,40.24));
#12806=CARTESIAN_POINT('',(6.38999999999981,-2.63009808030382E-30,39.94));
#12807=CARTESIAN_POINT('',(6.38999999999981,-3.21245088143877E-17,40.24));
#12808=CARTESIAN_POINT('',(6.3899999999998,-7.12000000000001,39.94));
#12809=CARTESIAN_POINT('',(6.38999999999981,-7.12000000000001,39.94));
#12810=CARTESIAN_POINT('',(6.38999999999979,-7.12,39.94));
#12811=CARTESIAN_POINT('',(-3.0000000000002,-7.12000000000001,39.94));
#12812=CARTESIAN_POINT('',(-3.0000000000002,-7.12,40.24));
#12813=CARTESIAN_POINT('',(6.38999999999981,-7.12000000000001,39.94));
#12814=CARTESIAN_POINT('',(-3.00000000000019,-7.44661529514156,39.61));
#12815=CARTESIAN_POINT('',(-3.0000000000002,-4.58000000000001,39.94));
#12816=CARTESIAN_POINT('',(-3.0000000000002,-4.58,40.24));
#12817=CARTESIAN_POINT('',(-3.00000000000019,-4.90661529514156,39.61));
#12818=CARTESIAN_POINT('',(3.84999999999982,-4.58,39.94));
#12819=CARTESIAN_POINT('',(3.84999999999981,-4.58,40.24));
#12820=CARTESIAN_POINT('',(3.84999999730396,-4.58000000269585,39.64));
#12821=CARTESIAN_POINT('',(3.84999999999981,-4.58000000000001,39.94));
#12822=CARTESIAN_POINT('',(3.84999999999979,-4.58,39.94));
#12823=CARTESIAN_POINT('',(3.8499999999998,-4.58,39.64));
#12824=CARTESIAN_POINT('',(3.75974814083245,-4.48974814151294,39.64));
#12825=CARTESIAN_POINT('',(3.7180062287389,-4.44801328140239,39.6572871602195));
#12826=CARTESIAN_POINT('',(3.58856004957962,-4.31841191993976,39.7697118390706));
#12827=CARTESIAN_POINT('',(3.55095877433196,-4.28094503303721,39.847516464103));
#12828=CARTESIAN_POINT('',(3.54907459718926,-4.27901241961448,40.0261554467475));
#12829=CARTESIAN_POINT('',(3.60402371088947,-4.33403535575048,40.1238938228794));
#12830=CARTESIAN_POINT('',(3.66617148141525,-4.39616879879845,40.1776492274574));
#12831=CARTESIAN_POINT('',(3.68022404903098,-4.41026115657257,40.1880186740025));
#12832=CARTESIAN_POINT('',(3.71173753100999,-4.44177721044986,40.2068719278047));
#12833=CARTESIAN_POINT('',(3.737372928326,-4.46737212976482,40.2182980316381));
#12834=CARTESIAN_POINT('',(3.77012301238535,-4.50012655593252,40.2301004543249));
#12835=CARTESIAN_POINT('',(3.80402979865875,-4.53402979865894,40.24));
#12836=CARTESIAN_POINT('',(3.84999999999981,-4.58,40.24));
#12837=CARTESIAN_POINT('',(3.84999999999981,-1.43722522099897E-29,39.94));
#12838=CARTESIAN_POINT('',(3.84999999999981,9.63735264431544E-17,40.24));
#12839=CARTESIAN_POINT('',(3.8499999999998,-4.58,39.94));
#12840=CARTESIAN_POINT('',(3.84999999999981,-4.58,39.94));
#12841=CARTESIAN_POINT('',(-3.0000000000002,-2.04000000000001,39.94));
#12842=CARTESIAN_POINT('',(-3.0000000000002,-2.04,40.24));
#12843=CARTESIAN_POINT('',(-3.00000000000019,-2.36661529514156,39.61));
#12844=CARTESIAN_POINT('',(1.30999999999982,-2.04,39.94));
#12845=CARTESIAN_POINT('',(1.30999999999981,-2.04,40.24));
#12846=CARTESIAN_POINT('',(1.30999999730398,-2.04000000269583,39.64));
#12847=CARTESIAN_POINT('',(1.30999999999981,-2.04000000000001,39.94));
#12848=CARTESIAN_POINT('',(1.30999999999979,-2.04,39.94));
#12849=CARTESIAN_POINT('',(1.3099999999998,-2.04,39.64));
#12850=CARTESIAN_POINT('',(1.21974814072092,-1.94974814140014,39.64));
#12851=CARTESIAN_POINT('',(1.17800622849462,-1.90801328117795,39.6572871603159));
#12852=CARTESIAN_POINT('',(1.048560049362,-1.77841191973657,39.7697118393754));
#12853=CARTESIAN_POINT('',(1.01095877424381,-1.74094503294703,39.8475164644222));
#12854=CARTESIAN_POINT('',(1.00907459727141,-1.73901241969858,40.0261554469976));
#12855=CARTESIAN_POINT('',(1.06402371095309,-1.79403535581234,40.1238938229703));
#12856=CARTESIAN_POINT('',(1.12617148151618,-1.85616879889981,40.1776492275358));
#12857=CARTESIAN_POINT('',(1.14022404913391,-1.87026115667459,40.1880186740722));
#12858=CARTESIAN_POINT('',(1.17173753110109,-1.90177721053871,40.2068719278511));
#12859=CARTESIAN_POINT('',(1.19737292836558,-1.92737212980316,40.2182980316547));
#12860=CARTESIAN_POINT('',(1.23012301246812,-1.96012655601776,40.23010045435));
#12861=CARTESIAN_POINT('',(1.26402979872601,-1.9940297987262,40.24));
#12862=CARTESIAN_POINT('',(1.30999999999981,-2.04,40.24));
#12863=CARTESIAN_POINT('',(1.30999999999981,-2.04,39.94));
#12864=CARTESIAN_POINT('',(1.30999999999981,0.,39.94));
#12865=CARTESIAN_POINT('',(1.30999999999981,0.,40.24));
#12866=CARTESIAN_POINT('',(1.3099999999998,-2.04,39.94));
#12867=CARTESIAN_POINT('',(6.38999999999979,9.,42.48));
#12868=CARTESIAN_POINT('',(6.38999999999981,9.,42.78));
#12869=CARTESIAN_POINT('',(6.06338470485825,8.99999999999999,42.15));
#12870=CARTESIAN_POINT('',(6.38999999999981,4.2,42.48));
#12871=CARTESIAN_POINT('',(6.38999999999981,4.2,42.78));
#12872=CARTESIAN_POINT('',(6.3899999999998,-7.12000000000001,42.48));
#12873=CARTESIAN_POINT('',(3.84999999999979,9.,42.48));
#12874=CARTESIAN_POINT('',(3.84999999999981,9.,42.78));
#12875=CARTESIAN_POINT('',(3.52338470485825,8.99999999999999,42.15));
#12876=CARTESIAN_POINT('',(3.84999999999981,4.2,42.48));
#12877=CARTESIAN_POINT('',(3.84999999999981,4.2,42.78));
#12878=CARTESIAN_POINT('',(3.8499999999998,-4.58,42.48));
#12879=CARTESIAN_POINT('',(1.30999999999979,9.,42.48));
#12880=CARTESIAN_POINT('',(1.30999999999981,9.,42.78));
#12881=CARTESIAN_POINT('',(0.983384704858249,9.,42.15));
#12882=CARTESIAN_POINT('',(1.30999999999981,4.2,42.48));
#12883=CARTESIAN_POINT('',(1.30999999999981,4.2,42.78));
#12884=CARTESIAN_POINT('',(1.3099999999998,-2.04,42.48));
#12885=CARTESIAN_POINT('',(6.38999999999982,-7.12,42.48));
#12886=CARTESIAN_POINT('',(6.38999999999981,-7.12,42.78));
#12887=CARTESIAN_POINT('',(6.38999999730403,-7.12000000269579,42.18));
#12888=CARTESIAN_POINT('',(6.38999999999981,-7.12,42.18));
#12889=CARTESIAN_POINT('',(6.29974814089436,-7.02974814156961,42.18));
#12890=CARTESIAN_POINT('',(6.25800622865283,-6.98801328131818,42.1972871602442));
#12891=CARTESIAN_POINT('',(6.12856004946596,-6.85841191983911,42.3097118392194));
#12892=CARTESIAN_POINT('',(6.09095877429426,-6.82094503299581,42.3875164642159));
#12893=CARTESIAN_POINT('',(6.08907459722437,-6.81901241965327,42.5661554468798));
#12894=CARTESIAN_POINT('',(6.14402371093115,-6.87403535579426,42.6638938229307));
#12895=CARTESIAN_POINT('',(6.20617148145456,-6.93616879883724,42.7176492274876));
#12896=CARTESIAN_POINT('',(6.22022404906881,-6.95026115660946,42.7280186740281));
#12897=CARTESIAN_POINT('',(6.25173753104231,-6.98177721048114,42.7468719278211));
#12898=CARTESIAN_POINT('',(6.27737292834414,-7.00737212978256,42.7582980316457));
#12899=CARTESIAN_POINT('',(6.31012301241786,-7.04012655596592,42.7701004543346));
#12900=CARTESIAN_POINT('',(6.34402979868451,-7.0740297986847,42.78));
#12901=CARTESIAN_POINT('',(6.38999999999981,-7.12,42.78));
#12902=CARTESIAN_POINT('',(6.38999999999981,-2.63009808030382E-30,42.48));
#12903=CARTESIAN_POINT('',(6.38999999999981,-3.21245088143877E-17,42.78));
#12904=CARTESIAN_POINT('',(6.3899999999998,-7.12000000000001,42.48));
#12905=CARTESIAN_POINT('',(6.38999999999981,-7.12000000000001,42.48));
#12906=CARTESIAN_POINT('',(6.38999999999979,-7.12,42.48));
#12907=CARTESIAN_POINT('',(-3.0000000000002,-7.12000000000001,42.48));
#12908=CARTESIAN_POINT('',(-3.0000000000002,-7.12,42.78));
#12909=CARTESIAN_POINT('',(6.38999999999981,-7.12000000000001,42.48));
#12910=CARTESIAN_POINT('',(-3.00000000000019,-7.44661529514156,42.15));
#12911=CARTESIAN_POINT('',(-3.0000000000002,-4.58000000000001,42.48));
#12912=CARTESIAN_POINT('',(-3.0000000000002,-4.58,42.78));
#12913=CARTESIAN_POINT('',(-3.00000000000019,-4.90661529514156,42.15));
#12914=CARTESIAN_POINT('',(3.84999999999982,-4.58,42.48));
#12915=CARTESIAN_POINT('',(3.84999999999981,-4.58,42.78));
#12916=CARTESIAN_POINT('',(3.84999999730396,-4.58000000269585,42.18));
#12917=CARTESIAN_POINT('',(3.84999999999981,-4.58000000000001,42.48));
#12918=CARTESIAN_POINT('',(3.84999999999979,-4.58,42.48));
#12919=CARTESIAN_POINT('',(3.8499999999998,-4.58,42.18));
#12920=CARTESIAN_POINT('',(3.75974814083245,-4.48974814151294,42.18));
#12921=CARTESIAN_POINT('',(3.7180062287389,-4.44801328140239,42.1972871602195));
#12922=CARTESIAN_POINT('',(3.58856004957962,-4.31841191993976,42.3097118390706));
#12923=CARTESIAN_POINT('',(3.55095877433196,-4.28094503303721,42.387516464103));
#12924=CARTESIAN_POINT('',(3.54907459718926,-4.27901241961448,42.5661554467475));
#12925=CARTESIAN_POINT('',(3.60402371088947,-4.33403535575048,42.6638938228795));
#12926=CARTESIAN_POINT('',(3.66617148141525,-4.39616879879845,42.7176492274574));
#12927=CARTESIAN_POINT('',(3.68022404903098,-4.41026115657257,42.7280186740025));
#12928=CARTESIAN_POINT('',(3.71173753100999,-4.44177721044986,42.7468719278047));
#12929=CARTESIAN_POINT('',(3.737372928326,-4.46737212976482,42.7582980316381));
#12930=CARTESIAN_POINT('',(3.77012301238535,-4.50012655593252,42.7701004543249));
#12931=CARTESIAN_POINT('',(3.80402979865875,-4.53402979865894,42.78));
#12932=CARTESIAN_POINT('',(3.84999999999981,-4.58,42.78));
#12933=CARTESIAN_POINT('',(3.84999999999981,-1.43722522099897E-29,42.48));
#12934=CARTESIAN_POINT('',(3.84999999999981,9.63735264431544E-17,42.78));
#12935=CARTESIAN_POINT('',(3.8499999999998,-4.58,42.48));
#12936=CARTESIAN_POINT('',(3.84999999999981,-4.58,42.48));
#12937=CARTESIAN_POINT('',(-3.0000000000002,-2.04000000000001,42.48));
#12938=CARTESIAN_POINT('',(-3.0000000000002,-2.04,42.78));
#12939=CARTESIAN_POINT('',(-3.00000000000019,-2.36661529514156,42.15));
#12940=CARTESIAN_POINT('',(1.30999999999982,-2.04,42.48));
#12941=CARTESIAN_POINT('',(1.30999999999981,-2.04,42.78));
#12942=CARTESIAN_POINT('',(1.30999999730398,-2.04000000269583,42.18));
#12943=CARTESIAN_POINT('',(1.30999999999981,-2.04000000000001,42.48));
#12944=CARTESIAN_POINT('',(1.30999999999979,-2.04,42.48));
#12945=CARTESIAN_POINT('',(1.3099999999998,-2.04,42.18));
#12946=CARTESIAN_POINT('',(1.21974814072092,-1.94974814140014,42.18));
#12947=CARTESIAN_POINT('',(1.17800622849462,-1.90801328117795,42.1972871603159));
#12948=CARTESIAN_POINT('',(1.048560049362,-1.77841191973657,42.3097118393754));
#12949=CARTESIAN_POINT('',(1.01095877424381,-1.74094503294703,42.3875164644222));
#12950=CARTESIAN_POINT('',(1.00907459727141,-1.73901241969858,42.5661554469976));
#12951=CARTESIAN_POINT('',(1.06402371095309,-1.79403535581234,42.6638938229703));
#12952=CARTESIAN_POINT('',(1.12617148151618,-1.85616879889981,42.7176492275358));
#12953=CARTESIAN_POINT('',(1.14022404913391,-1.87026115667459,42.7280186740722));
#12954=CARTESIAN_POINT('',(1.17173753110109,-1.90177721053871,42.7468719278511));
#12955=CARTESIAN_POINT('',(1.19737292836558,-1.92737212980316,42.7582980316547));
#12956=CARTESIAN_POINT('',(1.23012301246812,-1.96012655601776,42.77010045435));
#12957=CARTESIAN_POINT('',(1.26402979872601,-1.9940297987262,42.78));
#12958=CARTESIAN_POINT('',(1.30999999999981,-2.04,42.78));
#12959=CARTESIAN_POINT('',(1.30999999999981,-2.04,42.48));
#12960=CARTESIAN_POINT('',(1.30999999999981,0.,42.48));
#12961=CARTESIAN_POINT('',(1.30999999999981,0.,42.78));
#12962=CARTESIAN_POINT('',(1.3099999999998,-2.04,42.48));
#12963=CARTESIAN_POINT('',(6.38999999999979,9.,45.02));
#12964=CARTESIAN_POINT('',(6.38999999999981,9.,45.32));
#12965=CARTESIAN_POINT('',(6.06338470485825,8.99999999999999,44.69));
#12966=CARTESIAN_POINT('',(6.38999999999981,4.2,45.02));
#12967=CARTESIAN_POINT('',(6.38999999999981,4.2,45.32));
#12968=CARTESIAN_POINT('',(6.3899999999998,-7.12000000000001,45.02));
#12969=CARTESIAN_POINT('',(3.84999999999979,9.,45.02));
#12970=CARTESIAN_POINT('',(3.84999999999981,9.,45.32));
#12971=CARTESIAN_POINT('',(3.52338470485825,8.99999999999999,44.69));
#12972=CARTESIAN_POINT('',(3.84999999999981,4.2,45.02));
#12973=CARTESIAN_POINT('',(3.84999999999981,4.2,45.32));
#12974=CARTESIAN_POINT('',(3.8499999999998,-4.58,45.02));
#12975=CARTESIAN_POINT('',(1.30999999999979,9.,45.02));
#12976=CARTESIAN_POINT('',(1.30999999999981,9.,45.32));
#12977=CARTESIAN_POINT('',(0.983384704858249,9.,44.69));
#12978=CARTESIAN_POINT('',(1.30999999999981,4.2,45.02));
#12979=CARTESIAN_POINT('',(1.30999999999981,4.2,45.32));
#12980=CARTESIAN_POINT('',(1.3099999999998,-2.04,45.02));
#12981=CARTESIAN_POINT('',(6.38999999999982,-7.12,45.02));
#12982=CARTESIAN_POINT('',(6.38999999999981,-7.12,45.32));
#12983=CARTESIAN_POINT('',(6.38999999730403,-7.12000000269579,44.72));
#12984=CARTESIAN_POINT('',(6.38999999999981,-7.12,44.72));
#12985=CARTESIAN_POINT('',(6.29974814089436,-7.02974814156961,44.72));
#12986=CARTESIAN_POINT('',(6.25800622865283,-6.98801328131818,44.7372871602442));
#12987=CARTESIAN_POINT('',(6.12856004946596,-6.85841191983911,44.8497118392194));
#12988=CARTESIAN_POINT('',(6.09095877429426,-6.82094503299581,44.9275164642159));
#12989=CARTESIAN_POINT('',(6.08907459722437,-6.81901241965327,45.1061554468798));
#12990=CARTESIAN_POINT('',(6.14402371093115,-6.87403535579426,45.2038938229307));
#12991=CARTESIAN_POINT('',(6.20617148145456,-6.93616879883724,45.2576492274876));
#12992=CARTESIAN_POINT('',(6.22022404906881,-6.95026115660946,45.2680186740281));
#12993=CARTESIAN_POINT('',(6.25173753104231,-6.98177721048114,45.2868719278211));
#12994=CARTESIAN_POINT('',(6.27737292834414,-7.00737212978256,45.2982980316457));
#12995=CARTESIAN_POINT('',(6.31012301241786,-7.04012655596592,45.3101004543346));
#12996=CARTESIAN_POINT('',(6.34402979868451,-7.0740297986847,45.32));
#12997=CARTESIAN_POINT('',(6.38999999999981,-7.12,45.32));
#12998=CARTESIAN_POINT('',(6.38999999999981,-2.63009808030382E-30,45.02));
#12999=CARTESIAN_POINT('',(6.38999999999981,-3.21245088143877E-17,45.32));
#13000=CARTESIAN_POINT('',(6.3899999999998,-7.12000000000001,45.02));
#13001=CARTESIAN_POINT('',(6.38999999999981,-7.12000000000001,45.02));
#13002=CARTESIAN_POINT('',(6.38999999999979,-7.12,45.02));
#13003=CARTESIAN_POINT('',(-3.0000000000002,-7.12000000000001,45.02));
#13004=CARTESIAN_POINT('',(-3.0000000000002,-7.12,45.32));
#13005=CARTESIAN_POINT('',(6.38999999999981,-7.12000000000001,45.02));
#13006=CARTESIAN_POINT('',(-3.00000000000019,-7.44661529514156,44.69));
#13007=CARTESIAN_POINT('',(-3.0000000000002,-4.58000000000001,45.02));
#13008=CARTESIAN_POINT('',(-3.0000000000002,-4.58,45.32));
#13009=CARTESIAN_POINT('',(-3.00000000000019,-4.90661529514156,44.69));
#13010=CARTESIAN_POINT('',(3.84999999999982,-4.58,45.02));
#13011=CARTESIAN_POINT('',(3.84999999999981,-4.58,45.32));
#13012=CARTESIAN_POINT('',(3.84999999730396,-4.58000000269585,44.72));
#13013=CARTESIAN_POINT('',(3.84999999999981,-4.58000000000001,45.02));
#13014=CARTESIAN_POINT('',(3.84999999999979,-4.58,45.02));
#13015=CARTESIAN_POINT('',(3.8499999999998,-4.58,44.72));
#13016=CARTESIAN_POINT('',(3.75974814083245,-4.48974814151294,44.72));
#13017=CARTESIAN_POINT('',(3.7180062287389,-4.44801328140239,44.7372871602195));
#13018=CARTESIAN_POINT('',(3.58856004957962,-4.31841191993976,44.8497118390706));
#13019=CARTESIAN_POINT('',(3.55095877433196,-4.28094503303721,44.927516464103));
#13020=CARTESIAN_POINT('',(3.54907459718926,-4.27901241961448,45.1061554467475));
#13021=CARTESIAN_POINT('',(3.60402371088947,-4.33403535575048,45.2038938228795));
#13022=CARTESIAN_POINT('',(3.66617148141525,-4.39616879879845,45.2576492274574));
#13023=CARTESIAN_POINT('',(3.68022404903098,-4.41026115657257,45.2680186740025));
#13024=CARTESIAN_POINT('',(3.71173753100999,-4.44177721044986,45.2868719278047));
#13025=CARTESIAN_POINT('',(3.737372928326,-4.46737212976482,45.2982980316381));
#13026=CARTESIAN_POINT('',(3.77012301238535,-4.50012655593252,45.3101004543249));
#13027=CARTESIAN_POINT('',(3.80402979865875,-4.53402979865894,45.32));
#13028=CARTESIAN_POINT('',(3.84999999999981,-4.58,45.32));
#13029=CARTESIAN_POINT('',(3.84999999999981,-1.43722522099897E-29,45.02));
#13030=CARTESIAN_POINT('',(3.84999999999981,9.63735264431544E-17,45.32));
#13031=CARTESIAN_POINT('',(3.8499999999998,-4.58,45.02));
#13032=CARTESIAN_POINT('',(3.84999999999981,-4.58,45.02));
#13033=CARTESIAN_POINT('',(-3.0000000000002,-2.04000000000001,45.02));
#13034=CARTESIAN_POINT('',(-3.0000000000002,-2.04,45.32));
#13035=CARTESIAN_POINT('',(-3.00000000000019,-2.36661529514156,44.69));
#13036=CARTESIAN_POINT('',(1.30999999999982,-2.04,45.02));
#13037=CARTESIAN_POINT('',(1.30999999999981,-2.04,45.32));
#13038=CARTESIAN_POINT('',(1.30999999730398,-2.04000000269583,44.72));
#13039=CARTESIAN_POINT('',(1.30999999999981,-2.04000000000001,45.02));
#13040=CARTESIAN_POINT('',(1.30999999999979,-2.04,45.02));
#13041=CARTESIAN_POINT('',(1.3099999999998,-2.04,44.72));
#13042=CARTESIAN_POINT('',(1.21974814072092,-1.94974814140014,44.72));
#13043=CARTESIAN_POINT('',(1.17800622849462,-1.90801328117795,44.7372871603159));
#13044=CARTESIAN_POINT('',(1.048560049362,-1.77841191973657,44.8497118393754));
#13045=CARTESIAN_POINT('',(1.01095877424381,-1.74094503294703,44.9275164644223));
#13046=CARTESIAN_POINT('',(1.00907459727141,-1.73901241969858,45.1061554469976));
#13047=CARTESIAN_POINT('',(1.06402371095309,-1.79403535581234,45.2038938229703));
#13048=CARTESIAN_POINT('',(1.12617148151618,-1.85616879889981,45.2576492275358));
#13049=CARTESIAN_POINT('',(1.14022404913391,-1.87026115667459,45.2680186740722));
#13050=CARTESIAN_POINT('',(1.17173753110109,-1.90177721053871,45.2868719278511));
#13051=CARTESIAN_POINT('',(1.19737292836558,-1.92737212980316,45.2982980316547));
#13052=CARTESIAN_POINT('',(1.23012301246812,-1.96012655601776,45.31010045435));
#13053=CARTESIAN_POINT('',(1.26402979872601,-1.9940297987262,45.32));
#13054=CARTESIAN_POINT('',(1.30999999999981,-2.04,45.32));
#13055=CARTESIAN_POINT('',(1.30999999999981,-2.04,45.02));
#13056=CARTESIAN_POINT('',(1.30999999999981,0.,45.02));
#13057=CARTESIAN_POINT('',(1.30999999999981,0.,45.32));
#13058=CARTESIAN_POINT('',(1.3099999999998,-2.04,45.02));
#13059=CARTESIAN_POINT('',(6.38999999999979,9.,47.56));
#13060=CARTESIAN_POINT('',(6.38999999999981,9.,47.86));
#13061=CARTESIAN_POINT('',(6.06338470485825,8.99999999999999,47.23));
#13062=CARTESIAN_POINT('',(6.38999999999981,4.2,47.56));
#13063=CARTESIAN_POINT('',(6.38999999999981,4.2,47.86));
#13064=CARTESIAN_POINT('',(6.3899999999998,-7.12000000000001,47.56));
#13065=CARTESIAN_POINT('',(3.84999999999979,9.,47.56));
#13066=CARTESIAN_POINT('',(3.84999999999981,9.,47.86));
#13067=CARTESIAN_POINT('',(3.52338470485825,8.99999999999999,47.23));
#13068=CARTESIAN_POINT('',(3.84999999999981,4.2,47.56));
#13069=CARTESIAN_POINT('',(3.84999999999981,4.2,47.86));
#13070=CARTESIAN_POINT('',(3.8499999999998,-4.58,47.56));
#13071=CARTESIAN_POINT('',(1.30999999999979,9.,47.56));
#13072=CARTESIAN_POINT('',(1.30999999999981,9.,47.86));
#13073=CARTESIAN_POINT('',(0.983384704858249,9.,47.23));
#13074=CARTESIAN_POINT('',(1.30999999999981,4.2,47.56));
#13075=CARTESIAN_POINT('',(1.30999999999981,4.2,47.86));
#13076=CARTESIAN_POINT('',(1.3099999999998,-2.04,47.56));
#13077=CARTESIAN_POINT('',(6.38999999999982,-7.12,47.56));
#13078=CARTESIAN_POINT('',(6.38999999999981,-7.12,47.86));
#13079=CARTESIAN_POINT('',(6.38999999730403,-7.12000000269579,47.26));
#13080=CARTESIAN_POINT('',(6.38999999999981,-7.12,47.26));
#13081=CARTESIAN_POINT('',(6.29974814089436,-7.02974814156961,47.26));
#13082=CARTESIAN_POINT('',(6.25800622865283,-6.98801328131818,47.2772871602442));
#13083=CARTESIAN_POINT('',(6.12856004946596,-6.85841191983911,47.3897118392194));
#13084=CARTESIAN_POINT('',(6.09095877429426,-6.82094503299581,47.4675164642159));
#13085=CARTESIAN_POINT('',(6.08907459722437,-6.81901241965327,47.6461554468798));
#13086=CARTESIAN_POINT('',(6.14402371093115,-6.87403535579426,47.7438938229307));
#13087=CARTESIAN_POINT('',(6.20617148145456,-6.93616879883724,47.7976492274876));
#13088=CARTESIAN_POINT('',(6.22022404906881,-6.95026115660946,47.8080186740281));
#13089=CARTESIAN_POINT('',(6.25173753104231,-6.98177721048114,47.8268719278211));
#13090=CARTESIAN_POINT('',(6.27737292834414,-7.00737212978256,47.8382980316456));
#13091=CARTESIAN_POINT('',(6.31012301241786,-7.04012655596592,47.8501004543346));
#13092=CARTESIAN_POINT('',(6.34402979868451,-7.0740297986847,47.86));
#13093=CARTESIAN_POINT('',(6.38999999999981,-7.12,47.86));
#13094=CARTESIAN_POINT('',(6.38999999999981,-2.63009808030382E-30,47.56));
#13095=CARTESIAN_POINT('',(6.38999999999981,-3.21245088143877E-17,47.86));
#13096=CARTESIAN_POINT('',(6.3899999999998,-7.12000000000001,47.56));
#13097=CARTESIAN_POINT('',(6.38999999999981,-7.12000000000001,47.56));
#13098=CARTESIAN_POINT('',(6.38999999999979,-7.12,47.56));
#13099=CARTESIAN_POINT('',(-3.0000000000002,-7.12000000000001,47.56));
#13100=CARTESIAN_POINT('',(-3.0000000000002,-7.12,47.86));
#13101=CARTESIAN_POINT('',(6.38999999999981,-7.12000000000001,47.56));
#13102=CARTESIAN_POINT('',(-3.00000000000019,-7.44661529514156,47.23));
#13103=CARTESIAN_POINT('',(-3.0000000000002,-4.58000000000001,47.56));
#13104=CARTESIAN_POINT('',(-3.0000000000002,-4.58,47.86));
#13105=CARTESIAN_POINT('',(-3.00000000000019,-4.90661529514156,47.23));
#13106=CARTESIAN_POINT('',(3.84999999999982,-4.58,47.56));
#13107=CARTESIAN_POINT('',(3.84999999999981,-4.58,47.86));
#13108=CARTESIAN_POINT('',(3.84999999730396,-4.58000000269585,47.26));
#13109=CARTESIAN_POINT('',(3.84999999999981,-4.58000000000001,47.56));
#13110=CARTESIAN_POINT('',(3.84999999999979,-4.58,47.56));
#13111=CARTESIAN_POINT('',(3.8499999999998,-4.58,47.26));
#13112=CARTESIAN_POINT('',(3.75974814083245,-4.48974814151294,47.26));
#13113=CARTESIAN_POINT('',(3.7180062287389,-4.44801328140239,47.2772871602195));
#13114=CARTESIAN_POINT('',(3.58856004957962,-4.31841191993976,47.3897118390706));
#13115=CARTESIAN_POINT('',(3.55095877433196,-4.28094503303721,47.467516464103));
#13116=CARTESIAN_POINT('',(3.54907459718926,-4.27901241961448,47.6461554467475));
#13117=CARTESIAN_POINT('',(3.60402371088947,-4.33403535575048,47.7438938228794));
#13118=CARTESIAN_POINT('',(3.66617148141525,-4.39616879879845,47.7976492274574));
#13119=CARTESIAN_POINT('',(3.68022404903098,-4.41026115657257,47.8080186740025));
#13120=CARTESIAN_POINT('',(3.71173753100999,-4.44177721044986,47.8268719278047));
#13121=CARTESIAN_POINT('',(3.737372928326,-4.46737212976482,47.8382980316381));
#13122=CARTESIAN_POINT('',(3.77012301238535,-4.50012655593252,47.8501004543249));
#13123=CARTESIAN_POINT('',(3.80402979865875,-4.53402979865894,47.86));
#13124=CARTESIAN_POINT('',(3.84999999999981,-4.58,47.86));
#13125=CARTESIAN_POINT('',(3.84999999999981,-1.43722522099897E-29,47.56));
#13126=CARTESIAN_POINT('',(3.84999999999981,9.63735264431544E-17,47.86));
#13127=CARTESIAN_POINT('',(3.8499999999998,-4.58,47.56));
#13128=CARTESIAN_POINT('',(3.84999999999981,-4.58,47.56));
#13129=CARTESIAN_POINT('',(-3.0000000000002,-2.04000000000001,47.56));
#13130=CARTESIAN_POINT('',(-3.0000000000002,-2.04,47.86));
#13131=CARTESIAN_POINT('',(-3.00000000000019,-2.36661529514156,47.23));
#13132=CARTESIAN_POINT('',(1.30999999999982,-2.04,47.56));
#13133=CARTESIAN_POINT('',(1.30999999999981,-2.04,47.86));
#13134=CARTESIAN_POINT('',(1.30999999730398,-2.04000000269583,47.26));
#13135=CARTESIAN_POINT('',(1.30999999999981,-2.04000000000001,47.56));
#13136=CARTESIAN_POINT('',(1.30999999999979,-2.04,47.56));
#13137=CARTESIAN_POINT('',(1.3099999999998,-2.04,47.26));
#13138=CARTESIAN_POINT('',(1.21974814072092,-1.94974814140014,47.26));
#13139=CARTESIAN_POINT('',(1.17800622849462,-1.90801328117795,47.2772871603159));
#13140=CARTESIAN_POINT('',(1.048560049362,-1.77841191973657,47.3897118393754));
#13141=CARTESIAN_POINT('',(1.01095877424381,-1.74094503294703,47.4675164644223));
#13142=CARTESIAN_POINT('',(1.00907459727141,-1.73901241969858,47.6461554469976));
#13143=CARTESIAN_POINT('',(1.06402371095309,-1.79403535581234,47.7438938229703));
#13144=CARTESIAN_POINT('',(1.12617148151618,-1.85616879889981,47.7976492275358));
#13145=CARTESIAN_POINT('',(1.14022404913391,-1.87026115667459,47.8080186740722));
#13146=CARTESIAN_POINT('',(1.17173753110109,-1.90177721053871,47.8268719278511));
#13147=CARTESIAN_POINT('',(1.19737292836558,-1.92737212980316,47.8382980316547));
#13148=CARTESIAN_POINT('',(1.23012301246812,-1.96012655601776,47.85010045435));
#13149=CARTESIAN_POINT('',(1.26402979872601,-1.9940297987262,47.86));
#13150=CARTESIAN_POINT('',(1.30999999999981,-2.04,47.86));
#13151=CARTESIAN_POINT('',(1.30999999999981,-2.04,47.56));
#13152=CARTESIAN_POINT('',(1.30999999999981,0.,47.56));
#13153=CARTESIAN_POINT('',(1.30999999999981,0.,47.86));
#13154=CARTESIAN_POINT('',(1.3099999999998,-2.04,47.56));
#13155=CARTESIAN_POINT('',(6.38999999999979,9.,50.1));
#13156=CARTESIAN_POINT('',(6.38999999999981,9.,50.4));
#13157=CARTESIAN_POINT('',(6.06338470485825,8.99999999999999,49.77));
#13158=CARTESIAN_POINT('',(6.38999999999981,4.2,50.1));
#13159=CARTESIAN_POINT('',(6.38999999999981,4.2,50.4));
#13160=CARTESIAN_POINT('',(6.3899999999998,-7.12000000000001,50.1));
#13161=CARTESIAN_POINT('',(3.84999999999979,9.,50.1));
#13162=CARTESIAN_POINT('',(3.84999999999981,9.,50.4));
#13163=CARTESIAN_POINT('',(3.52338470485825,8.99999999999999,49.77));
#13164=CARTESIAN_POINT('',(3.84999999999981,4.2,50.1));
#13165=CARTESIAN_POINT('',(3.84999999999981,4.2,50.4));
#13166=CARTESIAN_POINT('',(3.8499999999998,-4.58,50.1));
#13167=CARTESIAN_POINT('',(1.30999999999979,9.,50.1));
#13168=CARTESIAN_POINT('',(1.30999999999981,9.,50.4));
#13169=CARTESIAN_POINT('',(0.983384704858249,9.,49.77));
#13170=CARTESIAN_POINT('',(1.30999999999981,4.2,50.1));
#13171=CARTESIAN_POINT('',(1.30999999999981,4.2,50.4));
#13172=CARTESIAN_POINT('',(1.3099999999998,-2.04,50.1));
#13173=CARTESIAN_POINT('',(6.38999999999982,-7.12,50.1));
#13174=CARTESIAN_POINT('',(6.38999999999981,-7.12,50.4));
#13175=CARTESIAN_POINT('',(6.38999999730403,-7.12000000269579,49.8));
#13176=CARTESIAN_POINT('',(6.38999999999981,-7.12,49.8));
#13177=CARTESIAN_POINT('',(6.29974814089436,-7.02974814156961,49.8));
#13178=CARTESIAN_POINT('',(6.25800622865283,-6.98801328131818,49.8172871602442));
#13179=CARTESIAN_POINT('',(6.12856004946596,-6.85841191983911,49.9297118392194));
#13180=CARTESIAN_POINT('',(6.09095877429426,-6.82094503299581,50.0075164642159));
#13181=CARTESIAN_POINT('',(6.08907459722437,-6.81901241965327,50.1861554468798));
#13182=CARTESIAN_POINT('',(6.14402371093115,-6.87403535579426,50.2838938229308));
#13183=CARTESIAN_POINT('',(6.20617148145456,-6.93616879883724,50.3376492274876));
#13184=CARTESIAN_POINT('',(6.22022404906881,-6.95026115660946,50.3480186740281));
#13185=CARTESIAN_POINT('',(6.25173753104231,-6.98177721048114,50.3668719278211));
#13186=CARTESIAN_POINT('',(6.27737292834414,-7.00737212978256,50.3782980316457));
#13187=CARTESIAN_POINT('',(6.31012301241786,-7.04012655596592,50.3901004543346));
#13188=CARTESIAN_POINT('',(6.34402979868451,-7.0740297986847,50.4));
#13189=CARTESIAN_POINT('',(6.38999999999981,-7.12,50.4));
#13190=CARTESIAN_POINT('',(6.38999999999981,-2.63009808030382E-30,50.1));
#13191=CARTESIAN_POINT('',(6.38999999999981,-3.21245088143877E-17,50.4));
#13192=CARTESIAN_POINT('',(6.3899999999998,-7.12000000000001,50.1));
#13193=CARTESIAN_POINT('',(6.38999999999981,-7.12000000000001,50.1));
#13194=CARTESIAN_POINT('',(6.38999999999979,-7.12,50.1));
#13195=CARTESIAN_POINT('',(-3.0000000000002,-7.12000000000001,50.1));
#13196=CARTESIAN_POINT('',(-3.0000000000002,-7.12,50.4));
#13197=CARTESIAN_POINT('',(6.38999999999981,-7.12000000000001,50.1));
#13198=CARTESIAN_POINT('',(-3.00000000000019,-7.44661529514156,49.77));
#13199=CARTESIAN_POINT('',(-3.0000000000002,-4.58000000000001,50.1));
#13200=CARTESIAN_POINT('',(-3.0000000000002,-4.58,50.4));
#13201=CARTESIAN_POINT('',(-3.00000000000019,-4.90661529514156,49.77));
#13202=CARTESIAN_POINT('',(3.84999999999982,-4.58,50.1));
#13203=CARTESIAN_POINT('',(3.84999999999981,-4.58,50.4));
#13204=CARTESIAN_POINT('',(3.84999999730396,-4.58000000269585,49.8));
#13205=CARTESIAN_POINT('',(3.84999999999981,-4.58000000000001,50.1));
#13206=CARTESIAN_POINT('',(3.84999999999979,-4.58,50.1));
#13207=CARTESIAN_POINT('',(3.8499999999998,-4.58,49.8));
#13208=CARTESIAN_POINT('',(3.75974814083245,-4.48974814151294,49.8));
#13209=CARTESIAN_POINT('',(3.7180062287389,-4.44801328140239,49.8172871602195));
#13210=CARTESIAN_POINT('',(3.58856004957962,-4.31841191993976,49.9297118390706));
#13211=CARTESIAN_POINT('',(3.55095877433196,-4.28094503303721,50.007516464103));
#13212=CARTESIAN_POINT('',(3.54907459718926,-4.27901241961448,50.1861554467475));
#13213=CARTESIAN_POINT('',(3.60402371088947,-4.33403535575048,50.2838938228795));
#13214=CARTESIAN_POINT('',(3.66617148141525,-4.39616879879845,50.3376492274574));
#13215=CARTESIAN_POINT('',(3.68022404903098,-4.41026115657257,50.3480186740025));
#13216=CARTESIAN_POINT('',(3.71173753100999,-4.44177721044986,50.3668719278047));
#13217=CARTESIAN_POINT('',(3.737372928326,-4.46737212976482,50.3782980316381));
#13218=CARTESIAN_POINT('',(3.77012301238535,-4.50012655593252,50.3901004543249));
#13219=CARTESIAN_POINT('',(3.80402979865875,-4.53402979865894,50.4));
#13220=CARTESIAN_POINT('',(3.84999999999981,-4.58,50.4));
#13221=CARTESIAN_POINT('',(3.84999999999981,-1.43722522099897E-29,50.1));
#13222=CARTESIAN_POINT('',(3.84999999999981,9.63735264431544E-17,50.4));
#13223=CARTESIAN_POINT('',(3.8499999999998,-4.58,50.1));
#13224=CARTESIAN_POINT('',(3.84999999999981,-4.58,50.1));
#13225=CARTESIAN_POINT('',(-3.0000000000002,-2.04000000000001,50.1));
#13226=CARTESIAN_POINT('',(-3.0000000000002,-2.04,50.4));
#13227=CARTESIAN_POINT('',(-3.00000000000019,-2.36661529514156,49.77));
#13228=CARTESIAN_POINT('',(1.30999999999982,-2.04,50.1));
#13229=CARTESIAN_POINT('',(1.30999999999981,-2.04,50.4));
#13230=CARTESIAN_POINT('',(1.30999999730398,-2.04000000269583,49.8));
#13231=CARTESIAN_POINT('',(1.30999999999981,-2.04000000000001,50.1));
#13232=CARTESIAN_POINT('',(1.30999999999979,-2.04,50.1));
#13233=CARTESIAN_POINT('',(1.3099999999998,-2.04,49.8));
#13234=CARTESIAN_POINT('',(1.21974814072092,-1.94974814140014,49.8));
#13235=CARTESIAN_POINT('',(1.17800622849462,-1.90801328117795,49.8172871603159));
#13236=CARTESIAN_POINT('',(1.048560049362,-1.77841191973657,49.9297118393754));
#13237=CARTESIAN_POINT('',(1.01095877424381,-1.74094503294703,50.0075164644223));
#13238=CARTESIAN_POINT('',(1.00907459727141,-1.73901241969858,50.1861554469977));
#13239=CARTESIAN_POINT('',(1.06402371095309,-1.79403535581234,50.2838938229703));
#13240=CARTESIAN_POINT('',(1.12617148151618,-1.85616879889981,50.3376492275358));
#13241=CARTESIAN_POINT('',(1.14022404913391,-1.87026115667459,50.3480186740722));
#13242=CARTESIAN_POINT('',(1.17173753110109,-1.90177721053871,50.3668719278511));
#13243=CARTESIAN_POINT('',(1.19737292836558,-1.92737212980316,50.3782980316547));
#13244=CARTESIAN_POINT('',(1.23012301246812,-1.96012655601776,50.39010045435));
#13245=CARTESIAN_POINT('',(1.26402979872601,-1.9940297987262,50.4));
#13246=CARTESIAN_POINT('',(1.30999999999981,-2.04,50.4));
#13247=CARTESIAN_POINT('',(1.30999999999981,-2.04,50.1));
#13248=CARTESIAN_POINT('',(1.30999999999981,0.,50.1));
#13249=CARTESIAN_POINT('',(1.30999999999981,0.,50.4));
#13250=CARTESIAN_POINT('',(1.3099999999998,-2.04,50.1));
#13251=CARTESIAN_POINT('',(6.38999999999979,9.,52.64));
#13252=CARTESIAN_POINT('',(6.38999999999981,9.,52.94));
#13253=CARTESIAN_POINT('',(6.06338470485825,8.99999999999999,52.31));
#13254=CARTESIAN_POINT('',(6.38999999999981,4.2,52.64));
#13255=CARTESIAN_POINT('',(6.38999999999981,4.2,52.94));
#13256=CARTESIAN_POINT('',(6.3899999999998,-7.12000000000001,52.64));
#13257=CARTESIAN_POINT('',(3.84999999999979,9.,52.64));
#13258=CARTESIAN_POINT('',(3.84999999999981,9.,52.94));
#13259=CARTESIAN_POINT('',(3.52338470485825,8.99999999999999,52.31));
#13260=CARTESIAN_POINT('',(3.84999999999981,4.2,52.64));
#13261=CARTESIAN_POINT('',(3.84999999999981,4.2,52.94));
#13262=CARTESIAN_POINT('',(3.8499999999998,-4.58,52.64));
#13263=CARTESIAN_POINT('',(1.30999999999979,9.,52.64));
#13264=CARTESIAN_POINT('',(1.30999999999981,9.,52.94));
#13265=CARTESIAN_POINT('',(0.983384704858249,9.,52.31));
#13266=CARTESIAN_POINT('',(1.30999999999981,4.2,52.64));
#13267=CARTESIAN_POINT('',(1.30999999999981,4.2,52.94));
#13268=CARTESIAN_POINT('',(1.3099999999998,-2.04,52.64));
#13269=CARTESIAN_POINT('',(6.38999999999982,-7.12,52.64));
#13270=CARTESIAN_POINT('',(6.38999999999981,-7.12,52.94));
#13271=CARTESIAN_POINT('',(6.38999999730403,-7.12000000269579,52.34));
#13272=CARTESIAN_POINT('',(6.38999999999981,-7.12,52.34));
#13273=CARTESIAN_POINT('',(6.29974814089436,-7.02974814156961,52.34));
#13274=CARTESIAN_POINT('',(6.25800622865283,-6.98801328131818,52.3572871602442));
#13275=CARTESIAN_POINT('',(6.12856004946596,-6.85841191983911,52.4697118392194));
#13276=CARTESIAN_POINT('',(6.09095877429426,-6.82094503299581,52.5475164642158));
#13277=CARTESIAN_POINT('',(6.08907459722437,-6.81901241965328,52.7261554468798));
#13278=CARTESIAN_POINT('',(6.14402371093115,-6.87403535579426,52.8238938229307));
#13279=CARTESIAN_POINT('',(6.20617148145456,-6.93616879883724,52.8776492274876));
#13280=CARTESIAN_POINT('',(6.22022404906881,-6.95026115660946,52.8880186740281));
#13281=CARTESIAN_POINT('',(6.25173753104231,-6.98177721048114,52.9068719278211));
#13282=CARTESIAN_POINT('',(6.27737292834413,-7.00737212978256,52.9182980316456));
#13283=CARTESIAN_POINT('',(6.31012301241786,-7.04012655596593,52.9301004543346));
#13284=CARTESIAN_POINT('',(6.3440297986845,-7.0740297986847,52.94));
#13285=CARTESIAN_POINT('',(6.38999999999981,-7.12,52.94));
#13286=CARTESIAN_POINT('',(6.38999999999981,-2.63009808030382E-30,52.64));
#13287=CARTESIAN_POINT('',(6.38999999999981,-3.21245088143877E-17,52.94));
#13288=CARTESIAN_POINT('',(6.3899999999998,-7.12000000000001,52.64));
#13289=CARTESIAN_POINT('',(6.38999999999981,-7.12000000000001,52.64));
#13290=CARTESIAN_POINT('',(6.38999999999979,-7.12,52.64));
#13291=CARTESIAN_POINT('',(-3.0000000000002,-7.12000000000001,52.64));
#13292=CARTESIAN_POINT('',(-3.0000000000002,-7.12,52.94));
#13293=CARTESIAN_POINT('',(6.38999999999981,-7.12000000000001,52.64));
#13294=CARTESIAN_POINT('',(-3.00000000000019,-7.44661529514156,52.31));
#13295=CARTESIAN_POINT('',(-3.0000000000002,-4.58000000000001,52.64));
#13296=CARTESIAN_POINT('',(-3.0000000000002,-4.58,52.94));
#13297=CARTESIAN_POINT('',(-3.00000000000019,-4.90661529514156,52.31));
#13298=CARTESIAN_POINT('',(3.84999999999982,-4.58,52.64));
#13299=CARTESIAN_POINT('',(3.84999999999981,-4.58,52.94));
#13300=CARTESIAN_POINT('',(3.84999999730396,-4.58000000269585,52.34));
#13301=CARTESIAN_POINT('',(3.84999999999981,-4.58000000000001,52.64));
#13302=CARTESIAN_POINT('',(3.84999999999979,-4.58,52.64));
#13303=CARTESIAN_POINT('',(3.8499999999998,-4.58,52.34));
#13304=CARTESIAN_POINT('',(3.75974814083245,-4.48974814151294,52.34));
#13305=CARTESIAN_POINT('',(3.7180062287389,-4.44801328140239,52.3572871602195));
#13306=CARTESIAN_POINT('',(3.58856004957962,-4.31841191993976,52.4697118390706));
#13307=CARTESIAN_POINT('',(3.55095877433196,-4.28094503303721,52.547516464103));
#13308=CARTESIAN_POINT('',(3.54907459718926,-4.27901241961448,52.7261554467475));
#13309=CARTESIAN_POINT('',(3.60402371088947,-4.33403535575048,52.8238938228794));
#13310=CARTESIAN_POINT('',(3.66617148141525,-4.39616879879845,52.8776492274574));
#13311=CARTESIAN_POINT('',(3.68022404903098,-4.41026115657257,52.8880186740025));
#13312=CARTESIAN_POINT('',(3.71173753100999,-4.44177721044986,52.9068719278047));
#13313=CARTESIAN_POINT('',(3.737372928326,-4.46737212976482,52.9182980316381));
#13314=CARTESIAN_POINT('',(3.77012301238535,-4.50012655593252,52.9301004543249));
#13315=CARTESIAN_POINT('',(3.80402979865875,-4.53402979865894,52.94));
#13316=CARTESIAN_POINT('',(3.84999999999981,-4.58,52.94));
#13317=CARTESIAN_POINT('',(3.84999999999981,-1.43722522099897E-29,52.64));
#13318=CARTESIAN_POINT('',(3.84999999999981,9.63735264431544E-17,52.94));
#13319=CARTESIAN_POINT('',(3.8499999999998,-4.58,52.64));
#13320=CARTESIAN_POINT('',(3.84999999999981,-4.58,52.64));
#13321=CARTESIAN_POINT('',(-3.0000000000002,-2.04000000000001,52.64));
#13322=CARTESIAN_POINT('',(-3.0000000000002,-2.04,52.94));
#13323=CARTESIAN_POINT('',(-3.00000000000019,-2.36661529514156,52.31));
#13324=CARTESIAN_POINT('',(1.30999999999982,-2.04,52.64));
#13325=CARTESIAN_POINT('',(1.30999999999981,-2.04,52.94));
#13326=CARTESIAN_POINT('',(1.30999999730398,-2.04000000269583,52.34));
#13327=CARTESIAN_POINT('',(1.30999999999981,-2.04000000000001,52.64));
#13328=CARTESIAN_POINT('',(1.30999999999979,-2.04,52.64));
#13329=CARTESIAN_POINT('',(1.3099999999998,-2.04,52.34));
#13330=CARTESIAN_POINT('',(1.21974814072092,-1.94974814140014,52.34));
#13331=CARTESIAN_POINT('',(1.17800622849462,-1.90801328117795,52.3572871603159));
#13332=CARTESIAN_POINT('',(1.048560049362,-1.77841191973657,52.4697118393754));
#13333=CARTESIAN_POINT('',(1.01095877424381,-1.74094503294703,52.5475164644222));
#13334=CARTESIAN_POINT('',(1.00907459727141,-1.73901241969858,52.7261554469976));
#13335=CARTESIAN_POINT('',(1.06402371095309,-1.79403535581234,52.8238938229703));
#13336=CARTESIAN_POINT('',(1.12617148151618,-1.85616879889981,52.8776492275358));
#13337=CARTESIAN_POINT('',(1.14022404913391,-1.87026115667459,52.8880186740722));
#13338=CARTESIAN_POINT('',(1.17173753110109,-1.90177721053871,52.9068719278511));
#13339=CARTESIAN_POINT('',(1.19737292836558,-1.92737212980316,52.9182980316547));
#13340=CARTESIAN_POINT('',(1.23012301246812,-1.96012655601776,52.93010045435));
#13341=CARTESIAN_POINT('',(1.26402979872601,-1.9940297987262,52.94));
#13342=CARTESIAN_POINT('',(1.30999999999981,-2.04,52.94));
#13343=CARTESIAN_POINT('',(1.30999999999981,-2.04,52.64));
#13344=CARTESIAN_POINT('',(1.30999999999981,0.,52.64));
#13345=CARTESIAN_POINT('',(1.30999999999981,0.,52.94));
#13346=CARTESIAN_POINT('',(1.3099999999998,-2.04,52.64));
#13347=CARTESIAN_POINT('',(6.38999999999979,9.,55.18));
#13348=CARTESIAN_POINT('',(6.38999999999981,9.,55.48));
#13349=CARTESIAN_POINT('',(6.06338470485825,8.99999999999999,54.85));
#13350=CARTESIAN_POINT('',(6.38999999999981,4.2,55.18));
#13351=CARTESIAN_POINT('',(6.38999999999981,4.2,55.48));
#13352=CARTESIAN_POINT('',(6.3899999999998,-7.12000000000001,55.18));
#13353=CARTESIAN_POINT('',(3.84999999999979,9.,55.18));
#13354=CARTESIAN_POINT('',(3.84999999999981,9.,55.48));
#13355=CARTESIAN_POINT('',(3.52338470485825,8.99999999999999,54.85));
#13356=CARTESIAN_POINT('',(3.84999999999981,4.2,55.18));
#13357=CARTESIAN_POINT('',(3.84999999999981,4.2,55.48));
#13358=CARTESIAN_POINT('',(3.8499999999998,-4.58,55.18));
#13359=CARTESIAN_POINT('',(1.30999999999979,9.,55.18));
#13360=CARTESIAN_POINT('',(1.30999999999981,9.,55.48));
#13361=CARTESIAN_POINT('',(0.983384704858249,9.,54.85));
#13362=CARTESIAN_POINT('',(1.30999999999981,4.2,55.18));
#13363=CARTESIAN_POINT('',(1.30999999999981,4.2,55.48));
#13364=CARTESIAN_POINT('',(1.3099999999998,-2.04,55.18));
#13365=CARTESIAN_POINT('',(6.38999999999982,-7.12,55.18));
#13366=CARTESIAN_POINT('',(6.38999999999981,-7.12,55.48));
#13367=CARTESIAN_POINT('',(6.38999999730403,-7.12000000269579,54.88));
#13368=CARTESIAN_POINT('',(6.38999999999981,-7.12,54.88));
#13369=CARTESIAN_POINT('',(6.29974814089436,-7.02974814156961,54.88));
#13370=CARTESIAN_POINT('',(6.25800622865283,-6.98801328131818,54.8972871602442));
#13371=CARTESIAN_POINT('',(6.12856004946596,-6.85841191983911,55.0097118392193));
#13372=CARTESIAN_POINT('',(6.09095877429426,-6.82094503299581,55.0875164642159));
#13373=CARTESIAN_POINT('',(6.08907459722437,-6.81901241965328,55.2661554468798));
#13374=CARTESIAN_POINT('',(6.14402371093115,-6.87403535579426,55.3638938229307));
#13375=CARTESIAN_POINT('',(6.20617148145456,-6.93616879883724,55.4176492274876));
#13376=CARTESIAN_POINT('',(6.22022404906881,-6.95026115660946,55.4280186740281));
#13377=CARTESIAN_POINT('',(6.25173753104231,-6.98177721048114,55.4468719278211));
#13378=CARTESIAN_POINT('',(6.27737292834413,-7.00737212978256,55.4582980316456));
#13379=CARTESIAN_POINT('',(6.31012301241786,-7.04012655596593,55.4701004543346));
#13380=CARTESIAN_POINT('',(6.3440297986845,-7.0740297986847,55.48));
#13381=CARTESIAN_POINT('',(6.38999999999981,-7.12,55.48));
#13382=CARTESIAN_POINT('',(6.38999999999981,-2.63009808030382E-30,55.18));
#13383=CARTESIAN_POINT('',(6.38999999999981,-3.21245088143877E-17,55.48));
#13384=CARTESIAN_POINT('',(6.3899999999998,-7.12000000000001,55.18));
#13385=CARTESIAN_POINT('',(6.38999999999981,-7.12000000000001,55.18));
#13386=CARTESIAN_POINT('',(6.38999999999979,-7.12,55.18));
#13387=CARTESIAN_POINT('',(-3.0000000000002,-7.12000000000001,55.18));
#13388=CARTESIAN_POINT('',(-3.0000000000002,-7.12,55.48));
#13389=CARTESIAN_POINT('',(6.38999999999981,-7.12000000000001,55.18));
#13390=CARTESIAN_POINT('',(-3.00000000000019,-7.44661529514156,54.85));
#13391=CARTESIAN_POINT('',(-3.0000000000002,-4.58000000000001,55.18));
#13392=CARTESIAN_POINT('',(-3.0000000000002,-4.58,55.48));
#13393=CARTESIAN_POINT('',(-3.00000000000019,-4.90661529514156,54.85));
#13394=CARTESIAN_POINT('',(3.84999999999982,-4.58,55.18));
#13395=CARTESIAN_POINT('',(3.84999999999981,-4.58,55.48));
#13396=CARTESIAN_POINT('',(3.84999999730396,-4.58000000269585,54.88));
#13397=CARTESIAN_POINT('',(3.84999999999981,-4.58000000000001,55.18));
#13398=CARTESIAN_POINT('',(3.84999999999979,-4.58,55.18));
#13399=CARTESIAN_POINT('',(3.8499999999998,-4.58,54.88));
#13400=CARTESIAN_POINT('',(3.75974814083245,-4.48974814151294,54.88));
#13401=CARTESIAN_POINT('',(3.7180062287389,-4.44801328140239,54.8972871602195));
#13402=CARTESIAN_POINT('',(3.58856004957962,-4.31841191993976,55.0097118390706));
#13403=CARTESIAN_POINT('',(3.55095877433196,-4.28094503303721,55.087516464103));
#13404=CARTESIAN_POINT('',(3.54907459718926,-4.27901241961448,55.2661554467475));
#13405=CARTESIAN_POINT('',(3.60402371088947,-4.33403535575048,55.3638938228794));
#13406=CARTESIAN_POINT('',(3.66617148141525,-4.39616879879845,55.4176492274574));
#13407=CARTESIAN_POINT('',(3.68022404903098,-4.41026115657257,55.4280186740025));
#13408=CARTESIAN_POINT('',(3.71173753100999,-4.44177721044986,55.4468719278047));
#13409=CARTESIAN_POINT('',(3.737372928326,-4.46737212976482,55.4582980316381));
#13410=CARTESIAN_POINT('',(3.77012301238535,-4.50012655593252,55.4701004543249));
#13411=CARTESIAN_POINT('',(3.80402979865875,-4.53402979865894,55.48));
#13412=CARTESIAN_POINT('',(3.84999999999981,-4.58,55.48));
#13413=CARTESIAN_POINT('',(3.84999999999981,-1.43722522099897E-29,55.18));
#13414=CARTESIAN_POINT('',(3.84999999999981,9.63735264431544E-17,55.48));
#13415=CARTESIAN_POINT('',(3.8499999999998,-4.58,55.18));
#13416=CARTESIAN_POINT('',(3.84999999999981,-4.58,55.18));
#13417=CARTESIAN_POINT('',(-3.0000000000002,-2.04000000000001,55.18));
#13418=CARTESIAN_POINT('',(-3.0000000000002,-2.04,55.48));
#13419=CARTESIAN_POINT('',(-3.00000000000019,-2.36661529514156,54.85));
#13420=CARTESIAN_POINT('',(1.30999999999982,-2.04,55.18));
#13421=CARTESIAN_POINT('',(1.30999999999981,-2.04,55.48));
#13422=CARTESIAN_POINT('',(1.30999999730398,-2.04000000269583,54.88));
#13423=CARTESIAN_POINT('',(1.30999999999981,-2.04000000000001,55.18));
#13424=CARTESIAN_POINT('',(1.30999999999979,-2.04,55.18));
#13425=CARTESIAN_POINT('',(1.3099999999998,-2.04,54.88));
#13426=CARTESIAN_POINT('',(1.21974814072092,-1.94974814140014,54.88));
#13427=CARTESIAN_POINT('',(1.17800622849462,-1.90801328117795,54.8972871603159));
#13428=CARTESIAN_POINT('',(1.048560049362,-1.77841191973657,55.0097118393754));
#13429=CARTESIAN_POINT('',(1.01095877424381,-1.74094503294703,55.0875164644222));
#13430=CARTESIAN_POINT('',(1.00907459727141,-1.73901241969858,55.2661554469976));
#13431=CARTESIAN_POINT('',(1.06402371095309,-1.79403535581234,55.3638938229703));
#13432=CARTESIAN_POINT('',(1.12617148151618,-1.85616879889981,55.4176492275358));
#13433=CARTESIAN_POINT('',(1.14022404913391,-1.87026115667459,55.4280186740722));
#13434=CARTESIAN_POINT('',(1.17173753110109,-1.90177721053871,55.4468719278511));
#13435=CARTESIAN_POINT('',(1.19737292836558,-1.92737212980316,55.4582980316547));
#13436=CARTESIAN_POINT('',(1.23012301246812,-1.96012655601776,55.47010045435));
#13437=CARTESIAN_POINT('',(1.26402979872601,-1.9940297987262,55.48));
#13438=CARTESIAN_POINT('',(1.30999999999981,-2.04,55.48));
#13439=CARTESIAN_POINT('',(1.30999999999981,-2.04,55.18));
#13440=CARTESIAN_POINT('',(1.30999999999981,0.,55.18));
#13441=CARTESIAN_POINT('',(1.30999999999981,0.,55.48));
#13442=CARTESIAN_POINT('',(1.3099999999998,-2.04,55.18));
#13443=CARTESIAN_POINT('',(6.38999999999979,9.,57.72));
#13444=CARTESIAN_POINT('',(6.38999999999981,9.,58.02));
#13445=CARTESIAN_POINT('',(6.06338470485825,8.99999999999999,57.39));
#13446=CARTESIAN_POINT('',(6.38999999999981,4.2,57.72));
#13447=CARTESIAN_POINT('',(6.38999999999981,4.2,58.02));
#13448=CARTESIAN_POINT('',(6.3899999999998,-7.12000000000001,57.72));
#13449=CARTESIAN_POINT('',(3.84999999999979,9.,57.72));
#13450=CARTESIAN_POINT('',(3.84999999999981,9.,58.02));
#13451=CARTESIAN_POINT('',(3.52338470485825,8.99999999999999,57.39));
#13452=CARTESIAN_POINT('',(3.84999999999981,4.2,57.72));
#13453=CARTESIAN_POINT('',(3.84999999999981,4.2,58.02));
#13454=CARTESIAN_POINT('',(3.8499999999998,-4.58,57.72));
#13455=CARTESIAN_POINT('',(1.30999999999979,9.,57.72));
#13456=CARTESIAN_POINT('',(1.30999999999981,9.,58.02));
#13457=CARTESIAN_POINT('',(0.983384704858249,9.,57.39));
#13458=CARTESIAN_POINT('',(1.30999999999981,4.2,57.72));
#13459=CARTESIAN_POINT('',(1.30999999999981,4.2,58.02));
#13460=CARTESIAN_POINT('',(1.3099999999998,-2.04,57.72));
#13461=CARTESIAN_POINT('',(6.38999999999982,-7.12,57.72));
#13462=CARTESIAN_POINT('',(6.38999999999981,-7.12,58.02));
#13463=CARTESIAN_POINT('',(6.38999999730403,-7.12000000269579,57.42));
#13464=CARTESIAN_POINT('',(6.38999999999981,-7.12,57.42));
#13465=CARTESIAN_POINT('',(6.29974814089436,-7.02974814156961,57.42));
#13466=CARTESIAN_POINT('',(6.25800622865283,-6.98801328131818,57.4372871602442));
#13467=CARTESIAN_POINT('',(6.12856004946596,-6.85841191983911,57.5497118392194));
#13468=CARTESIAN_POINT('',(6.09095877429426,-6.82094503299581,57.6275164642159));
#13469=CARTESIAN_POINT('',(6.08907459722437,-6.81901241965328,57.8061554468798));
#13470=CARTESIAN_POINT('',(6.14402371093115,-6.87403535579426,57.9038938229307));
#13471=CARTESIAN_POINT('',(6.20617148145456,-6.93616879883724,57.9576492274876));
#13472=CARTESIAN_POINT('',(6.22022404906881,-6.95026115660946,57.9680186740281));
#13473=CARTESIAN_POINT('',(6.25173753104231,-6.98177721048114,57.9868719278211));
#13474=CARTESIAN_POINT('',(6.27737292834413,-7.00737212978256,57.9982980316456));
#13475=CARTESIAN_POINT('',(6.31012301241786,-7.04012655596593,58.0101004543346));
#13476=CARTESIAN_POINT('',(6.3440297986845,-7.0740297986847,58.02));
#13477=CARTESIAN_POINT('',(6.38999999999981,-7.12,58.02));
#13478=CARTESIAN_POINT('',(6.38999999999981,-2.63009808030382E-30,57.72));
#13479=CARTESIAN_POINT('',(6.38999999999981,-3.21245088143877E-17,58.02));
#13480=CARTESIAN_POINT('',(6.3899999999998,-7.12000000000001,57.72));
#13481=CARTESIAN_POINT('',(6.38999999999981,-7.12000000000001,57.72));
#13482=CARTESIAN_POINT('',(6.38999999999979,-7.12,57.72));
#13483=CARTESIAN_POINT('',(-3.0000000000002,-7.12000000000001,57.72));
#13484=CARTESIAN_POINT('',(-3.0000000000002,-7.12,58.02));
#13485=CARTESIAN_POINT('',(6.38999999999981,-7.12000000000001,57.72));
#13486=CARTESIAN_POINT('',(-3.00000000000019,-7.44661529514156,57.39));
#13487=CARTESIAN_POINT('',(-3.0000000000002,-4.58000000000001,57.72));
#13488=CARTESIAN_POINT('',(-3.0000000000002,-4.58,58.02));
#13489=CARTESIAN_POINT('',(-3.00000000000019,-4.90661529514156,57.39));
#13490=CARTESIAN_POINT('',(3.84999999999982,-4.58,57.72));
#13491=CARTESIAN_POINT('',(3.84999999999981,-4.58,58.02));
#13492=CARTESIAN_POINT('',(3.84999999730396,-4.58000000269585,57.42));
#13493=CARTESIAN_POINT('',(3.84999999999981,-4.58000000000001,57.72));
#13494=CARTESIAN_POINT('',(3.84999999999979,-4.58,57.72));
#13495=CARTESIAN_POINT('',(3.8499999999998,-4.58,57.42));
#13496=CARTESIAN_POINT('',(3.75974814083245,-4.48974814151294,57.42));
#13497=CARTESIAN_POINT('',(3.7180062287389,-4.44801328140239,57.4372871602195));
#13498=CARTESIAN_POINT('',(3.58856004957962,-4.31841191993976,57.5497118390706));
#13499=CARTESIAN_POINT('',(3.55095877433196,-4.28094503303721,57.627516464103));
#13500=CARTESIAN_POINT('',(3.54907459718926,-4.27901241961448,57.8061554467475));
#13501=CARTESIAN_POINT('',(3.60402371088947,-4.33403535575048,57.9038938228794));
#13502=CARTESIAN_POINT('',(3.66617148141525,-4.39616879879845,57.9576492274574));
#13503=CARTESIAN_POINT('',(3.68022404903098,-4.41026115657257,57.9680186740025));
#13504=CARTESIAN_POINT('',(3.71173753100999,-4.44177721044986,57.9868719278047));
#13505=CARTESIAN_POINT('',(3.737372928326,-4.46737212976482,57.9982980316381));
#13506=CARTESIAN_POINT('',(3.77012301238535,-4.50012655593252,58.0101004543249));
#13507=CARTESIAN_POINT('',(3.80402979865875,-4.53402979865894,58.02));
#13508=CARTESIAN_POINT('',(3.84999999999981,-4.58,58.02));
#13509=CARTESIAN_POINT('',(3.84999999999981,-1.43722522099897E-29,57.72));
#13510=CARTESIAN_POINT('',(3.84999999999981,9.63735264431544E-17,58.02));
#13511=CARTESIAN_POINT('',(3.8499999999998,-4.58,57.72));
#13512=CARTESIAN_POINT('',(3.84999999999981,-4.58,57.72));
#13513=CARTESIAN_POINT('',(-3.0000000000002,-2.04000000000001,57.72));
#13514=CARTESIAN_POINT('',(-3.0000000000002,-2.04,58.02));
#13515=CARTESIAN_POINT('',(-3.00000000000019,-2.36661529514156,57.39));
#13516=CARTESIAN_POINT('',(1.30999999999982,-2.04,57.72));
#13517=CARTESIAN_POINT('',(1.30999999999981,-2.04,58.02));
#13518=CARTESIAN_POINT('',(1.30999999730398,-2.04000000269583,57.42));
#13519=CARTESIAN_POINT('',(1.30999999999981,-2.04000000000001,57.72));
#13520=CARTESIAN_POINT('',(1.30999999999979,-2.04,57.72));
#13521=CARTESIAN_POINT('',(1.3099999999998,-2.04,57.42));
#13522=CARTESIAN_POINT('',(1.21974814072092,-1.94974814140014,57.42));
#13523=CARTESIAN_POINT('',(1.17800622849462,-1.90801328117795,57.4372871603159));
#13524=CARTESIAN_POINT('',(1.048560049362,-1.77841191973657,57.5497118393754));
#13525=CARTESIAN_POINT('',(1.01095877424381,-1.74094503294703,57.6275164644222));
#13526=CARTESIAN_POINT('',(1.00907459727141,-1.73901241969858,57.8061554469976));
#13527=CARTESIAN_POINT('',(1.06402371095309,-1.79403535581234,57.9038938229703));
#13528=CARTESIAN_POINT('',(1.12617148151618,-1.85616879889981,57.9576492275358));
#13529=CARTESIAN_POINT('',(1.14022404913391,-1.87026115667459,57.9680186740722));
#13530=CARTESIAN_POINT('',(1.17173753110109,-1.90177721053871,57.9868719278511));
#13531=CARTESIAN_POINT('',(1.19737292836558,-1.92737212980316,57.9982980316547));
#13532=CARTESIAN_POINT('',(1.23012301246812,-1.96012655601776,58.01010045435));
#13533=CARTESIAN_POINT('',(1.26402979872601,-1.9940297987262,58.02));
#13534=CARTESIAN_POINT('',(1.30999999999981,-2.04,58.02));
#13535=CARTESIAN_POINT('',(1.30999999999981,-2.04,57.72));
#13536=CARTESIAN_POINT('',(1.30999999999981,0.,57.72));
#13537=CARTESIAN_POINT('',(1.30999999999981,0.,58.02));
#13538=CARTESIAN_POINT('',(1.3099999999998,-2.04,57.72));
#13539=CARTESIAN_POINT('',(6.38999999999979,9.,60.26));
#13540=CARTESIAN_POINT('',(6.38999999999981,9.,60.56));
#13541=CARTESIAN_POINT('',(6.06338470485825,8.99999999999999,59.93));
#13542=CARTESIAN_POINT('',(6.38999999999981,4.2,60.26));
#13543=CARTESIAN_POINT('',(6.38999999999981,4.2,60.56));
#13544=CARTESIAN_POINT('',(6.3899999999998,-7.12000000000001,60.26));
#13545=CARTESIAN_POINT('',(3.84999999999979,9.,60.26));
#13546=CARTESIAN_POINT('',(3.84999999999981,9.,60.56));
#13547=CARTESIAN_POINT('',(3.52338470485825,8.99999999999999,59.93));
#13548=CARTESIAN_POINT('',(3.84999999999981,4.2,60.26));
#13549=CARTESIAN_POINT('',(3.84999999999981,4.2,60.56));
#13550=CARTESIAN_POINT('',(3.8499999999998,-4.58,60.26));
#13551=CARTESIAN_POINT('',(1.30999999999979,9.,60.26));
#13552=CARTESIAN_POINT('',(1.30999999999981,9.,60.56));
#13553=CARTESIAN_POINT('',(0.983384704858249,9.,59.93));
#13554=CARTESIAN_POINT('',(1.30999999999981,4.2,60.26));
#13555=CARTESIAN_POINT('',(1.30999999999981,4.2,60.56));
#13556=CARTESIAN_POINT('',(1.3099999999998,-2.04,60.26));
#13557=CARTESIAN_POINT('',(6.38999999999982,-7.12,60.26));
#13558=CARTESIAN_POINT('',(6.38999999999981,-7.12,60.56));
#13559=CARTESIAN_POINT('',(6.38999999730403,-7.12000000269579,59.96));
#13560=CARTESIAN_POINT('',(6.38999999999981,-7.12,59.96));
#13561=CARTESIAN_POINT('',(6.29974814089436,-7.02974814156961,59.96));
#13562=CARTESIAN_POINT('',(6.25800622865283,-6.98801328131818,59.9772871602442));
#13563=CARTESIAN_POINT('',(6.12856004946596,-6.85841191983911,60.0897118392194));
#13564=CARTESIAN_POINT('',(6.09095877429426,-6.82094503299581,60.1675164642159));
#13565=CARTESIAN_POINT('',(6.08907459722437,-6.81901241965328,60.3461554468798));
#13566=CARTESIAN_POINT('',(6.14402371093115,-6.87403535579426,60.4438938229307));
#13567=CARTESIAN_POINT('',(6.20617148145456,-6.93616879883724,60.4976492274876));
#13568=CARTESIAN_POINT('',(6.22022404906881,-6.95026115660946,60.5080186740281));
#13569=CARTESIAN_POINT('',(6.25173753104231,-6.98177721048114,60.5268719278211));
#13570=CARTESIAN_POINT('',(6.27737292834413,-7.00737212978256,60.5382980316456));
#13571=CARTESIAN_POINT('',(6.31012301241786,-7.04012655596593,60.5501004543346));
#13572=CARTESIAN_POINT('',(6.3440297986845,-7.0740297986847,60.56));
#13573=CARTESIAN_POINT('',(6.38999999999981,-7.12,60.56));
#13574=CARTESIAN_POINT('',(6.38999999999981,-2.63009808030382E-30,60.26));
#13575=CARTESIAN_POINT('',(6.38999999999981,-3.21245088143877E-17,60.56));
#13576=CARTESIAN_POINT('',(6.3899999999998,-7.12000000000001,60.26));
#13577=CARTESIAN_POINT('',(6.38999999999981,-7.12000000000001,60.26));
#13578=CARTESIAN_POINT('',(6.38999999999979,-7.12,60.26));
#13579=CARTESIAN_POINT('',(-3.0000000000002,-7.12000000000001,60.26));
#13580=CARTESIAN_POINT('',(-3.0000000000002,-7.12,60.56));
#13581=CARTESIAN_POINT('',(6.38999999999981,-7.12000000000001,60.26));
#13582=CARTESIAN_POINT('',(-3.00000000000019,-7.44661529514156,59.93));
#13583=CARTESIAN_POINT('',(-3.0000000000002,-4.58000000000001,60.26));
#13584=CARTESIAN_POINT('',(-3.0000000000002,-4.58,60.56));
#13585=CARTESIAN_POINT('',(-3.00000000000019,-4.90661529514156,59.93));
#13586=CARTESIAN_POINT('',(3.84999999999982,-4.58,60.26));
#13587=CARTESIAN_POINT('',(3.84999999999981,-4.58,60.56));
#13588=CARTESIAN_POINT('',(3.84999999730396,-4.58000000269585,59.96));
#13589=CARTESIAN_POINT('',(3.84999999999981,-4.58000000000001,60.26));
#13590=CARTESIAN_POINT('',(3.84999999999979,-4.58,60.26));
#13591=CARTESIAN_POINT('',(3.8499999999998,-4.58,59.96));
#13592=CARTESIAN_POINT('',(3.75974814083245,-4.48974814151294,59.96));
#13593=CARTESIAN_POINT('',(3.7180062287389,-4.44801328140239,59.9772871602195));
#13594=CARTESIAN_POINT('',(3.58856004957962,-4.31841191993976,60.0897118390706));
#13595=CARTESIAN_POINT('',(3.55095877433196,-4.28094503303721,60.167516464103));
#13596=CARTESIAN_POINT('',(3.54907459718926,-4.27901241961448,60.3461554467475));
#13597=CARTESIAN_POINT('',(3.60402371088947,-4.33403535575048,60.4438938228794));
#13598=CARTESIAN_POINT('',(3.66617148141525,-4.39616879879845,60.4976492274574));
#13599=CARTESIAN_POINT('',(3.68022404903098,-4.41026115657257,60.5080186740025));
#13600=CARTESIAN_POINT('',(3.71173753100999,-4.44177721044986,60.5268719278047));
#13601=CARTESIAN_POINT('',(3.737372928326,-4.46737212976482,60.5382980316381));
#13602=CARTESIAN_POINT('',(3.77012301238535,-4.50012655593252,60.5501004543249));
#13603=CARTESIAN_POINT('',(3.80402979865875,-4.53402979865894,60.56));
#13604=CARTESIAN_POINT('',(3.84999999999981,-4.58,60.56));
#13605=CARTESIAN_POINT('',(3.84999999999981,-1.43722522099897E-29,60.26));
#13606=CARTESIAN_POINT('',(3.84999999999981,9.63735264431544E-17,60.56));
#13607=CARTESIAN_POINT('',(3.8499999999998,-4.58,60.26));
#13608=CARTESIAN_POINT('',(3.84999999999981,-4.58,60.26));
#13609=CARTESIAN_POINT('',(-3.0000000000002,-2.04000000000001,60.26));
#13610=CARTESIAN_POINT('',(-3.0000000000002,-2.04,60.56));
#13611=CARTESIAN_POINT('',(-3.00000000000019,-2.36661529514156,59.93));
#13612=CARTESIAN_POINT('',(1.30999999999982,-2.04,60.26));
#13613=CARTESIAN_POINT('',(1.30999999999981,-2.04,60.56));
#13614=CARTESIAN_POINT('',(1.30999999730398,-2.04000000269583,59.96));
#13615=CARTESIAN_POINT('',(1.30999999999981,-2.04000000000001,60.26));
#13616=CARTESIAN_POINT('',(1.30999999999979,-2.04,60.26));
#13617=CARTESIAN_POINT('',(1.3099999999998,-2.04,59.96));
#13618=CARTESIAN_POINT('',(1.21974814072092,-1.94974814140014,59.96));
#13619=CARTESIAN_POINT('',(1.17800622849462,-1.90801328117795,59.9772871603159));
#13620=CARTESIAN_POINT('',(1.048560049362,-1.77841191973657,60.0897118393754));
#13621=CARTESIAN_POINT('',(1.01095877424381,-1.74094503294703,60.1675164644222));
#13622=CARTESIAN_POINT('',(1.00907459727141,-1.73901241969858,60.3461554469976));
#13623=CARTESIAN_POINT('',(1.06402371095309,-1.79403535581234,60.4438938229703));
#13624=CARTESIAN_POINT('',(1.12617148151618,-1.85616879889981,60.4976492275358));
#13625=CARTESIAN_POINT('',(1.14022404913391,-1.87026115667459,60.5080186740722));
#13626=CARTESIAN_POINT('',(1.17173753110109,-1.90177721053871,60.5268719278511));
#13627=CARTESIAN_POINT('',(1.19737292836558,-1.92737212980316,60.5382980316547));
#13628=CARTESIAN_POINT('',(1.23012301246812,-1.96012655601776,60.55010045435));
#13629=CARTESIAN_POINT('',(1.26402979872601,-1.9940297987262,60.56));
#13630=CARTESIAN_POINT('',(1.30999999999981,-2.04,60.56));
#13631=CARTESIAN_POINT('',(1.30999999999981,-2.04,60.26));
#13632=CARTESIAN_POINT('',(1.30999999999981,0.,60.26));
#13633=CARTESIAN_POINT('',(1.30999999999981,0.,60.56));
#13634=CARTESIAN_POINT('',(1.3099999999998,-2.04,60.26));
#13635=CARTESIAN_POINT('',(6.38999999999979,9.,62.8));
#13636=CARTESIAN_POINT('',(6.38999999999981,9.,63.1));
#13637=CARTESIAN_POINT('',(6.06338470485825,8.99999999999999,62.47));
#13638=CARTESIAN_POINT('',(6.38999999999981,4.2,62.8));
#13639=CARTESIAN_POINT('',(6.38999999999981,4.2,63.1));
#13640=CARTESIAN_POINT('',(6.3899999999998,-7.12000000000001,62.8));
#13641=CARTESIAN_POINT('',(3.84999999999979,9.,62.8));
#13642=CARTESIAN_POINT('',(3.84999999999981,9.,63.1));
#13643=CARTESIAN_POINT('',(3.52338470485825,8.99999999999999,62.47));
#13644=CARTESIAN_POINT('',(3.84999999999981,4.2,62.8));
#13645=CARTESIAN_POINT('',(3.84999999999981,4.2,63.1));
#13646=CARTESIAN_POINT('',(3.8499999999998,-4.58,62.8));
#13647=CARTESIAN_POINT('',(1.30999999999979,9.,62.8));
#13648=CARTESIAN_POINT('',(1.30999999999981,9.,63.1));
#13649=CARTESIAN_POINT('',(0.983384704858249,9.,62.47));
#13650=CARTESIAN_POINT('',(1.30999999999981,4.2,62.8));
#13651=CARTESIAN_POINT('',(1.30999999999981,4.2,63.1));
#13652=CARTESIAN_POINT('',(1.3099999999998,-2.04,62.8));
#13653=CARTESIAN_POINT('',(6.38999999999982,-7.12,62.8));
#13654=CARTESIAN_POINT('',(6.38999999999981,-7.12,63.1));
#13655=CARTESIAN_POINT('',(6.38999999730403,-7.12000000269579,62.5));
#13656=CARTESIAN_POINT('',(6.38999999999981,-7.12,62.5));
#13657=CARTESIAN_POINT('',(6.29974814089436,-7.02974814156961,62.5));
#13658=CARTESIAN_POINT('',(6.25800622865283,-6.98801328131818,62.5172871602442));
#13659=CARTESIAN_POINT('',(6.12856004946596,-6.85841191983911,62.6297118392194));
#13660=CARTESIAN_POINT('',(6.09095877429426,-6.82094503299581,62.7075164642159));
#13661=CARTESIAN_POINT('',(6.08907459722437,-6.81901241965328,62.8861554468798));
#13662=CARTESIAN_POINT('',(6.14402371093116,-6.87403535579427,62.9838938229308));
#13663=CARTESIAN_POINT('',(6.20617148145456,-6.93616879883724,63.0376492274876));
#13664=CARTESIAN_POINT('',(6.22022404906881,-6.95026115660946,63.0480186740281));
#13665=CARTESIAN_POINT('',(6.25173753104231,-6.98177721048114,63.0668719278211));
#13666=CARTESIAN_POINT('',(6.27737292834413,-7.00737212978256,63.0782980316456));
#13667=CARTESIAN_POINT('',(6.31012301241786,-7.04012655596593,63.0901004543346));
#13668=CARTESIAN_POINT('',(6.3440297986845,-7.0740297986847,63.1));
#13669=CARTESIAN_POINT('',(6.38999999999981,-7.12,63.1));
#13670=CARTESIAN_POINT('',(6.38999999999981,-2.63009808030382E-30,62.8));
#13671=CARTESIAN_POINT('',(6.38999999999981,-3.21245088143877E-17,63.1));
#13672=CARTESIAN_POINT('',(6.3899999999998,-7.12000000000001,62.8));
#13673=CARTESIAN_POINT('',(6.38999999999981,-7.12000000000001,62.8));
#13674=CARTESIAN_POINT('',(6.38999999999979,-7.12,62.8));
#13675=CARTESIAN_POINT('',(-3.0000000000002,-7.12000000000001,62.8));
#13676=CARTESIAN_POINT('',(-3.0000000000002,-7.12,63.1));
#13677=CARTESIAN_POINT('',(6.38999999999981,-7.12000000000001,62.8));
#13678=CARTESIAN_POINT('',(-3.00000000000019,-7.44661529514156,62.47));
#13679=CARTESIAN_POINT('',(-3.0000000000002,-4.58000000000001,62.8));
#13680=CARTESIAN_POINT('',(-3.0000000000002,-4.58,63.1));
#13681=CARTESIAN_POINT('',(-3.00000000000019,-4.90661529514156,62.47));
#13682=CARTESIAN_POINT('',(3.84999999999982,-4.58,62.8));
#13683=CARTESIAN_POINT('',(3.84999999999981,-4.58,63.1));
#13684=CARTESIAN_POINT('',(3.84999999730396,-4.58000000269585,62.5));
#13685=CARTESIAN_POINT('',(3.84999999999981,-4.58000000000001,62.8));
#13686=CARTESIAN_POINT('',(3.84999999999979,-4.58,62.8));
#13687=CARTESIAN_POINT('',(3.8499999999998,-4.58,62.5));
#13688=CARTESIAN_POINT('',(3.75974814083245,-4.48974814151294,62.5));
#13689=CARTESIAN_POINT('',(3.7180062287389,-4.44801328140239,62.5172871602195));
#13690=CARTESIAN_POINT('',(3.58856004957962,-4.31841191993976,62.6297118390706));
#13691=CARTESIAN_POINT('',(3.55095877433196,-4.28094503303721,62.707516464103));
#13692=CARTESIAN_POINT('',(3.54907459718926,-4.27901241961448,62.8861554467475));
#13693=CARTESIAN_POINT('',(3.60402371088947,-4.33403535575048,62.9838938228795));
#13694=CARTESIAN_POINT('',(3.66617148141525,-4.39616879879845,63.0376492274574));
#13695=CARTESIAN_POINT('',(3.68022404903098,-4.41026115657257,63.0480186740025));
#13696=CARTESIAN_POINT('',(3.71173753100999,-4.44177721044986,63.0668719278047));
#13697=CARTESIAN_POINT('',(3.737372928326,-4.46737212976482,63.0782980316381));
#13698=CARTESIAN_POINT('',(3.77012301238535,-4.50012655593252,63.0901004543249));
#13699=CARTESIAN_POINT('',(3.80402979865875,-4.53402979865894,63.1));
#13700=CARTESIAN_POINT('',(3.84999999999981,-4.58,63.1));
#13701=CARTESIAN_POINT('',(3.84999999999981,-1.43722522099897E-29,62.8));
#13702=CARTESIAN_POINT('',(3.84999999999981,9.63735264431544E-17,63.1));
#13703=CARTESIAN_POINT('',(3.8499999999998,-4.58,62.8));
#13704=CARTESIAN_POINT('',(3.84999999999981,-4.58,62.8));
#13705=CARTESIAN_POINT('',(-3.0000000000002,-2.04000000000001,62.8));
#13706=CARTESIAN_POINT('',(-3.0000000000002,-2.04,63.1));
#13707=CARTESIAN_POINT('',(-3.00000000000019,-2.36661529514156,62.47));
#13708=CARTESIAN_POINT('',(1.30999999999982,-2.04,62.8));
#13709=CARTESIAN_POINT('',(1.30999999999981,-2.04,63.1));
#13710=CARTESIAN_POINT('',(1.30999999730398,-2.04000000269583,62.5));
#13711=CARTESIAN_POINT('',(1.30999999999981,-2.04000000000001,62.8));
#13712=CARTESIAN_POINT('',(1.30999999999979,-2.04,62.8));
#13713=CARTESIAN_POINT('',(1.3099999999998,-2.04,62.5));
#13714=CARTESIAN_POINT('',(1.21974814072092,-1.94974814140014,62.5));
#13715=CARTESIAN_POINT('',(1.17800622849462,-1.90801328117795,62.5172871603159));
#13716=CARTESIAN_POINT('',(1.048560049362,-1.77841191973657,62.6297118393754));
#13717=CARTESIAN_POINT('',(1.01095877424381,-1.74094503294703,62.7075164644222));
#13718=CARTESIAN_POINT('',(1.00907459727141,-1.73901241969858,62.8861554469976));
#13719=CARTESIAN_POINT('',(1.06402371095309,-1.79403535581234,62.9838938229703));
#13720=CARTESIAN_POINT('',(1.12617148151618,-1.85616879889981,63.0376492275358));
#13721=CARTESIAN_POINT('',(1.14022404913391,-1.87026115667459,63.0480186740722));
#13722=CARTESIAN_POINT('',(1.17173753110109,-1.90177721053872,63.0668719278511));
#13723=CARTESIAN_POINT('',(1.19737292836558,-1.92737212980316,63.0782980316548));
#13724=CARTESIAN_POINT('',(1.23012301246812,-1.96012655601776,63.09010045435));
#13725=CARTESIAN_POINT('',(1.26402979872601,-1.9940297987262,63.1));
#13726=CARTESIAN_POINT('',(1.30999999999981,-2.04,63.1));
#13727=CARTESIAN_POINT('',(1.30999999999981,-2.04,62.8));
#13728=CARTESIAN_POINT('',(1.30999999999981,0.,62.8));
#13729=CARTESIAN_POINT('',(1.30999999999981,0.,63.1));
#13730=CARTESIAN_POINT('',(1.3099999999998,-2.04,62.8));
#13731=CARTESIAN_POINT('',(6.38999999999979,9.,65.34));
#13732=CARTESIAN_POINT('',(6.38999999999981,9.,65.64));
#13733=CARTESIAN_POINT('',(6.06338470485825,8.99999999999999,65.01));
#13734=CARTESIAN_POINT('',(6.38999999999981,4.2,65.34));
#13735=CARTESIAN_POINT('',(6.38999999999981,4.2,65.64));
#13736=CARTESIAN_POINT('',(6.3899999999998,-7.12000000000001,65.34));
#13737=CARTESIAN_POINT('',(3.84999999999979,9.,65.34));
#13738=CARTESIAN_POINT('',(3.84999999999981,9.,65.64));
#13739=CARTESIAN_POINT('',(3.52338470485825,8.99999999999999,65.01));
#13740=CARTESIAN_POINT('',(3.84999999999981,4.2,65.34));
#13741=CARTESIAN_POINT('',(3.84999999999981,4.2,65.64));
#13742=CARTESIAN_POINT('',(3.8499999999998,-4.58,65.34));
#13743=CARTESIAN_POINT('',(1.30999999999979,9.,65.34));
#13744=CARTESIAN_POINT('',(1.30999999999981,9.,65.64));
#13745=CARTESIAN_POINT('',(0.983384704858249,9.,65.01));
#13746=CARTESIAN_POINT('',(1.30999999999981,4.2,65.34));
#13747=CARTESIAN_POINT('',(1.30999999999981,4.2,65.64));
#13748=CARTESIAN_POINT('',(1.3099999999998,-2.04,65.34));
#13749=CARTESIAN_POINT('',(6.38999999999982,-7.12,65.34));
#13750=CARTESIAN_POINT('',(6.38999999999981,-7.12,65.64));
#13751=CARTESIAN_POINT('',(6.38999999730403,-7.12000000269579,65.04));
#13752=CARTESIAN_POINT('',(6.38999999999981,-7.12,65.04));
#13753=CARTESIAN_POINT('',(6.29974814089436,-7.02974814156961,65.04));
#13754=CARTESIAN_POINT('',(6.25800622865283,-6.98801328131818,65.0572871602442));
#13755=CARTESIAN_POINT('',(6.12856004946596,-6.85841191983911,65.1697118392194));
#13756=CARTESIAN_POINT('',(6.09095877429426,-6.82094503299581,65.2475164642158));
#13757=CARTESIAN_POINT('',(6.08907459722437,-6.81901241965328,65.4261554468798));
#13758=CARTESIAN_POINT('',(6.14402371093115,-6.87403535579426,65.5238938229307));
#13759=CARTESIAN_POINT('',(6.20617148145456,-6.93616879883724,65.5776492274876));
#13760=CARTESIAN_POINT('',(6.22022404906881,-6.95026115660946,65.5880186740281));
#13761=CARTESIAN_POINT('',(6.25173753104231,-6.98177721048114,65.6068719278211));
#13762=CARTESIAN_POINT('',(6.27737292834413,-7.00737212978256,65.6182980316457));
#13763=CARTESIAN_POINT('',(6.31012301241786,-7.04012655596593,65.6301004543346));
#13764=CARTESIAN_POINT('',(6.3440297986845,-7.0740297986847,65.64));
#13765=CARTESIAN_POINT('',(6.38999999999981,-7.12,65.64));
#13766=CARTESIAN_POINT('',(6.38999999999981,-2.63009808030382E-30,65.34));
#13767=CARTESIAN_POINT('',(6.38999999999981,-3.21245088143877E-17,65.64));
#13768=CARTESIAN_POINT('',(6.3899999999998,-7.12000000000001,65.34));
#13769=CARTESIAN_POINT('',(6.38999999999981,-7.12000000000001,65.34));
#13770=CARTESIAN_POINT('',(6.38999999999979,-7.12,65.34));
#13771=CARTESIAN_POINT('',(-3.0000000000002,-7.12000000000001,65.34));
#13772=CARTESIAN_POINT('',(-3.0000000000002,-7.12,65.64));
#13773=CARTESIAN_POINT('',(6.38999999999981,-7.12000000000001,65.34));
#13774=CARTESIAN_POINT('',(-3.00000000000019,-7.44661529514156,65.01));
#13775=CARTESIAN_POINT('',(-3.0000000000002,-4.58000000000001,65.34));
#13776=CARTESIAN_POINT('',(-3.0000000000002,-4.58,65.64));
#13777=CARTESIAN_POINT('',(-3.00000000000019,-4.90661529514156,65.01));
#13778=CARTESIAN_POINT('',(3.84999999999982,-4.58,65.34));
#13779=CARTESIAN_POINT('',(3.84999999999981,-4.58,65.64));
#13780=CARTESIAN_POINT('',(3.84999999730396,-4.58000000269585,65.04));
#13781=CARTESIAN_POINT('',(3.84999999999981,-4.58000000000001,65.34));
#13782=CARTESIAN_POINT('',(3.84999999999979,-4.58,65.34));
#13783=CARTESIAN_POINT('',(3.8499999999998,-4.58,65.04));
#13784=CARTESIAN_POINT('',(3.75974814083245,-4.48974814151294,65.04));
#13785=CARTESIAN_POINT('',(3.7180062287389,-4.44801328140239,65.0572871602195));
#13786=CARTESIAN_POINT('',(3.58856004957962,-4.31841191993976,65.1697118390706));
#13787=CARTESIAN_POINT('',(3.55095877433196,-4.28094503303721,65.247516464103));
#13788=CARTESIAN_POINT('',(3.54907459718926,-4.27901241961448,65.4261554467475));
#13789=CARTESIAN_POINT('',(3.60402371088947,-4.33403535575048,65.5238938228794));
#13790=CARTESIAN_POINT('',(3.66617148141525,-4.39616879879845,65.5776492274574));
#13791=CARTESIAN_POINT('',(3.68022404903098,-4.41026115657257,65.5880186740025));
#13792=CARTESIAN_POINT('',(3.71173753100999,-4.44177721044986,65.6068719278046));
#13793=CARTESIAN_POINT('',(3.737372928326,-4.46737212976482,65.6182980316381));
#13794=CARTESIAN_POINT('',(3.77012301238535,-4.50012655593252,65.6301004543249));
#13795=CARTESIAN_POINT('',(3.80402979865875,-4.53402979865894,65.64));
#13796=CARTESIAN_POINT('',(3.84999999999981,-4.58,65.64));
#13797=CARTESIAN_POINT('',(3.84999999999981,-1.43722522099897E-29,65.34));
#13798=CARTESIAN_POINT('',(3.84999999999981,9.63735264431544E-17,65.64));
#13799=CARTESIAN_POINT('',(3.8499999999998,-4.58,65.34));
#13800=CARTESIAN_POINT('',(3.84999999999981,-4.58,65.34));
#13801=CARTESIAN_POINT('',(-3.0000000000002,-2.04000000000001,65.34));
#13802=CARTESIAN_POINT('',(-3.0000000000002,-2.04,65.64));
#13803=CARTESIAN_POINT('',(-3.00000000000019,-2.36661529514156,65.01));
#13804=CARTESIAN_POINT('',(1.30999999999982,-2.04,65.34));
#13805=CARTESIAN_POINT('',(1.30999999999981,-2.04,65.64));
#13806=CARTESIAN_POINT('',(1.30999999730398,-2.04000000269583,65.04));
#13807=CARTESIAN_POINT('',(1.30999999999981,-2.04000000000001,65.34));
#13808=CARTESIAN_POINT('',(1.30999999999979,-2.04,65.34));
#13809=CARTESIAN_POINT('',(1.3099999999998,-2.04,65.04));
#13810=CARTESIAN_POINT('',(1.21974814072092,-1.94974814140014,65.04));
#13811=CARTESIAN_POINT('',(1.17800622849462,-1.90801328117795,65.0572871603159));
#13812=CARTESIAN_POINT('',(1.048560049362,-1.77841191973657,65.1697118393754));
#13813=CARTESIAN_POINT('',(1.01095877424381,-1.74094503294703,65.2475164644222));
#13814=CARTESIAN_POINT('',(1.00907459727141,-1.73901241969858,65.4261554469976));
#13815=CARTESIAN_POINT('',(1.06402371095309,-1.79403535581234,65.5238938229703));
#13816=CARTESIAN_POINT('',(1.12617148151618,-1.85616879889981,65.5776492275358));
#13817=CARTESIAN_POINT('',(1.14022404913391,-1.87026115667459,65.5880186740722));
#13818=CARTESIAN_POINT('',(1.17173753110109,-1.90177721053872,65.6068719278511));
#13819=CARTESIAN_POINT('',(1.19737292836558,-1.92737212980316,65.6182980316547));
#13820=CARTESIAN_POINT('',(1.23012301246812,-1.96012655601776,65.63010045435));
#13821=CARTESIAN_POINT('',(1.26402979872601,-1.9940297987262,65.64));
#13822=CARTESIAN_POINT('',(1.30999999999981,-2.04,65.64));
#13823=CARTESIAN_POINT('',(1.30999999999981,-2.04,65.34));
#13824=CARTESIAN_POINT('',(1.30999999999981,0.,65.34));
#13825=CARTESIAN_POINT('',(1.30999999999981,0.,65.64));
#13826=CARTESIAN_POINT('',(1.3099999999998,-2.04,65.34));
#13827=CARTESIAN_POINT('',(6.38999999999979,9.,67.88));
#13828=CARTESIAN_POINT('',(6.38999999999981,9.,68.18));
#13829=CARTESIAN_POINT('',(6.06338470485825,8.99999999999999,67.55));
#13830=CARTESIAN_POINT('',(6.38999999999981,4.2,67.88));
#13831=CARTESIAN_POINT('',(6.38999999999981,4.2,68.18));
#13832=CARTESIAN_POINT('',(6.3899999999998,-7.12000000000001,67.88));
#13833=CARTESIAN_POINT('',(3.84999999999979,9.,67.88));
#13834=CARTESIAN_POINT('',(3.84999999999981,9.,68.18));
#13835=CARTESIAN_POINT('',(3.52338470485825,8.99999999999999,67.55));
#13836=CARTESIAN_POINT('',(3.84999999999981,4.2,67.88));
#13837=CARTESIAN_POINT('',(3.84999999999981,4.2,68.18));
#13838=CARTESIAN_POINT('',(3.8499999999998,-4.58,67.88));
#13839=CARTESIAN_POINT('',(1.30999999999979,9.,67.88));
#13840=CARTESIAN_POINT('',(1.30999999999981,9.,68.18));
#13841=CARTESIAN_POINT('',(0.983384704858249,9.,67.55));
#13842=CARTESIAN_POINT('',(1.30999999999981,4.2,67.88));
#13843=CARTESIAN_POINT('',(1.30999999999981,4.2,68.18));
#13844=CARTESIAN_POINT('',(1.3099999999998,-2.04,67.88));
#13845=CARTESIAN_POINT('',(6.38999999999982,-7.12,67.88));
#13846=CARTESIAN_POINT('',(6.38999999999981,-7.12,68.18));
#13847=CARTESIAN_POINT('',(6.38999999730403,-7.12000000269579,67.58));
#13848=CARTESIAN_POINT('',(6.38999999999981,-7.12,67.58));
#13849=CARTESIAN_POINT('',(6.29974814089436,-7.02974814156961,67.58));
#13850=CARTESIAN_POINT('',(6.25800622865283,-6.98801328131818,67.5972871602442));
#13851=CARTESIAN_POINT('',(6.12856004946596,-6.85841191983911,67.7097118392194));
#13852=CARTESIAN_POINT('',(6.09095877429426,-6.82094503299581,67.7875164642159));
#13853=CARTESIAN_POINT('',(6.08907459722437,-6.81901241965328,67.9661554468798));
#13854=CARTESIAN_POINT('',(6.14402371093116,-6.87403535579427,68.0638938229308));
#13855=CARTESIAN_POINT('',(6.20617148145456,-6.93616879883724,68.1176492274876));
#13856=CARTESIAN_POINT('',(6.22022404906881,-6.95026115660946,68.1280186740281));
#13857=CARTESIAN_POINT('',(6.25173753104231,-6.98177721048114,68.1468719278211));
#13858=CARTESIAN_POINT('',(6.27737292834413,-7.00737212978256,68.1582980316456));
#13859=CARTESIAN_POINT('',(6.31012301241786,-7.04012655596593,68.1701004543346));
#13860=CARTESIAN_POINT('',(6.3440297986845,-7.0740297986847,68.18));
#13861=CARTESIAN_POINT('',(6.38999999999981,-7.12,68.18));
#13862=CARTESIAN_POINT('',(6.38999999999981,-2.63009808030382E-30,67.88));
#13863=CARTESIAN_POINT('',(6.38999999999981,-3.21245088143877E-17,68.18));
#13864=CARTESIAN_POINT('',(6.3899999999998,-7.12000000000001,67.88));
#13865=CARTESIAN_POINT('',(6.38999999999981,-7.12000000000001,67.88));
#13866=CARTESIAN_POINT('',(6.38999999999979,-7.12,67.88));
#13867=CARTESIAN_POINT('',(-3.0000000000002,-7.12000000000001,67.88));
#13868=CARTESIAN_POINT('',(-3.0000000000002,-7.12,68.18));
#13869=CARTESIAN_POINT('',(6.38999999999981,-7.12000000000001,67.88));
#13870=CARTESIAN_POINT('',(-3.00000000000019,-7.44661529514156,67.55));
#13871=CARTESIAN_POINT('',(-3.0000000000002,-4.58000000000001,67.88));
#13872=CARTESIAN_POINT('',(-3.0000000000002,-4.58,68.18));
#13873=CARTESIAN_POINT('',(-3.00000000000019,-4.90661529514156,67.55));
#13874=CARTESIAN_POINT('',(3.84999999999982,-4.58,67.88));
#13875=CARTESIAN_POINT('',(3.84999999999981,-4.58,68.18));
#13876=CARTESIAN_POINT('',(3.84999999730396,-4.58000000269585,67.58));
#13877=CARTESIAN_POINT('',(3.84999999999981,-4.58000000000001,67.88));
#13878=CARTESIAN_POINT('',(3.84999999999979,-4.58,67.88));
#13879=CARTESIAN_POINT('',(3.8499999999998,-4.58,67.58));
#13880=CARTESIAN_POINT('',(3.75974814083245,-4.48974814151294,67.58));
#13881=CARTESIAN_POINT('',(3.7180062287389,-4.44801328140239,67.5972871602195));
#13882=CARTESIAN_POINT('',(3.58856004957962,-4.31841191993976,67.7097118390706));
#13883=CARTESIAN_POINT('',(3.55095877433196,-4.28094503303721,67.7875164641029));
#13884=CARTESIAN_POINT('',(3.54907459718926,-4.27901241961448,67.9661554467475));
#13885=CARTESIAN_POINT('',(3.60402371088947,-4.33403535575048,68.0638938228795));
#13886=CARTESIAN_POINT('',(3.66617148141525,-4.39616879879845,68.1176492274575));
#13887=CARTESIAN_POINT('',(3.68022404903098,-4.41026115657257,68.1280186740025));
#13888=CARTESIAN_POINT('',(3.71173753100999,-4.44177721044986,68.1468719278047));
#13889=CARTESIAN_POINT('',(3.737372928326,-4.46737212976482,68.1582980316381));
#13890=CARTESIAN_POINT('',(3.77012301238535,-4.50012655593252,68.1701004543249));
#13891=CARTESIAN_POINT('',(3.80402979865875,-4.53402979865894,68.18));
#13892=CARTESIAN_POINT('',(3.84999999999981,-4.58,68.18));
#13893=CARTESIAN_POINT('',(3.84999999999981,-1.43722522099897E-29,67.88));
#13894=CARTESIAN_POINT('',(3.84999999999981,9.63735264431544E-17,68.18));
#13895=CARTESIAN_POINT('',(3.8499999999998,-4.58,67.88));
#13896=CARTESIAN_POINT('',(3.84999999999981,-4.58,67.88));
#13897=CARTESIAN_POINT('',(-3.0000000000002,-2.04000000000001,67.88));
#13898=CARTESIAN_POINT('',(-3.0000000000002,-2.04,68.18));
#13899=CARTESIAN_POINT('',(-3.00000000000019,-2.36661529514156,67.55));
#13900=CARTESIAN_POINT('',(1.30999999999982,-2.04,67.88));
#13901=CARTESIAN_POINT('',(1.30999999999981,-2.04,68.18));
#13902=CARTESIAN_POINT('',(1.30999999730398,-2.04000000269583,67.58));
#13903=CARTESIAN_POINT('',(1.30999999999981,-2.04000000000001,67.88));
#13904=CARTESIAN_POINT('',(1.30999999999979,-2.04,67.88));
#13905=CARTESIAN_POINT('',(1.3099999999998,-2.04,67.58));
#13906=CARTESIAN_POINT('',(1.21974814072092,-1.94974814140014,67.58));
#13907=CARTESIAN_POINT('',(1.17800622849462,-1.90801328117795,67.5972871603159));
#13908=CARTESIAN_POINT('',(1.048560049362,-1.77841191973657,67.7097118393754));
#13909=CARTESIAN_POINT('',(1.01095877424381,-1.74094503294703,67.7875164644222));
#13910=CARTESIAN_POINT('',(1.00907459727141,-1.73901241969858,67.9661554469976));
#13911=CARTESIAN_POINT('',(1.06402371095309,-1.79403535581234,68.0638938229703));
#13912=CARTESIAN_POINT('',(1.12617148151618,-1.85616879889981,68.1176492275358));
#13913=CARTESIAN_POINT('',(1.14022404913391,-1.87026115667459,68.1280186740722));
#13914=CARTESIAN_POINT('',(1.17173753110109,-1.90177721053872,68.1468719278511));
#13915=CARTESIAN_POINT('',(1.19737292836558,-1.92737212980316,68.1582980316547));
#13916=CARTESIAN_POINT('',(1.23012301246812,-1.96012655601776,68.17010045435));
#13917=CARTESIAN_POINT('',(1.26402979872601,-1.9940297987262,68.18));
#13918=CARTESIAN_POINT('',(1.30999999999981,-2.04,68.18));
#13919=CARTESIAN_POINT('',(1.30999999999981,-2.04,67.88));
#13920=CARTESIAN_POINT('',(1.30999999999981,0.,67.88));
#13921=CARTESIAN_POINT('',(1.30999999999981,0.,68.18));
#13922=CARTESIAN_POINT('',(1.3099999999998,-2.04,67.88));
#13923=CARTESIAN_POINT('',(6.38999999999979,9.,70.42));
#13924=CARTESIAN_POINT('',(6.38999999999981,9.,70.72));
#13925=CARTESIAN_POINT('',(6.06338470485825,8.99999999999999,70.09));
#13926=CARTESIAN_POINT('',(6.38999999999981,4.2,70.42));
#13927=CARTESIAN_POINT('',(6.38999999999981,4.2,70.72));
#13928=CARTESIAN_POINT('',(6.3899999999998,-7.12000000000001,70.42));
#13929=CARTESIAN_POINT('',(3.84999999999979,9.,70.42));
#13930=CARTESIAN_POINT('',(3.84999999999981,9.,70.72));
#13931=CARTESIAN_POINT('',(3.52338470485825,8.99999999999999,70.09));
#13932=CARTESIAN_POINT('',(3.84999999999981,4.2,70.42));
#13933=CARTESIAN_POINT('',(3.84999999999981,4.2,70.72));
#13934=CARTESIAN_POINT('',(3.8499999999998,-4.58,70.42));
#13935=CARTESIAN_POINT('',(1.30999999999979,9.,70.42));
#13936=CARTESIAN_POINT('',(1.30999999999981,9.,70.72));
#13937=CARTESIAN_POINT('',(0.983384704858249,9.,70.09));
#13938=CARTESIAN_POINT('',(1.30999999999981,4.2,70.42));
#13939=CARTESIAN_POINT('',(1.30999999999981,4.2,70.72));
#13940=CARTESIAN_POINT('',(1.3099999999998,-2.04,70.42));
#13941=CARTESIAN_POINT('',(6.38999999999982,-7.12,70.42));
#13942=CARTESIAN_POINT('',(6.38999999999981,-7.12,70.72));
#13943=CARTESIAN_POINT('',(6.38999999730403,-7.12000000269579,70.12));
#13944=CARTESIAN_POINT('',(6.38999999999981,-7.12,70.12));
#13945=CARTESIAN_POINT('',(6.29974814089436,-7.02974814156961,70.12));
#13946=CARTESIAN_POINT('',(6.25800622865283,-6.98801328131818,70.1372871602442));
#13947=CARTESIAN_POINT('',(6.12856004946596,-6.85841191983911,70.2497118392194));
#13948=CARTESIAN_POINT('',(6.09095877429426,-6.82094503299581,70.3275164642158));
#13949=CARTESIAN_POINT('',(6.08907459722437,-6.81901241965328,70.5061554468798));
#13950=CARTESIAN_POINT('',(6.14402371093115,-6.87403535579426,70.6038938229307));
#13951=CARTESIAN_POINT('',(6.20617148145456,-6.93616879883724,70.6576492274876));
#13952=CARTESIAN_POINT('',(6.22022404906881,-6.95026115660946,70.668018674028));
#13953=CARTESIAN_POINT('',(6.25173753104231,-6.98177721048114,70.6868719278211));
#13954=CARTESIAN_POINT('',(6.27737292834413,-7.00737212978256,70.6982980316456));
#13955=CARTESIAN_POINT('',(6.31012301241786,-7.04012655596593,70.7101004543346));
#13956=CARTESIAN_POINT('',(6.3440297986845,-7.0740297986847,70.72));
#13957=CARTESIAN_POINT('',(6.38999999999981,-7.12,70.72));
#13958=CARTESIAN_POINT('',(6.38999999999981,-2.63009808030382E-30,70.42));
#13959=CARTESIAN_POINT('',(6.38999999999981,-3.21245088143877E-17,70.72));
#13960=CARTESIAN_POINT('',(6.3899999999998,-7.12000000000001,70.42));
#13961=CARTESIAN_POINT('',(6.38999999999981,-7.12000000000001,70.42));
#13962=CARTESIAN_POINT('',(6.38999999999979,-7.12,70.42));
#13963=CARTESIAN_POINT('',(-3.0000000000002,-7.12000000000001,70.42));
#13964=CARTESIAN_POINT('',(-3.0000000000002,-7.12,70.72));
#13965=CARTESIAN_POINT('',(6.38999999999981,-7.12000000000001,70.42));
#13966=CARTESIAN_POINT('',(-3.00000000000019,-7.44661529514156,70.09));
#13967=CARTESIAN_POINT('',(-3.0000000000002,-4.58000000000001,70.42));
#13968=CARTESIAN_POINT('',(-3.0000000000002,-4.58,70.72));
#13969=CARTESIAN_POINT('',(-3.00000000000019,-4.90661529514156,70.09));
#13970=CARTESIAN_POINT('',(3.84999999999982,-4.58,70.42));
#13971=CARTESIAN_POINT('',(3.84999999999981,-4.58,70.72));
#13972=CARTESIAN_POINT('',(3.84999999730396,-4.58000000269585,70.12));
#13973=CARTESIAN_POINT('',(3.84999999999981,-4.58000000000001,70.42));
#13974=CARTESIAN_POINT('',(3.84999999999979,-4.58,70.42));
#13975=CARTESIAN_POINT('',(3.8499999999998,-4.58,70.12));
#13976=CARTESIAN_POINT('',(3.75974814083245,-4.48974814151294,70.12));
#13977=CARTESIAN_POINT('',(3.7180062287389,-4.44801328140239,70.1372871602195));
#13978=CARTESIAN_POINT('',(3.58856004957962,-4.31841191993976,70.2497118390706));
#13979=CARTESIAN_POINT('',(3.55095877433196,-4.28094503303721,70.327516464103));
#13980=CARTESIAN_POINT('',(3.54907459718926,-4.27901241961448,70.5061554467475));
#13981=CARTESIAN_POINT('',(3.60402371088947,-4.33403535575048,70.6038938228794));
#13982=CARTESIAN_POINT('',(3.66617148141525,-4.39616879879845,70.6576492274574));
#13983=CARTESIAN_POINT('',(3.68022404903098,-4.41026115657257,70.6680186740025));
#13984=CARTESIAN_POINT('',(3.71173753100999,-4.44177721044986,70.6868719278047));
#13985=CARTESIAN_POINT('',(3.737372928326,-4.46737212976482,70.6982980316381));
#13986=CARTESIAN_POINT('',(3.77012301238535,-4.50012655593252,70.7101004543248));
#13987=CARTESIAN_POINT('',(3.80402979865875,-4.53402979865894,70.72));
#13988=CARTESIAN_POINT('',(3.84999999999981,-4.58,70.72));
#13989=CARTESIAN_POINT('',(3.84999999999981,-1.43722522099897E-29,70.42));
#13990=CARTESIAN_POINT('',(3.84999999999981,9.63735264431544E-17,70.72));
#13991=CARTESIAN_POINT('',(3.8499999999998,-4.58,70.42));
#13992=CARTESIAN_POINT('',(3.84999999999981,-4.58,70.42));
#13993=CARTESIAN_POINT('',(-3.0000000000002,-2.04000000000001,70.42));
#13994=CARTESIAN_POINT('',(-3.0000000000002,-2.04,70.72));
#13995=CARTESIAN_POINT('',(-3.00000000000019,-2.36661529514156,70.09));
#13996=CARTESIAN_POINT('',(1.30999999999982,-2.04,70.42));
#13997=CARTESIAN_POINT('',(1.30999999999981,-2.04,70.72));
#13998=CARTESIAN_POINT('',(1.30999999730398,-2.04000000269583,70.12));
#13999=CARTESIAN_POINT('',(1.30999999999981,-2.04000000000001,70.42));
#14000=CARTESIAN_POINT('',(1.30999999999979,-2.04,70.42));
#14001=CARTESIAN_POINT('',(1.3099999999998,-2.04,70.12));
#14002=CARTESIAN_POINT('',(1.21974814072092,-1.94974814140014,70.12));
#14003=CARTESIAN_POINT('',(1.17800622849462,-1.90801328117795,70.1372871603159));
#14004=CARTESIAN_POINT('',(1.048560049362,-1.77841191973657,70.2497118393754));
#14005=CARTESIAN_POINT('',(1.01095877424381,-1.74094503294703,70.3275164644222));
#14006=CARTESIAN_POINT('',(1.00907459727141,-1.73901241969858,70.5061554469977));
#14007=CARTESIAN_POINT('',(1.06402371095309,-1.79403535581234,70.6038938229703));
#14008=CARTESIAN_POINT('',(1.12617148151618,-1.85616879889981,70.6576492275358));
#14009=CARTESIAN_POINT('',(1.14022404913391,-1.87026115667459,70.6680186740722));
#14010=CARTESIAN_POINT('',(1.17173753110109,-1.90177721053872,70.6868719278511));
#14011=CARTESIAN_POINT('',(1.19737292836558,-1.92737212980316,70.6982980316547));
#14012=CARTESIAN_POINT('',(1.23012301246812,-1.96012655601776,70.71010045435));
#14013=CARTESIAN_POINT('',(1.26402979872601,-1.9940297987262,70.72));
#14014=CARTESIAN_POINT('',(1.30999999999981,-2.04,70.72));
#14015=CARTESIAN_POINT('',(1.30999999999981,-2.04,70.42));
#14016=CARTESIAN_POINT('',(1.30999999999981,0.,70.42));
#14017=CARTESIAN_POINT('',(1.30999999999981,0.,70.72));
#14018=CARTESIAN_POINT('',(1.3099999999998,-2.04,70.42));
#14019=CARTESIAN_POINT('',(6.38999999999979,9.,72.96));
#14020=CARTESIAN_POINT('',(6.38999999999981,9.,73.26));
#14021=CARTESIAN_POINT('',(6.06338470485825,8.99999999999999,72.63));
#14022=CARTESIAN_POINT('',(6.38999999999981,4.2,72.96));
#14023=CARTESIAN_POINT('',(6.38999999999981,4.2,73.26));
#14024=CARTESIAN_POINT('',(6.3899999999998,-7.12000000000001,72.96));
#14025=CARTESIAN_POINT('',(3.84999999999979,9.,72.96));
#14026=CARTESIAN_POINT('',(3.84999999999981,9.,73.26));
#14027=CARTESIAN_POINT('',(3.52338470485825,8.99999999999999,72.63));
#14028=CARTESIAN_POINT('',(3.84999999999981,4.2,72.96));
#14029=CARTESIAN_POINT('',(3.84999999999981,4.2,73.26));
#14030=CARTESIAN_POINT('',(3.8499999999998,-4.58,72.96));
#14031=CARTESIAN_POINT('',(1.30999999999979,9.,72.96));
#14032=CARTESIAN_POINT('',(1.30999999999981,9.,73.26));
#14033=CARTESIAN_POINT('',(0.983384704858249,9.,72.63));
#14034=CARTESIAN_POINT('',(1.30999999999981,4.2,72.96));
#14035=CARTESIAN_POINT('',(1.30999999999981,4.2,73.26));
#14036=CARTESIAN_POINT('',(1.3099999999998,-2.04,72.96));
#14037=CARTESIAN_POINT('',(6.38999999999982,-7.12,72.96));
#14038=CARTESIAN_POINT('',(6.38999999999981,-7.12,73.26));
#14039=CARTESIAN_POINT('',(6.38999999730403,-7.12000000269579,72.66));
#14040=CARTESIAN_POINT('',(6.38999999999981,-7.12,72.66));
#14041=CARTESIAN_POINT('',(6.29974814089436,-7.02974814156961,72.66));
#14042=CARTESIAN_POINT('',(6.25800622865283,-6.98801328131818,72.6772871602442));
#14043=CARTESIAN_POINT('',(6.12856004946596,-6.85841191983911,72.7897118392194));
#14044=CARTESIAN_POINT('',(6.09095877429426,-6.82094503299581,72.8675164642159));
#14045=CARTESIAN_POINT('',(6.08907459722437,-6.81901241965328,73.0461554468798));
#14046=CARTESIAN_POINT('',(6.14402371093116,-6.87403535579427,73.1438938229307));
#14047=CARTESIAN_POINT('',(6.20617148145456,-6.93616879883724,73.1976492274876));
#14048=CARTESIAN_POINT('',(6.22022404906881,-6.95026115660946,73.2080186740281));
#14049=CARTESIAN_POINT('',(6.25173753104231,-6.98177721048114,73.2268719278211));
#14050=CARTESIAN_POINT('',(6.27737292834413,-7.00737212978256,73.2382980316456));
#14051=CARTESIAN_POINT('',(6.31012301241786,-7.04012655596593,73.2501004543346));
#14052=CARTESIAN_POINT('',(6.3440297986845,-7.0740297986847,73.26));
#14053=CARTESIAN_POINT('',(6.38999999999981,-7.12,73.26));
#14054=CARTESIAN_POINT('',(6.38999999999981,-2.63009808030382E-30,72.96));
#14055=CARTESIAN_POINT('',(6.38999999999981,-3.21245088143877E-17,73.26));
#14056=CARTESIAN_POINT('',(6.3899999999998,-7.12000000000001,72.96));
#14057=CARTESIAN_POINT('',(6.38999999999981,-7.12000000000001,72.96));
#14058=CARTESIAN_POINT('',(6.38999999999979,-7.12,72.96));
#14059=CARTESIAN_POINT('',(-3.0000000000002,-7.12000000000001,72.96));
#14060=CARTESIAN_POINT('',(-3.0000000000002,-7.12,73.26));
#14061=CARTESIAN_POINT('',(6.38999999999981,-7.12000000000001,72.96));
#14062=CARTESIAN_POINT('',(-3.00000000000019,-7.44661529514156,72.63));
#14063=CARTESIAN_POINT('',(-3.0000000000002,-4.58000000000001,72.96));
#14064=CARTESIAN_POINT('',(-3.0000000000002,-4.58,73.26));
#14065=CARTESIAN_POINT('',(-3.00000000000019,-4.90661529514156,72.63));
#14066=CARTESIAN_POINT('',(3.84999999999982,-4.58,72.96));
#14067=CARTESIAN_POINT('',(3.84999999999981,-4.58,73.26));
#14068=CARTESIAN_POINT('',(3.84999999730396,-4.58000000269585,72.66));
#14069=CARTESIAN_POINT('',(3.84999999999981,-4.58000000000001,72.96));
#14070=CARTESIAN_POINT('',(3.84999999999979,-4.58,72.96));
#14071=CARTESIAN_POINT('',(3.8499999999998,-4.58,72.66));
#14072=CARTESIAN_POINT('',(3.75974814083245,-4.48974814151294,72.66));
#14073=CARTESIAN_POINT('',(3.7180062287389,-4.44801328140239,72.6772871602195));
#14074=CARTESIAN_POINT('',(3.58856004957962,-4.31841191993976,72.7897118390706));
#14075=CARTESIAN_POINT('',(3.55095877433196,-4.28094503303721,72.867516464103));
#14076=CARTESIAN_POINT('',(3.54907459718926,-4.27901241961448,73.0461554467475));
#14077=CARTESIAN_POINT('',(3.60402371088947,-4.33403535575048,73.1438938228794));
#14078=CARTESIAN_POINT('',(3.66617148141525,-4.39616879879845,73.1976492274574));
#14079=CARTESIAN_POINT('',(3.68022404903098,-4.41026115657257,73.2080186740025));
#14080=CARTESIAN_POINT('',(3.71173753100999,-4.44177721044986,73.2268719278047));
#14081=CARTESIAN_POINT('',(3.737372928326,-4.46737212976482,73.2382980316381));
#14082=CARTESIAN_POINT('',(3.77012301238535,-4.50012655593252,73.2501004543249));
#14083=CARTESIAN_POINT('',(3.80402979865875,-4.53402979865894,73.26));
#14084=CARTESIAN_POINT('',(3.84999999999981,-4.58,73.26));
#14085=CARTESIAN_POINT('',(3.84999999999981,-1.43722522099897E-29,72.96));
#14086=CARTESIAN_POINT('',(3.84999999999981,9.63735264431544E-17,73.26));
#14087=CARTESIAN_POINT('',(3.8499999999998,-4.58,72.96));
#14088=CARTESIAN_POINT('',(3.84999999999981,-4.58,72.96));
#14089=CARTESIAN_POINT('',(-3.0000000000002,-2.04000000000001,72.96));
#14090=CARTESIAN_POINT('',(-3.0000000000002,-2.04,73.26));
#14091=CARTESIAN_POINT('',(-3.00000000000019,-2.36661529514156,72.63));
#14092=CARTESIAN_POINT('',(1.30999999999982,-2.04,72.96));
#14093=CARTESIAN_POINT('',(1.30999999999981,-2.04,73.26));
#14094=CARTESIAN_POINT('',(1.30999999730398,-2.04000000269583,72.66));
#14095=CARTESIAN_POINT('',(1.30999999999981,-2.04000000000001,72.96));
#14096=CARTESIAN_POINT('',(1.30999999999979,-2.04,72.96));
#14097=CARTESIAN_POINT('',(1.3099999999998,-2.04,72.66));
#14098=CARTESIAN_POINT('',(1.21974814072092,-1.94974814140014,72.66));
#14099=CARTESIAN_POINT('',(1.17800622849462,-1.90801328117795,72.6772871603159));
#14100=CARTESIAN_POINT('',(1.048560049362,-1.77841191973657,72.7897118393754));
#14101=CARTESIAN_POINT('',(1.01095877424381,-1.74094503294703,72.8675164644222));
#14102=CARTESIAN_POINT('',(1.00907459727141,-1.73901241969858,73.0461554469976));
#14103=CARTESIAN_POINT('',(1.06402371095309,-1.79403535581234,73.1438938229703));
#14104=CARTESIAN_POINT('',(1.12617148151618,-1.85616879889981,73.1976492275358));
#14105=CARTESIAN_POINT('',(1.14022404913391,-1.87026115667459,73.2080186740722));
#14106=CARTESIAN_POINT('',(1.17173753110109,-1.90177721053872,73.2268719278511));
#14107=CARTESIAN_POINT('',(1.19737292836558,-1.92737212980316,73.2382980316548));
#14108=CARTESIAN_POINT('',(1.23012301246812,-1.96012655601776,73.25010045435));
#14109=CARTESIAN_POINT('',(1.26402979872601,-1.9940297987262,73.26));
#14110=CARTESIAN_POINT('',(1.30999999999981,-2.04,73.26));
#14111=CARTESIAN_POINT('',(1.30999999999981,-2.04,72.96));
#14112=CARTESIAN_POINT('',(1.30999999999981,0.,72.96));
#14113=CARTESIAN_POINT('',(1.30999999999981,0.,73.26));
#14114=CARTESIAN_POINT('',(1.3099999999998,-2.04,72.96));
#14115=CARTESIAN_POINT('',(6.38999999999979,9.,75.5));
#14116=CARTESIAN_POINT('',(6.38999999999981,9.,75.8));
#14117=CARTESIAN_POINT('',(6.06338470485825,8.99999999999999,75.17));
#14118=CARTESIAN_POINT('',(6.38999999999981,4.2,75.5));
#14119=CARTESIAN_POINT('',(6.38999999999981,4.2,75.8));
#14120=CARTESIAN_POINT('',(6.3899999999998,-7.12000000000001,75.5));
#14121=CARTESIAN_POINT('',(3.84999999999979,9.,75.5));
#14122=CARTESIAN_POINT('',(3.84999999999981,9.,75.8));
#14123=CARTESIAN_POINT('',(3.52338470485825,8.99999999999999,75.17));
#14124=CARTESIAN_POINT('',(3.84999999999981,4.2,75.5));
#14125=CARTESIAN_POINT('',(3.84999999999981,4.2,75.8));
#14126=CARTESIAN_POINT('',(3.8499999999998,-4.58,75.5));
#14127=CARTESIAN_POINT('',(1.30999999999979,9.,75.5));
#14128=CARTESIAN_POINT('',(1.30999999999981,9.,75.8));
#14129=CARTESIAN_POINT('',(0.983384704858249,9.,75.17));
#14130=CARTESIAN_POINT('',(1.30999999999981,4.2,75.5));
#14131=CARTESIAN_POINT('',(1.30999999999981,4.2,75.8));
#14132=CARTESIAN_POINT('',(1.3099999999998,-2.04,75.5));
#14133=CARTESIAN_POINT('',(6.38999999999982,-7.12,75.5));
#14134=CARTESIAN_POINT('',(6.38999999999981,-7.12,75.8));
#14135=CARTESIAN_POINT('',(6.38999999730403,-7.12000000269579,75.2));
#14136=CARTESIAN_POINT('',(6.38999999999981,-7.12,75.2));
#14137=CARTESIAN_POINT('',(6.29974814089436,-7.02974814156961,75.2));
#14138=CARTESIAN_POINT('',(6.25800622865283,-6.98801328131818,75.2172871602442));
#14139=CARTESIAN_POINT('',(6.12856004946596,-6.85841191983911,75.3297118392194));
#14140=CARTESIAN_POINT('',(6.09095877429426,-6.82094503299581,75.4075164642159));
#14141=CARTESIAN_POINT('',(6.08907459722437,-6.81901241965328,75.5861554468798));
#14142=CARTESIAN_POINT('',(6.14402371093115,-6.87403535579426,75.6838938229307));
#14143=CARTESIAN_POINT('',(6.20617148145456,-6.93616879883724,75.7376492274876));
#14144=CARTESIAN_POINT('',(6.22022404906881,-6.95026115660946,75.7480186740281));
#14145=CARTESIAN_POINT('',(6.25173753104231,-6.98177721048114,75.7668719278211));
#14146=CARTESIAN_POINT('',(6.27737292834413,-7.00737212978256,75.7782980316456));
#14147=CARTESIAN_POINT('',(6.31012301241786,-7.04012655596593,75.7901004543346));
#14148=CARTESIAN_POINT('',(6.3440297986845,-7.0740297986847,75.8));
#14149=CARTESIAN_POINT('',(6.38999999999981,-7.12,75.8));
#14150=CARTESIAN_POINT('',(6.38999999999981,-2.63009808030382E-30,75.5));
#14151=CARTESIAN_POINT('',(6.38999999999981,-3.21245088143877E-17,75.8));
#14152=CARTESIAN_POINT('',(6.3899999999998,-7.12000000000001,75.5));
#14153=CARTESIAN_POINT('',(6.38999999999981,-7.12000000000001,75.5));
#14154=CARTESIAN_POINT('',(6.38999999999979,-7.12,75.5));
#14155=CARTESIAN_POINT('',(-3.0000000000002,-7.12000000000001,75.5));
#14156=CARTESIAN_POINT('',(-3.0000000000002,-7.12,75.8));
#14157=CARTESIAN_POINT('',(6.38999999999981,-7.12000000000001,75.5));
#14158=CARTESIAN_POINT('',(-3.00000000000019,-7.44661529514156,75.17));
#14159=CARTESIAN_POINT('',(-3.0000000000002,-4.58000000000001,75.5));
#14160=CARTESIAN_POINT('',(-3.0000000000002,-4.58,75.8));
#14161=CARTESIAN_POINT('',(-3.00000000000019,-4.90661529514156,75.17));
#14162=CARTESIAN_POINT('',(3.84999999999982,-4.58,75.5));
#14163=CARTESIAN_POINT('',(3.84999999999981,-4.58,75.8));
#14164=CARTESIAN_POINT('',(3.84999999730396,-4.58000000269585,75.2));
#14165=CARTESIAN_POINT('',(3.84999999999981,-4.58000000000001,75.5));
#14166=CARTESIAN_POINT('',(3.84999999999979,-4.58,75.5));
#14167=CARTESIAN_POINT('',(3.8499999999998,-4.58,75.2));
#14168=CARTESIAN_POINT('',(3.75974814083245,-4.48974814151294,75.2));
#14169=CARTESIAN_POINT('',(3.7180062287389,-4.44801328140239,75.2172871602195));
#14170=CARTESIAN_POINT('',(3.58856004957962,-4.31841191993976,75.3297118390706));
#14171=CARTESIAN_POINT('',(3.55095877433196,-4.28094503303721,75.407516464103));
#14172=CARTESIAN_POINT('',(3.54907459718926,-4.27901241961448,75.5861554467475));
#14173=CARTESIAN_POINT('',(3.60402371088947,-4.33403535575048,75.6838938228794));
#14174=CARTESIAN_POINT('',(3.66617148141525,-4.39616879879845,75.7376492274574));
#14175=CARTESIAN_POINT('',(3.68022404903098,-4.41026115657257,75.7480186740025));
#14176=CARTESIAN_POINT('',(3.71173753100999,-4.44177721044986,75.7668719278047));
#14177=CARTESIAN_POINT('',(3.737372928326,-4.46737212976482,75.7782980316381));
#14178=CARTESIAN_POINT('',(3.77012301238535,-4.50012655593252,75.7901004543249));
#14179=CARTESIAN_POINT('',(3.80402979865875,-4.53402979865894,75.8));
#14180=CARTESIAN_POINT('',(3.84999999999981,-4.58,75.8));
#14181=CARTESIAN_POINT('',(3.84999999999981,-1.43722522099897E-29,75.5));
#14182=CARTESIAN_POINT('',(3.84999999999981,9.63735264431544E-17,75.8));
#14183=CARTESIAN_POINT('',(3.8499999999998,-4.58,75.5));
#14184=CARTESIAN_POINT('',(3.84999999999981,-4.58,75.5));
#14185=CARTESIAN_POINT('',(-3.0000000000002,-2.04000000000001,75.5));
#14186=CARTESIAN_POINT('',(-3.0000000000002,-2.04,75.8));
#14187=CARTESIAN_POINT('',(-3.00000000000019,-2.36661529514156,75.17));
#14188=CARTESIAN_POINT('',(1.30999999999982,-2.04,75.5));
#14189=CARTESIAN_POINT('',(1.30999999999981,-2.04,75.8));
#14190=CARTESIAN_POINT('',(1.30999999730398,-2.04000000269583,75.2));
#14191=CARTESIAN_POINT('',(1.30999999999981,-2.04000000000001,75.5));
#14192=CARTESIAN_POINT('',(1.30999999999979,-2.04,75.5));
#14193=CARTESIAN_POINT('',(1.3099999999998,-2.04,75.2));
#14194=CARTESIAN_POINT('',(1.21974814072092,-1.94974814140014,75.2));
#14195=CARTESIAN_POINT('',(1.17800622849462,-1.90801328117795,75.2172871603159));
#14196=CARTESIAN_POINT('',(1.048560049362,-1.77841191973657,75.3297118393754));
#14197=CARTESIAN_POINT('',(1.01095877424381,-1.74094503294703,75.4075164644222));
#14198=CARTESIAN_POINT('',(1.00907459727141,-1.73901241969858,75.5861554469976));
#14199=CARTESIAN_POINT('',(1.06402371095309,-1.79403535581234,75.6838938229703));
#14200=CARTESIAN_POINT('',(1.12617148151618,-1.85616879889981,75.7376492275358));
#14201=CARTESIAN_POINT('',(1.14022404913391,-1.87026115667459,75.7480186740722));
#14202=CARTESIAN_POINT('',(1.17173753110109,-1.90177721053872,75.7668719278511));
#14203=CARTESIAN_POINT('',(1.19737292836558,-1.92737212980316,75.7782980316547));
#14204=CARTESIAN_POINT('',(1.23012301246812,-1.96012655601776,75.79010045435));
#14205=CARTESIAN_POINT('',(1.26402979872601,-1.9940297987262,75.8));
#14206=CARTESIAN_POINT('',(1.30999999999981,-2.04,75.8));
#14207=CARTESIAN_POINT('',(1.30999999999981,-2.04,75.5));
#14208=CARTESIAN_POINT('',(1.30999999999981,0.,75.5));
#14209=CARTESIAN_POINT('',(1.30999999999981,0.,75.8));
#14210=CARTESIAN_POINT('',(1.3099999999998,-2.04,75.5));
#14211=CARTESIAN_POINT('',(6.38999999999979,9.,78.04));
#14212=CARTESIAN_POINT('',(6.38999999999981,9.,78.34));
#14213=CARTESIAN_POINT('',(6.06338470485825,8.99999999999999,77.71));
#14214=CARTESIAN_POINT('',(6.38999999999981,4.2,78.04));
#14215=CARTESIAN_POINT('',(6.38999999999981,4.2,78.34));
#14216=CARTESIAN_POINT('',(6.3899999999998,-7.12000000000001,78.04));
#14217=CARTESIAN_POINT('',(3.84999999999979,9.,78.04));
#14218=CARTESIAN_POINT('',(3.84999999999981,9.,78.34));
#14219=CARTESIAN_POINT('',(3.52338470485825,8.99999999999999,77.71));
#14220=CARTESIAN_POINT('',(3.84999999999981,4.2,78.04));
#14221=CARTESIAN_POINT('',(3.84999999999981,4.2,78.34));
#14222=CARTESIAN_POINT('',(3.8499999999998,-4.58,78.04));
#14223=CARTESIAN_POINT('',(1.30999999999979,9.,78.04));
#14224=CARTESIAN_POINT('',(1.30999999999981,9.,78.34));
#14225=CARTESIAN_POINT('',(0.983384704858249,9.,77.71));
#14226=CARTESIAN_POINT('',(1.30999999999981,4.2,78.04));
#14227=CARTESIAN_POINT('',(1.30999999999981,4.2,78.34));
#14228=CARTESIAN_POINT('',(1.3099999999998,-2.04,78.04));
#14229=CARTESIAN_POINT('',(6.38999999999982,-7.12,78.04));
#14230=CARTESIAN_POINT('',(6.38999999999981,-7.12,78.34));
#14231=CARTESIAN_POINT('',(6.38999999730403,-7.12000000269579,77.74));
#14232=CARTESIAN_POINT('',(6.38999999999981,-7.12,77.74));
#14233=CARTESIAN_POINT('',(6.29974814089436,-7.02974814156961,77.74));
#14234=CARTESIAN_POINT('',(6.25800622865283,-6.98801328131818,77.7572871602442));
#14235=CARTESIAN_POINT('',(6.12856004946596,-6.85841191983911,77.8697118392193));
#14236=CARTESIAN_POINT('',(6.09095877429426,-6.82094503299581,77.9475164642159));
#14237=CARTESIAN_POINT('',(6.08907459722437,-6.81901241965328,78.1261554468798));
#14238=CARTESIAN_POINT('',(6.14402371093116,-6.87403535579427,78.2238938229307));
#14239=CARTESIAN_POINT('',(6.20617148145456,-6.93616879883724,78.2776492274877));
#14240=CARTESIAN_POINT('',(6.22022404906881,-6.95026115660946,78.2880186740281));
#14241=CARTESIAN_POINT('',(6.25173753104231,-6.98177721048114,78.3068719278211));
#14242=CARTESIAN_POINT('',(6.27737292834413,-7.00737212978256,78.3182980316456));
#14243=CARTESIAN_POINT('',(6.31012301241786,-7.04012655596593,78.3301004543346));
#14244=CARTESIAN_POINT('',(6.3440297986845,-7.0740297986847,78.34));
#14245=CARTESIAN_POINT('',(6.38999999999981,-7.12,78.34));
#14246=CARTESIAN_POINT('',(6.38999999999981,-2.63009808030382E-30,78.04));
#14247=CARTESIAN_POINT('',(6.38999999999981,-3.21245088143877E-17,78.34));
#14248=CARTESIAN_POINT('',(6.3899999999998,-7.12000000000001,78.04));
#14249=CARTESIAN_POINT('',(6.38999999999981,-7.12000000000001,78.04));
#14250=CARTESIAN_POINT('',(6.38999999999979,-7.12,78.04));
#14251=CARTESIAN_POINT('',(-3.0000000000002,-7.12000000000001,78.04));
#14252=CARTESIAN_POINT('',(-3.0000000000002,-7.12,78.34));
#14253=CARTESIAN_POINT('',(6.38999999999981,-7.12000000000001,78.04));
#14254=CARTESIAN_POINT('',(-3.00000000000019,-7.44661529514156,77.71));
#14255=CARTESIAN_POINT('',(-3.0000000000002,-4.58000000000001,78.04));
#14256=CARTESIAN_POINT('',(-3.0000000000002,-4.58,78.34));
#14257=CARTESIAN_POINT('',(-3.00000000000019,-4.90661529514156,77.71));
#14258=CARTESIAN_POINT('',(3.84999999999982,-4.58,78.04));
#14259=CARTESIAN_POINT('',(3.84999999999981,-4.58,78.34));
#14260=CARTESIAN_POINT('',(3.84999999730396,-4.58000000269585,77.74));
#14261=CARTESIAN_POINT('',(3.84999999999981,-4.58000000000001,78.04));
#14262=CARTESIAN_POINT('',(3.84999999999979,-4.58,78.04));
#14263=CARTESIAN_POINT('',(3.8499999999998,-4.58,77.74));
#14264=CARTESIAN_POINT('',(3.75974814083245,-4.48974814151294,77.74));
#14265=CARTESIAN_POINT('',(3.7180062287389,-4.44801328140239,77.7572871602195));
#14266=CARTESIAN_POINT('',(3.58856004957962,-4.31841191993976,77.8697118390706));
#14267=CARTESIAN_POINT('',(3.55095877433196,-4.28094503303721,77.947516464103));
#14268=CARTESIAN_POINT('',(3.54907459718926,-4.27901241961448,78.1261554467475));
#14269=CARTESIAN_POINT('',(3.60402371088947,-4.33403535575048,78.2238938228794));
#14270=CARTESIAN_POINT('',(3.66617148141525,-4.39616879879845,78.2776492274574));
#14271=CARTESIAN_POINT('',(3.68022404903098,-4.41026115657257,78.2880186740025));
#14272=CARTESIAN_POINT('',(3.71173753100999,-4.44177721044986,78.3068719278047));
#14273=CARTESIAN_POINT('',(3.737372928326,-4.46737212976482,78.3182980316381));
#14274=CARTESIAN_POINT('',(3.77012301238535,-4.50012655593252,78.3301004543249));
#14275=CARTESIAN_POINT('',(3.80402979865875,-4.53402979865894,78.34));
#14276=CARTESIAN_POINT('',(3.84999999999981,-4.58,78.34));
#14277=CARTESIAN_POINT('',(3.84999999999981,-1.43722522099897E-29,78.04));
#14278=CARTESIAN_POINT('',(3.84999999999981,9.63735264431544E-17,78.34));
#14279=CARTESIAN_POINT('',(3.8499999999998,-4.58,78.04));
#14280=CARTESIAN_POINT('',(3.84999999999981,-4.58,78.04));
#14281=CARTESIAN_POINT('',(-3.0000000000002,-2.04000000000001,78.04));
#14282=CARTESIAN_POINT('',(-3.0000000000002,-2.04,78.34));
#14283=CARTESIAN_POINT('',(-3.00000000000019,-2.36661529514156,77.71));
#14284=CARTESIAN_POINT('',(1.30999999999982,-2.04,78.04));
#14285=CARTESIAN_POINT('',(1.30999999999981,-2.04,78.34));
#14286=CARTESIAN_POINT('',(1.30999999730398,-2.04000000269583,77.74));
#14287=CARTESIAN_POINT('',(1.30999999999981,-2.04000000000001,78.04));
#14288=CARTESIAN_POINT('',(1.30999999999979,-2.04,78.04));
#14289=CARTESIAN_POINT('',(1.3099999999998,-2.04,77.74));
#14290=CARTESIAN_POINT('',(1.21974814072092,-1.94974814140014,77.74));
#14291=CARTESIAN_POINT('',(1.17800622849462,-1.90801328117795,77.7572871603159));
#14292=CARTESIAN_POINT('',(1.048560049362,-1.77841191973657,77.8697118393754));
#14293=CARTESIAN_POINT('',(1.01095877424381,-1.74094503294703,77.9475164644223));
#14294=CARTESIAN_POINT('',(1.00907459727141,-1.73901241969858,78.1261554469976));
#14295=CARTESIAN_POINT('',(1.06402371095309,-1.79403535581234,78.2238938229703));
#14296=CARTESIAN_POINT('',(1.12617148151618,-1.85616879889981,78.2776492275358));
#14297=CARTESIAN_POINT('',(1.14022404913391,-1.87026115667459,78.2880186740722));
#14298=CARTESIAN_POINT('',(1.17173753110109,-1.90177721053872,78.3068719278511));
#14299=CARTESIAN_POINT('',(1.19737292836558,-1.92737212980316,78.3182980316547));
#14300=CARTESIAN_POINT('',(1.23012301246812,-1.96012655601776,78.33010045435));
#14301=CARTESIAN_POINT('',(1.26402979872601,-1.9940297987262,78.34));
#14302=CARTESIAN_POINT('',(1.30999999999981,-2.04,78.34));
#14303=CARTESIAN_POINT('',(1.30999999999981,-2.04,78.04));
#14304=CARTESIAN_POINT('',(1.30999999999981,0.,78.04));
#14305=CARTESIAN_POINT('',(1.30999999999981,0.,78.34));
#14306=CARTESIAN_POINT('',(1.3099999999998,-2.04,78.04));
#14307=CARTESIAN_POINT('',(6.38999999999979,9.,80.58));
#14308=CARTESIAN_POINT('',(6.38999999999981,9.,80.88));
#14309=CARTESIAN_POINT('',(6.06338470485825,8.99999999999999,80.25));
#14310=CARTESIAN_POINT('',(6.38999999999981,4.2,80.58));
#14311=CARTESIAN_POINT('',(6.38999999999981,4.2,80.88));
#14312=CARTESIAN_POINT('',(6.3899999999998,-7.12000000000001,80.58));
#14313=CARTESIAN_POINT('',(3.84999999999979,9.,80.58));
#14314=CARTESIAN_POINT('',(3.84999999999981,9.,80.88));
#14315=CARTESIAN_POINT('',(3.52338470485825,8.99999999999999,80.25));
#14316=CARTESIAN_POINT('',(3.84999999999981,4.2,80.58));
#14317=CARTESIAN_POINT('',(3.84999999999981,4.2,80.88));
#14318=CARTESIAN_POINT('',(3.8499999999998,-4.58,80.58));
#14319=CARTESIAN_POINT('',(1.30999999999979,9.,80.58));
#14320=CARTESIAN_POINT('',(1.30999999999981,9.,80.88));
#14321=CARTESIAN_POINT('',(0.983384704858249,9.,80.25));
#14322=CARTESIAN_POINT('',(1.30999999999981,4.2,80.58));
#14323=CARTESIAN_POINT('',(1.30999999999981,4.2,80.88));
#14324=CARTESIAN_POINT('',(1.3099999999998,-2.04,80.58));
#14325=CARTESIAN_POINT('',(6.38999999999982,-7.12,80.58));
#14326=CARTESIAN_POINT('',(6.38999999999981,-7.12,80.88));
#14327=CARTESIAN_POINT('',(6.38999999730403,-7.12000000269579,80.28));
#14328=CARTESIAN_POINT('',(6.38999999999981,-7.12,80.28));
#14329=CARTESIAN_POINT('',(6.29974814089436,-7.02974814156961,80.28));
#14330=CARTESIAN_POINT('',(6.25800622865283,-6.98801328131818,80.2972871602442));
#14331=CARTESIAN_POINT('',(6.12856004946596,-6.85841191983911,80.4097118392194));
#14332=CARTESIAN_POINT('',(6.09095877429426,-6.82094503299581,80.4875164642159));
#14333=CARTESIAN_POINT('',(6.08907459722437,-6.81901241965328,80.6661554468798));
#14334=CARTESIAN_POINT('',(6.14402371093115,-6.87403535579426,80.7638938229307));
#14335=CARTESIAN_POINT('',(6.20617148145456,-6.93616879883724,80.8176492274876));
#14336=CARTESIAN_POINT('',(6.22022404906881,-6.95026115660946,80.8280186740281));
#14337=CARTESIAN_POINT('',(6.25173753104231,-6.98177721048114,80.8468719278211));
#14338=CARTESIAN_POINT('',(6.27737292834413,-7.00737212978256,80.8582980316457));
#14339=CARTESIAN_POINT('',(6.31012301241786,-7.04012655596593,80.8701004543346));
#14340=CARTESIAN_POINT('',(6.3440297986845,-7.0740297986847,80.88));
#14341=CARTESIAN_POINT('',(6.38999999999981,-7.12,80.88));
#14342=CARTESIAN_POINT('',(6.38999999999981,-2.63009808030382E-30,80.58));
#14343=CARTESIAN_POINT('',(6.38999999999981,-3.21245088143877E-17,80.88));
#14344=CARTESIAN_POINT('',(6.3899999999998,-7.12000000000001,80.58));
#14345=CARTESIAN_POINT('',(6.38999999999981,-7.12000000000001,80.58));
#14346=CARTESIAN_POINT('',(6.38999999999979,-7.12,80.58));
#14347=CARTESIAN_POINT('',(-3.0000000000002,-7.12000000000001,80.58));
#14348=CARTESIAN_POINT('',(-3.0000000000002,-7.12,80.88));
#14349=CARTESIAN_POINT('',(6.38999999999981,-7.12000000000001,80.58));
#14350=CARTESIAN_POINT('',(-3.00000000000019,-7.44661529514156,80.25));
#14351=CARTESIAN_POINT('',(-3.0000000000002,-4.58000000000001,80.58));
#14352=CARTESIAN_POINT('',(-3.0000000000002,-4.58,80.88));
#14353=CARTESIAN_POINT('',(-3.00000000000019,-4.90661529514156,80.25));
#14354=CARTESIAN_POINT('',(3.84999999999982,-4.58,80.58));
#14355=CARTESIAN_POINT('',(3.84999999999981,-4.58,80.88));
#14356=CARTESIAN_POINT('',(3.84999999730396,-4.58000000269585,80.28));
#14357=CARTESIAN_POINT('',(3.84999999999981,-4.58000000000001,80.58));
#14358=CARTESIAN_POINT('',(3.84999999999979,-4.58,80.58));
#14359=CARTESIAN_POINT('',(3.8499999999998,-4.58,80.28));
#14360=CARTESIAN_POINT('',(3.75974814083245,-4.48974814151294,80.28));
#14361=CARTESIAN_POINT('',(3.7180062287389,-4.44801328140239,80.2972871602195));
#14362=CARTESIAN_POINT('',(3.58856004957962,-4.31841191993976,80.4097118390706));
#14363=CARTESIAN_POINT('',(3.55095877433196,-4.28094503303721,80.487516464103));
#14364=CARTESIAN_POINT('',(3.54907459718926,-4.27901241961448,80.6661554467475));
#14365=CARTESIAN_POINT('',(3.60402371088947,-4.33403535575048,80.7638938228795));
#14366=CARTESIAN_POINT('',(3.66617148141525,-4.39616879879845,80.8176492274574));
#14367=CARTESIAN_POINT('',(3.68022404903098,-4.41026115657257,80.8280186740025));
#14368=CARTESIAN_POINT('',(3.71173753100999,-4.44177721044986,80.8468719278047));
#14369=CARTESIAN_POINT('',(3.737372928326,-4.46737212976482,80.8582980316381));
#14370=CARTESIAN_POINT('',(3.77012301238535,-4.50012655593252,80.8701004543249));
#14371=CARTESIAN_POINT('',(3.80402979865875,-4.53402979865894,80.88));
#14372=CARTESIAN_POINT('',(3.84999999999981,-4.58,80.88));
#14373=CARTESIAN_POINT('',(3.84999999999981,-1.43722522099897E-29,80.58));
#14374=CARTESIAN_POINT('',(3.84999999999981,9.63735264431544E-17,80.88));
#14375=CARTESIAN_POINT('',(3.8499999999998,-4.58,80.58));
#14376=CARTESIAN_POINT('',(3.84999999999981,-4.58,80.58));
#14377=CARTESIAN_POINT('',(-3.0000000000002,-2.04000000000001,80.58));
#14378=CARTESIAN_POINT('',(-3.0000000000002,-2.04,80.88));
#14379=CARTESIAN_POINT('',(-3.00000000000019,-2.36661529514156,80.25));
#14380=CARTESIAN_POINT('',(1.30999999999982,-2.04,80.58));
#14381=CARTESIAN_POINT('',(1.30999999999981,-2.04,80.88));
#14382=CARTESIAN_POINT('',(1.30999999730398,-2.04000000269583,80.28));
#14383=CARTESIAN_POINT('',(1.30999999999981,-2.04000000000001,80.58));
#14384=CARTESIAN_POINT('',(1.30999999999979,-2.04,80.58));
#14385=CARTESIAN_POINT('',(1.3099999999998,-2.04,80.28));
#14386=CARTESIAN_POINT('',(1.21974814072092,-1.94974814140014,80.28));
#14387=CARTESIAN_POINT('',(1.17800622849462,-1.90801328117795,80.2972871603159));
#14388=CARTESIAN_POINT('',(1.048560049362,-1.77841191973657,80.4097118393753));
#14389=CARTESIAN_POINT('',(1.01095877424381,-1.74094503294703,80.4875164644222));
#14390=CARTESIAN_POINT('',(1.00907459727141,-1.73901241969858,80.6661554469976));
#14391=CARTESIAN_POINT('',(1.06402371095309,-1.79403535581234,80.7638938229703));
#14392=CARTESIAN_POINT('',(1.12617148151618,-1.85616879889981,80.8176492275358));
#14393=CARTESIAN_POINT('',(1.14022404913391,-1.87026115667459,80.8280186740722));
#14394=CARTESIAN_POINT('',(1.17173753110109,-1.90177721053872,80.8468719278511));
#14395=CARTESIAN_POINT('',(1.19737292836558,-1.92737212980316,80.8582980316548));
#14396=CARTESIAN_POINT('',(1.23012301246812,-1.96012655601776,80.87010045435));
#14397=CARTESIAN_POINT('',(1.26402979872601,-1.9940297987262,80.88));
#14398=CARTESIAN_POINT('',(1.30999999999981,-2.04,80.88));
#14399=CARTESIAN_POINT('',(1.30999999999981,-2.04,80.58));
#14400=CARTESIAN_POINT('',(1.30999999999981,0.,80.58));
#14401=CARTESIAN_POINT('',(1.30999999999981,0.,80.88));
#14402=CARTESIAN_POINT('',(1.3099999999998,-2.04,80.58));
#14403=CARTESIAN_POINT('',(-3.0000000000002,-7.12,4.38));
#14404=CARTESIAN_POINT('',(-3.0000000000002,-7.12,4.68));
#14405=CARTESIAN_POINT('',(-3.00000000000019,-7.44661529514156,4.05000000000001));
#14406=CARTESIAN_POINT('',(6.38999999999981,-7.12,4.08));
#14407=CARTESIAN_POINT('',(6.29974814090331,-7.0297481415798,4.08));
#14408=CARTESIAN_POINT('',(6.25800622863315,-6.9880132813011,4.09728716026129));
#14409=CARTESIAN_POINT('',(6.12856004948562,-6.8584119198562,4.2097118392023));
#14410=CARTESIAN_POINT('',(6.09095877429412,-6.82094503299588,4.28751646422877));
#14411=CARTESIAN_POINT('',(6.08907459722451,-6.8190124196532,4.46615544686688));
#14412=CARTESIAN_POINT('',(6.14402371089308,-6.87403535574848,4.56389382289782));
#14413=CARTESIAN_POINT('',(6.20617148146409,-6.93616879884869,4.61764922749587));
#14414=CARTESIAN_POINT('',(6.22022404908442,-6.95026115662663,4.62801867403877));
#14415=CARTESIAN_POINT('',(6.25173753105911,-6.98177721049831,4.6468719278298));
#14416=CARTESIAN_POINT('',(6.27737292834054,-7.00737212977873,4.65829803164436));
#14417=CARTESIAN_POINT('',(6.31012301242508,-7.0401265559736,4.67010045433719));
#14418=CARTESIAN_POINT('',(6.34402979869217,-7.07402979869237,4.68));
#14419=CARTESIAN_POINT('',(6.38999999999981,-7.12,4.68));
#14420=CARTESIAN_POINT('',(6.38999999730403,-7.12000000269578,4.08));
#14421=CARTESIAN_POINT('',(6.38999999999981,-7.12,4.68000000000001));
#14422=CARTESIAN_POINT('',(6.38999999999981,-7.12000000000001,4.38));
#14423=CARTESIAN_POINT('',(6.38999999999981,-7.12000000000001,4.38));
#14424=CARTESIAN_POINT('',(-3.0000000000002,-2.04000000000001,83.12));
#14425=CARTESIAN_POINT('',(-3.0000000000002,-2.04,83.42));
#14426=CARTESIAN_POINT('',(-3.00000000000019,-2.36661529514156,82.79));
#14427=CARTESIAN_POINT('',(1.3099999999998,-2.04,82.82));
#14428=CARTESIAN_POINT('',(1.21974814072092,-1.94974814140014,82.82));
#14429=CARTESIAN_POINT('',(1.17800622849462,-1.90801328117795,82.8372871603159));
#14430=CARTESIAN_POINT('',(1.048560049362,-1.77841191973657,82.9497118393754));
#14431=CARTESIAN_POINT('',(1.01095877424381,-1.74094503294703,83.0275164644222));
#14432=CARTESIAN_POINT('',(1.00907459727141,-1.73901241969858,83.2061554469976));
#14433=CARTESIAN_POINT('',(1.06402371095309,-1.79403535581234,83.3038938229703));
#14434=CARTESIAN_POINT('',(1.12617148151618,-1.85616879889981,83.3576492275358));
#14435=CARTESIAN_POINT('',(1.14022404913391,-1.87026115667459,83.3680186740722));
#14436=CARTESIAN_POINT('',(1.17173753110109,-1.90177721053872,83.3868719278511));
#14437=CARTESIAN_POINT('',(1.19737292836558,-1.92737212980316,83.3982980316548));
#14438=CARTESIAN_POINT('',(1.23012301246812,-1.96012655601776,83.41010045435));
#14439=CARTESIAN_POINT('',(1.26402979872601,-1.9940297987262,83.42));
#14440=CARTESIAN_POINT('',(1.30999999999981,-2.04,83.42));
#14441=CARTESIAN_POINT('',(1.30999999730398,-2.04000000269583,82.82));
#14442=CARTESIAN_POINT('',(1.30999999999981,-2.04,83.42));
#14443=CARTESIAN_POINT('',(1.30999999999981,-2.04000000000001,83.12));
#14444=CARTESIAN_POINT('',(1.30999999999981,-2.04,83.12));
#14445=CARTESIAN_POINT('',(1.30999999999982,-2.04,83.12));
#14446=CARTESIAN_POINT('',(1.30999999999979,-2.04,83.12));
#14447=CARTESIAN_POINT('',(1.30999999999981,0.,83.12));
#14448=CARTESIAN_POINT('',(1.30999999999981,0.,83.42));
#14449=CARTESIAN_POINT('',(1.3099999999998,-2.04,83.12));
#14450=CARTESIAN_POINT('',(-3.0000000000002,-4.58000000000001,83.12));
#14451=CARTESIAN_POINT('',(-3.0000000000002,-4.58,83.42));
#14452=CARTESIAN_POINT('',(-3.00000000000019,-4.90661529514156,82.79));
#14453=CARTESIAN_POINT('',(3.8499999999998,-4.58,82.82));
#14454=CARTESIAN_POINT('',(3.75974814083245,-4.48974814151294,82.82));
#14455=CARTESIAN_POINT('',(3.7180062287389,-4.44801328140239,82.8372871602195));
#14456=CARTESIAN_POINT('',(3.58856004957962,-4.31841191993976,82.9497118390706));
#14457=CARTESIAN_POINT('',(3.55095877433196,-4.28094503303721,83.027516464103));
#14458=CARTESIAN_POINT('',(3.54907459718926,-4.27901241961448,83.2061554467475));
#14459=CARTESIAN_POINT('',(3.60402371088947,-4.33403535575048,83.3038938228795));
#14460=CARTESIAN_POINT('',(3.66617148141525,-4.39616879879845,83.3576492274574));
#14461=CARTESIAN_POINT('',(3.68022404903098,-4.41026115657257,83.3680186740025));
#14462=CARTESIAN_POINT('',(3.71173753100999,-4.44177721044986,83.3868719278047));
#14463=CARTESIAN_POINT('',(3.737372928326,-4.46737212976482,83.3982980316381));
#14464=CARTESIAN_POINT('',(3.77012301238535,-4.50012655593252,83.4101004543249));
#14465=CARTESIAN_POINT('',(3.80402979865875,-4.53402979865894,83.42));
#14466=CARTESIAN_POINT('',(3.84999999999981,-4.58,83.42));
#14467=CARTESIAN_POINT('',(3.84999999730396,-4.58000000269585,82.82));
#14468=CARTESIAN_POINT('',(3.84999999999981,-4.58,83.42));
#14469=CARTESIAN_POINT('',(3.84999999999981,-4.58000000000001,83.12));
#14470=CARTESIAN_POINT('',(3.84999999999981,-4.58,83.12));
#14471=CARTESIAN_POINT('',(3.84999999999982,-4.58,83.12));
#14472=CARTESIAN_POINT('',(3.84999999999979,-4.58,83.12));
#14473=CARTESIAN_POINT('',(3.84999999999981,-1.43722522099897E-29,83.12));
#14474=CARTESIAN_POINT('',(3.84999999999981,9.63735264431544E-17,83.42));
#14475=CARTESIAN_POINT('',(3.8499999999998,-4.58,83.12));
#14476=CARTESIAN_POINT('',(-3.0000000000002,-7.12000000000001,83.12));
#14477=CARTESIAN_POINT('',(-3.0000000000002,-7.12,83.42));
#14478=CARTESIAN_POINT('',(-3.00000000000019,-7.44661529514156,82.79));
#14479=CARTESIAN_POINT('',(6.38999999999981,-7.12,82.82));
#14480=CARTESIAN_POINT('',(6.29974814089436,-7.02974814156961,82.82));
#14481=CARTESIAN_POINT('',(6.25800622865283,-6.98801328131818,82.8372871602442));
#14482=CARTESIAN_POINT('',(6.12856004946596,-6.85841191983911,82.9497118392194));
#14483=CARTESIAN_POINT('',(6.09095877429426,-6.82094503299581,83.0275164642159));
#14484=CARTESIAN_POINT('',(6.08907459722437,-6.81901241965328,83.2061554468798));
#14485=CARTESIAN_POINT('',(6.14402371093116,-6.87403535579427,83.3038938229308));
#14486=CARTESIAN_POINT('',(6.20617148145456,-6.93616879883724,83.3576492274876));
#14487=CARTESIAN_POINT('',(6.22022404906881,-6.95026115660946,83.3680186740281));
#14488=CARTESIAN_POINT('',(6.25173753104231,-6.98177721048114,83.3868719278211));
#14489=CARTESIAN_POINT('',(6.27737292834413,-7.00737212978256,83.3982980316457));
#14490=CARTESIAN_POINT('',(6.31012301241786,-7.04012655596593,83.4101004543346));
#14491=CARTESIAN_POINT('',(6.3440297986845,-7.0740297986847,83.42));
#14492=CARTESIAN_POINT('',(6.38999999999981,-7.12,83.42));
#14493=CARTESIAN_POINT('',(6.38999999730403,-7.12000000269579,82.82));
#14494=CARTESIAN_POINT('',(6.38999999999981,-7.12,83.42));
#14495=CARTESIAN_POINT('',(6.38999999999981,-7.12000000000001,83.12));
#14496=CARTESIAN_POINT('',(6.38999999999981,-7.12000000000001,83.12));
#14497=CARTESIAN_POINT('',(6.38999999999982,-7.12,83.12));
#14498=CARTESIAN_POINT('',(6.38999999999979,-7.12,83.12));
#14499=CARTESIAN_POINT('',(6.38999999999981,-2.63009808030382E-30,83.12));
#14500=CARTESIAN_POINT('',(6.38999999999981,-3.21245088143877E-17,83.42));
#14501=CARTESIAN_POINT('',(6.3899999999998,-7.12000000000001,83.12));
#14502=CARTESIAN_POINT('',(-3.0000000000002,-2.04,4.38));
#14503=CARTESIAN_POINT('',(-3.0000000000002,-2.04,4.68));
#14504=CARTESIAN_POINT('',(-3.00000000000019,-2.36661529514156,4.05000000000001));
#14505=CARTESIAN_POINT('',(1.3099999999998,-2.04,4.08000000000001));
#14506=CARTESIAN_POINT('',(1.21974814080717,-1.94974814148659,4.08000000000001));
#14507=CARTESIAN_POINT('',(1.17800622849465,-1.90801328117786,4.09728716031587));
#14508=CARTESIAN_POINT('',(1.04856004936197,-1.77841191973667,4.20971183937541));
#14509=CARTESIAN_POINT('',(1.0109587742438,-1.74094503294683,4.28751646442363));
#14510=CARTESIAN_POINT('',(1.00907459727143,-1.73901241969878,4.46615544699627));
#14511=CARTESIAN_POINT('',(1.06402371094831,-1.79403535580256,4.56389382296615));
#14512=CARTESIAN_POINT('',(1.12617148151738,-1.85616879890226,4.61764922753683));
#14513=CARTESIAN_POINT('',(1.14022404913588,-1.87026115667826,4.62801867407352));
#14514=CARTESIAN_POINT('',(1.1717375311032,-1.90177721054239,4.64687192785221));
#14515=CARTESIAN_POINT('',(1.19737292837433,-1.92737212981246,4.65829803165789));
#14516=CARTESIAN_POINT('',(1.23012301245062,-1.96012655599916,4.67010045434367));
#14517=CARTESIAN_POINT('',(1.2640297987074,-1.99402979870759,4.68000000000001));
#14518=CARTESIAN_POINT('',(1.30999999999981,-2.04,4.68));
#14519=CARTESIAN_POINT('',(1.30999999730398,-2.04000000269583,4.08));
#14520=CARTESIAN_POINT('',(1.30999999999981,-2.04,4.68000000000001));
#14521=CARTESIAN_POINT('',(1.30999999999981,-2.04000000000001,4.38));
#14522=CARTESIAN_POINT('',(1.30999999999981,-2.04,4.38));
#14523=CARTESIAN_POINT('',(1.3099999999998,-2.04,4.38));
#14524=CARTESIAN_POINT('',(1.30999999999981,-2.04,4.38000000000001));
#14525=CARTESIAN_POINT('',(1.30999999999981,0.,4.38));
#14526=CARTESIAN_POINT('',(1.30999999999981,0.,4.68));
#14527=CARTESIAN_POINT('',(1.30999999999981,-2.04,4.38));
#14528=CARTESIAN_POINT('',(-3.0000000000002,-4.58,4.38));
#14529=CARTESIAN_POINT('',(-3.0000000000002,-4.58,4.68));
#14530=CARTESIAN_POINT('',(-3.00000000000019,-4.90661529514156,4.05000000000001));
#14531=CARTESIAN_POINT('',(3.8499999999998,-4.58,4.08000000000001));
#14532=CARTESIAN_POINT('',(3.75974814083208,-4.48974814151278,4.08000000000001));
#14533=CARTESIAN_POINT('',(3.71800622874513,-4.44801328139929,4.0972871602141));
#14534=CARTESIAN_POINT('',(3.58856004957337,-4.31841191994286,4.20971183907604));
#14535=CARTESIAN_POINT('',(3.55095877433207,-4.28094503303712,4.28751646409188));
#14536=CARTESIAN_POINT('',(3.54907459718915,-4.27901241961457,4.46615544675862));
#14537=CARTESIAN_POINT('',(3.60402371085611,-4.33403535571154,4.56389382285059));
#14538=CARTESIAN_POINT('',(3.66617148142358,-4.39616879880818,4.61764922746465));
#14539=CARTESIAN_POINT('',(3.68022404904465,-4.41026115658717,4.62801867401189));
#14540=CARTESIAN_POINT('',(3.7117375310247,-4.44177721046446,4.6468719278123));
#14541=CARTESIAN_POINT('',(3.73737292832015,-4.4673721297586,4.65829803163601));
#14542=CARTESIAN_POINT('',(3.77012301239706,-4.50012655594495,4.67010045432909));
#14543=CARTESIAN_POINT('',(3.80402979867119,-4.53402979867138,4.68000000000001));
#14544=CARTESIAN_POINT('',(3.84999999999981,-4.58,4.68000000000001));
#14545=CARTESIAN_POINT('',(3.84999999730396,-4.58000000269585,4.08));
#14546=CARTESIAN_POINT('',(3.84999999999981,-4.58,4.68000000000001));
#14547=CARTESIAN_POINT('',(3.84999999999981,-4.58000000000001,4.38000000000001));
#14548=CARTESIAN_POINT('',(3.84999999999981,-4.58,4.38));
#14549=CARTESIAN_POINT('',(3.84999999999981,-4.58,4.38));
#14550=CARTESIAN_POINT('',(3.84999999999981,-4.58,4.38000000000001));
#14551=CARTESIAN_POINT('',(3.8499999999998,1.08333559371782E-31,4.38000000000001));
#14552=CARTESIAN_POINT('',(3.84999999999981,9.63735264431553E-17,4.68));
#14553=CARTESIAN_POINT('',(3.8499999999998,-4.58,4.38000000000001));
#14554=CARTESIAN_POINT('',(5.99999999999684,1.85677313259561,2.15000000000001));
#14555=CARTESIAN_POINT('',(5.99999999999684,1.85677313259561,2.15000000000001));
#14556=CARTESIAN_POINT('',(9.34999999999981,1.85677313259561,2.15000000000001));
#14557=CARTESIAN_POINT('',(9.34999999999981,0.,2.15000000000001));
#14558=CARTESIAN_POINT('',(9.34999999999981,0.,2.15000000000001));
#14559=CARTESIAN_POINT('',(5.99999999999683,0.,2.15000000000001));
#14560=CARTESIAN_POINT('',(5.99999999999683,1.73472347597681E-15,2.15));
#14561=CARTESIAN_POINT('',(5.99999999999684,1.85677313259561,2.15000000000001));
#14562=CARTESIAN_POINT('',(4.33499999999713,1.85677313259561,2.15000000000001));
#14563=CARTESIAN_POINT('',(5.99999999999684,0.499999999999918,-0.700000000000006));
#14564=CARTESIAN_POINT('',(5.99999999999684,0.499999999999918,0.549999999999995));
#14565=CARTESIAN_POINT('',(-3.16315385223747E-12,0.499999999999935,-0.700000000000004));
#14566=CARTESIAN_POINT('',(-3.16315385223747E-12,0.499999999999935,0.549999999999995));
#14567=CARTESIAN_POINT('',(5.99999999999684,0.499999999999917,-0.700000000000006));
#14568=CARTESIAN_POINT('',(5.99999999999684,0.499999999999963,88.2));
#14569=CARTESIAN_POINT('',(5.99999999999684,0.499999999999952,89.45));
#14570=CARTESIAN_POINT('',(-3.16315385223747E-12,0.499999999999964,88.2));
#14571=CARTESIAN_POINT('',(-3.16315385223747E-12,0.49999999999997,89.45));
#14572=CARTESIAN_POINT('',(5.99999999999684,0.499999999999951,88.2));
#14573=CARTESIAN_POINT('',(-1.65000000000019,3.55000000000307,90.75));
#14574=CARTESIAN_POINT('',(-1.65000000000019,3.55000000000307,90.75));
#14575=CARTESIAN_POINT('',(-1.65000000000421,5.65000000000306,90.7499999999959));
#14576=CARTESIAN_POINT('',(-6.806621238864E-12,3.55000000000623,90.75));
#14577=CARTESIAN_POINT('',(-6.80682631407082E-12,3.55000000000623,90.75));
#14578=CARTESIAN_POINT('',(-3.17173406406914E-12,-2.40000000000003,90.75));
#14579=CARTESIAN_POINT('',(-3.17173406406914E-12,-2.40000000000003,90.75));
#14580=CARTESIAN_POINT('',(-3.17173406406914E-12,-2.40000000000003,90.75));
#14581=CARTESIAN_POINT('',(5.99999999999683,-2.40000000000005,90.75));
#14582=CARTESIAN_POINT('',(5.99999999999685,5.64999999999997,90.75));
#14583=CARTESIAN_POINT('',(5.99999999999685,5.64999999999997,90.75));
#14584=CARTESIAN_POINT('',(-1.65000000000421,5.65000000000306,90.7499999999959));
#14585=CARTESIAN_POINT('',(-1.75000000000421,5.75000000000623,90.7499999999979));
#14586=CARTESIAN_POINT('',(-3.17173406406914E-12,-2.40000000000003,85.2));
#14587=CARTESIAN_POINT('',(-3.17173406406914E-12,-2.40000000000003,85.2));
#14588=CARTESIAN_POINT('',(5.99999999999683,-2.40000000000005,85.2));
#14589=CARTESIAN_POINT('',(5.99999999999683,-2.40000000000005,85.2));
#14590=CARTESIAN_POINT('',(5.99999999999683,-2.40000000000005,90.75));
#14591=CARTESIAN_POINT('',(-3.17173406406914E-12,-2.40000000000003,90.75));
#14592=CARTESIAN_POINT('',(5.99999999999684,0.,85.2));
#14593=CARTESIAN_POINT('',(5.99999999999683,0.,85.2));
#14594=CARTESIAN_POINT('',(-3.164633199105E-12,0.,85.2));
#14595=CARTESIAN_POINT('',(5.99999999999684,-2.16840434497101E-16,85.2));
#14596=CARTESIAN_POINT('',(-3.164633199105E-12,4.33680868994202E-16,85.2));
#14597=CARTESIAN_POINT('',(-3.17173406406914E-12,-2.40000000000003,85.2));
#14598=CARTESIAN_POINT('',(-3.17173406406914E-12,-2.40000000000007,-3.25));
#14599=CARTESIAN_POINT('',(-3.17173406406914E-12,-2.40000000000007,-3.25));
#14600=CARTESIAN_POINT('',(-3.17173406406914E-12,-2.40000000000007,2.3));
#14601=CARTESIAN_POINT('',(-3.17173406406914E-12,-2.40000000000007,-3.25));
#14602=CARTESIAN_POINT('',(5.99999999999683,-2.40000000000008,-3.25));
#14603=CARTESIAN_POINT('',(5.99999999999683,-2.40000000000008,2.3));
#14604=CARTESIAN_POINT('',(5.99999999999683,-2.40000000000008,2.3));
#14605=CARTESIAN_POINT('',(-3.17173406406914E-12,-2.40000000000007,2.3));
#14606=CARTESIAN_POINT('',(-3.17173406406914E-12,-2.40000000000007,2.3));
#14607=CARTESIAN_POINT('',(-6.806621238864E-12,3.54999999982598,-3.25000000000002));
#14608=CARTESIAN_POINT('',(-6.8068263137252E-12,3.54999999982598,-3.25000000000002));
#14609=CARTESIAN_POINT('',(-3.15412983634605E-12,3.54999999982598,-3.25));
#14610=CARTESIAN_POINT('',(-3.17173406406914E-12,-2.40000000000007,2.3));
#14611=CARTESIAN_POINT('',(-3.164633199105E-12,0.,2.3));
#14612=CARTESIAN_POINT('',(-7.88860905221012E-28,0.,2.3));
#14613=CARTESIAN_POINT('',(-7.30583379244534E-12,3.81025000000561,-3.6275));
#14614=CARTESIAN_POINT('',(0.,0.,2.3));
#14615=CARTESIAN_POINT('',(5.99999999999683,0.,2.3));
#14616=CARTESIAN_POINT('',(5.99999999999683,-2.40000000000008,2.3));
#14617=CARTESIAN_POINT('',(-3.16410945984088E-12,0.177017059221726,2.3));
#14618=CARTESIAN_POINT('',(5.99999999999683,6.78541729975343E-16,2.3));
#14619=CARTESIAN_POINT('',(5.99999999999683,-2.40000000000008,-3.25));
#14620=CARTESIAN_POINT('',(5.99999999999685,5.64999999999992,-3.25));
#14621=CARTESIAN_POINT('',(5.99999999999685,5.64999999999992,-3.25));
#14622=CARTESIAN_POINT('',(5.99999999999685,5.64999999999992,0.));
#14623=CARTESIAN_POINT('',(5.99999999999684,3.09807621135322,0.));
#14624=CARTESIAN_POINT('',(5.99999999999684,3.09807621135332,-8.67361737988404E-16));
#14625=CARTESIAN_POINT('',(5.99999999999684,3.09807621135322,0.));
#14626=CARTESIAN_POINT('',(5.99999999999685,6.05249999999992,-3.5275));
#14627=CARTESIAN_POINT('',(9.34999999999981,3.09807621135331,0.));
#14628=CARTESIAN_POINT('',(9.34999999999981,3.09807621135331,1.38777878078145E-14));
#14629=CARTESIAN_POINT('',(9.34999999999981,1.85677313259561,2.15000000000001));
#14630=CARTESIAN_POINT('',(4.33499999999714,3.09807621135332,1.38777878078145E-14));
#14631=CARTESIAN_POINT('',(1.30999999999979,9.,83.12));
#14632=CARTESIAN_POINT('',(1.30999999999981,9.,83.42));
#14633=CARTESIAN_POINT('',(0.983384704858249,9.,82.79));
#14634=CARTESIAN_POINT('',(1.30999999999981,4.2,83.12));
#14635=CARTESIAN_POINT('',(1.30999999999981,4.2,83.42));
#14636=CARTESIAN_POINT('',(1.3099999999998,-2.04,83.12));
#14637=CARTESIAN_POINT('',(3.84999999999979,9.,83.12));
#14638=CARTESIAN_POINT('',(3.84999999999981,9.,83.42));
#14639=CARTESIAN_POINT('',(3.52338470485825,8.99999999999999,82.79));
#14640=CARTESIAN_POINT('',(3.84999999999981,4.2,83.12));
#14641=CARTESIAN_POINT('',(3.84999999999981,4.2,83.42));
#14642=CARTESIAN_POINT('',(3.8499999999998,-4.58,83.12));
#14643=CARTESIAN_POINT('',(6.38999999999979,9.,83.12));
#14644=CARTESIAN_POINT('',(6.38999999999981,9.,83.42));
#14645=CARTESIAN_POINT('',(6.06338470485825,8.99999999999999,82.79));
#14646=CARTESIAN_POINT('',(6.38999999999981,4.2,83.12));
#14647=CARTESIAN_POINT('',(6.38999999999981,4.2,83.42));
#14648=CARTESIAN_POINT('',(6.3899999999998,-7.12000000000001,83.12));
#14649=CARTESIAN_POINT('',(1.30999999999981,9.,4.38));
#14650=CARTESIAN_POINT('',(1.30999999999981,9.,4.68));
#14651=CARTESIAN_POINT('',(0.983384704858248,9.,4.05000000000001));
#14652=CARTESIAN_POINT('',(1.30999999999981,4.2,4.38));
#14653=CARTESIAN_POINT('',(1.30999999999981,4.2,4.68));
#14654=CARTESIAN_POINT('',(1.30999999999981,-2.04,4.38));
#14655=CARTESIAN_POINT('',(3.84999999999981,9.,4.38));
#14656=CARTESIAN_POINT('',(3.84999999999981,9.,4.68));
#14657=CARTESIAN_POINT('',(3.52338470485825,8.99999999999999,4.05000000000001));
#14658=CARTESIAN_POINT('',(3.84999999999981,4.2,4.38));
#14659=CARTESIAN_POINT('',(3.84999999999981,4.2,4.68));
#14660=CARTESIAN_POINT('',(3.8499999999998,-4.58,4.38000000000001));
#14661=CARTESIAN_POINT('',(6.38999999999981,9.,4.38));
#14662=CARTESIAN_POINT('',(6.38999999999981,9.,4.68));
#14663=CARTESIAN_POINT('',(6.06338470485825,8.99999999999999,4.05000000000001));
#14664=CARTESIAN_POINT('',(6.38999999999981,4.2,4.38));
#14665=CARTESIAN_POINT('',(6.38999999999981,4.2,4.68));
#14666=CARTESIAN_POINT('',(6.3899999999998,-7.12000000000001,4.38));
#14667=CARTESIAN_POINT('',(8.19999999999981,4.7,85.4000000000001));
#14668=CARTESIAN_POINT('',(8.19999999999981,4.7,85.4000000000001));
#14669=CARTESIAN_POINT('',(7.69999999999981,4.2,84.9000000000001));
#14670=CARTESIAN_POINT('',(8.19999999999981,4.7,85.4000000000001));
#14671=CARTESIAN_POINT('',(8.19999999999981,4.7,2.1));
#14672=CARTESIAN_POINT('',(8.19999999999981,4.7,2.10000000000001));
#14673=CARTESIAN_POINT('',(7.69999999999981,4.2,2.60000000000001));
#14674=CARTESIAN_POINT('',(7.69999999999981,4.2,2.60000000000001));
#14675=CARTESIAN_POINT('',(8.19999999999981,4.7,85.4000000000001));
#14676=CARTESIAN_POINT('',(5.79999999999981,4.7,2.10000000000001));
#14677=CARTESIAN_POINT('',(5.79999999999981,4.7,2.10000000000001));
#14678=CARTESIAN_POINT('',(5.79999999999981,9.95,2.10000000000001));
#14679=CARTESIAN_POINT('',(8.19999999999981,4.7,2.10000000000001));
#14680=CARTESIAN_POINT('',(8.19999999999981,9.95,2.10000000000001));
#14681=CARTESIAN_POINT('',(8.19999999999981,9.95,2.10000000000001));
#14682=CARTESIAN_POINT('',(5.79999999999981,9.95,2.10000000000001));
#14683=CARTESIAN_POINT('',(8.43999999999981,4.2,2.10000000000001));
#14684=CARTESIAN_POINT('',(8.19999999999981,4.7,85.4000000000001));
#14685=CARTESIAN_POINT('',(8.19999999999981,9.95,85.4000000000001));
#14686=CARTESIAN_POINT('',(8.19999999999981,9.95,2.10000000000001));
#14687=CARTESIAN_POINT('',(8.19999999999981,4.2,89.7732500000001));
#14688=CARTESIAN_POINT('',(5.79999999999978,4.7,85.4000000000001));
#14689=CARTESIAN_POINT('',(5.79999999999978,4.7,85.4000000000001));
#14690=CARTESIAN_POINT('',(5.79999999999979,4.7,85.4000000000001));
#14691=CARTESIAN_POINT('',(5.79999999999979,9.95,85.4000000000001));
#14692=CARTESIAN_POINT('',(8.19999999999981,9.95,85.4000000000001));
#14693=CARTESIAN_POINT('',(5.55999999999978,4.2,85.4000000000001));
#14694=CARTESIAN_POINT('',(5.79999999999978,4.7,86.35));
#14695=CARTESIAN_POINT('',(5.79999999999979,4.7,86.35));
#14696=CARTESIAN_POINT('',(5.79999999999979,4.7,86.35));
#14697=CARTESIAN_POINT('',(5.79999999999979,9.95,86.35));
#14698=CARTESIAN_POINT('',(5.79999999999978,9.95,85.4000000000001));
#14699=CARTESIAN_POINT('',(5.79999999999978,4.2,86.445));
#14700=CARTESIAN_POINT('',(5.79999999999981,4.7,1.15000000000001));
#14701=CARTESIAN_POINT('',(5.79999999999981,4.7,1.15000000000001));
#14702=CARTESIAN_POINT('',(5.29999999999981,4.2,1.65000000000001));
#14703=CARTESIAN_POINT('',(5.79999999999981,4.7,1.15000000000001));
#14704=CARTESIAN_POINT('',(-0.500000000000195,4.7,1.15000000000001));
#14705=CARTESIAN_POINT('',(-0.500000000000195,4.7,1.15000000000001));
#14706=CARTESIAN_POINT('',(-1.95427325905261E-13,4.2,1.65000000000001));
#14707=CARTESIAN_POINT('',(-1.95427325905261E-13,4.2,1.65000000000001));
#14708=CARTESIAN_POINT('',(5.79999999999981,4.7,1.15000000000001));
#14709=CARTESIAN_POINT('',(-0.500000000000195,4.7,1.15000000000001));
#14710=CARTESIAN_POINT('',(-0.500000000000188,4.7,86.35));
#14711=CARTESIAN_POINT('',(-0.500000000000188,4.7,86.35));
#14712=CARTESIAN_POINT('',(-1.88168909338058E-13,4.2,85.85));
#14713=CARTESIAN_POINT('',(-1.88168909338058E-13,4.2,85.85));
#14714=CARTESIAN_POINT('',(-0.500000000000195,4.7,1.15000000000001));
#14715=CARTESIAN_POINT('',(-0.500000000000188,4.7,86.35));
#14716=CARTESIAN_POINT('',(5.79999999999978,4.7,86.35));
#14717=CARTESIAN_POINT('',(5.29999999999979,4.2,85.85));
#14718=CARTESIAN_POINT('',(5.29999999999979,4.2,85.85));
#14719=CARTESIAN_POINT('',(-0.500000000000188,4.7,86.35));
#14720=CARTESIAN_POINT('',(5.29999999999978,4.2,84.9000000000001));
#14721=CARTESIAN_POINT('',(5.29999999999978,4.2,84.9000000000001));
#14722=CARTESIAN_POINT('',(5.29999999999978,4.2,84.9000000000001));
#14723=CARTESIAN_POINT('',(5.79999999999978,4.7,86.35));
#14724=CARTESIAN_POINT('',(7.69999999999981,4.2,84.9000000000001));
#14725=CARTESIAN_POINT('',(5.29999999999978,4.7,85.4000000000001));
#14726=CARTESIAN_POINT('',(5.29999999999981,4.2,2.60000000000001));
#14727=CARTESIAN_POINT('',(5.29999999999981,4.2,2.60000000000001));
#14728=CARTESIAN_POINT('',(5.29999999999981,4.2,1.65000000000001));
#14729=CARTESIAN_POINT('',(8.63499999999982,4.2,90.61));
#14730=CARTESIAN_POINT('',(5.79999999999981,4.7,2.10000000000001));
#14731=CARTESIAN_POINT('',(8.19999999999981,4.7,2.10000000000001));
#14732=CARTESIAN_POINT('',(5.79999999999981,4.7,2.10000000000001));
#14733=CARTESIAN_POINT('',(5.79999999999981,4.7,2.60000000000001));
#14734=CARTESIAN_POINT('',(5.79999999999981,4.7,1.15000000000001));
#14735=CARTESIAN_POINT('',(5.79999999999981,9.95,1.15000000000001));
#14736=CARTESIAN_POINT('',(5.79999999999981,9.95,1.15000000000001));
#14737=CARTESIAN_POINT('',(5.79999999999981,4.2,2.19500000000001));
#14738=CARTESIAN_POINT('',(6.44999999999981,10.6,0.500000000000005));
#14739=CARTESIAN_POINT('',(6.44999999999981,10.6,0.500000000000005));
#14740=CARTESIAN_POINT('',(5.79999999999981,9.95,2.10000000000001));
#14741=CARTESIAN_POINT('',(6.44999999999981,10.6,1.45000000000001));
#14742=CARTESIAN_POINT('',(6.44999999999981,10.6,0.500000000000005));
#14743=CARTESIAN_POINT('',(5.79999999999981,9.95,0.500000000000005));
#14744=CARTESIAN_POINT('',(8.84999999999981,10.6,1.45000000000001));
#14745=CARTESIAN_POINT('',(8.84999999999981,10.6,1.45000000000001));
#14746=CARTESIAN_POINT('',(6.44999999999981,10.6,1.45000000000001));
#14747=CARTESIAN_POINT('',(5.79999999999981,9.95,2.10000000000001));
#14748=CARTESIAN_POINT('',(8.19999999999981,9.95,85.4000000000001));
#14749=CARTESIAN_POINT('',(8.84999999999981,10.6,86.0500000000001));
#14750=CARTESIAN_POINT('',(8.84999999999981,10.6,1.45000000000001));
#14751=CARTESIAN_POINT('',(8.19999999999981,9.95,1.45000000000001));
#14752=CARTESIAN_POINT('',(5.79999999999978,9.95,85.4000000000001));
#14753=CARTESIAN_POINT('',(6.44999999999978,10.6,86.0500000000001));
#14754=CARTESIAN_POINT('',(8.84999999999981,10.6,86.0500000000001));
#14755=CARTESIAN_POINT('',(8.8499999999998,9.95,85.4000000000001));
#14756=CARTESIAN_POINT('',(5.79999999999979,9.95,86.35));
#14757=CARTESIAN_POINT('',(6.44999999999979,10.6,87.));
#14758=CARTESIAN_POINT('',(6.44999999999978,10.6,86.0500000000001));
#14759=CARTESIAN_POINT('',(5.79999999999978,9.95,85.4000000000001));
#14760=CARTESIAN_POINT('',(-0.500000000000181,9.95,86.35));
#14761=CARTESIAN_POINT('',(-0.500000000000188,9.95,86.35));
#14762=CARTESIAN_POINT('',(-1.15000000000019,10.6,87.));
#14763=CARTESIAN_POINT('',(6.44999999999979,10.6,87.));
#14764=CARTESIAN_POINT('',(5.79999999999978,9.95,86.35));
#14765=CARTESIAN_POINT('',(6.44999999999979,9.95,86.35));
#14766=CARTESIAN_POINT('',(-0.500000000000188,4.7,86.35));
#14767=CARTESIAN_POINT('',(-1.13000000000019,4.2,86.35));
#14768=CARTESIAN_POINT('',(-0.500000000000195,4.7,1.15000000000001));
#14769=CARTESIAN_POINT('',(-0.500000000000195,9.95,1.15000000000001));
#14770=CARTESIAN_POINT('',(-0.500000000000188,9.95,86.35));
#14771=CARTESIAN_POINT('',(-0.500000000000195,4.2,-3.32299999999999));
#14772=CARTESIAN_POINT('',(-0.500000000000195,9.95,1.15000000000001));
#14773=CARTESIAN_POINT('',(6.42999999999981,4.2,1.15000000000001));
#14774=CARTESIAN_POINT('',(-0.500000000000195,9.95,1.15));
#14775=CARTESIAN_POINT('',(-1.1500000000002,10.6,0.500000000000005));
#14776=CARTESIAN_POINT('',(-1.1500000000002,10.6,0.500000000000005));
#14777=CARTESIAN_POINT('',(-1.1500000000002,9.95,1.15000000000001));
#14778=CARTESIAN_POINT('',(-1.15000000000019,10.6,87.));
#14779=CARTESIAN_POINT('',(-0.500000000000188,9.95,87.));
#14780=CARTESIAN_POINT('',(9.34999999999981,10.6,0.));
#14781=CARTESIAN_POINT('',(9.34999999999981,10.6,0.));
#14782=CARTESIAN_POINT('',(-1.65000000000019,10.6,0.));
#14783=CARTESIAN_POINT('',(-1.65000000000019,10.6,0.));
#14784=CARTESIAN_POINT('',(-1.65000000000019,10.6,87.5));
#14785=CARTESIAN_POINT('',(-1.65000000000019,10.6,87.5));
#14786=CARTESIAN_POINT('',(9.34999999999981,10.6,87.5));
#14787=CARTESIAN_POINT('',(9.34999999999981,10.6,87.5));
#14788=CARTESIAN_POINT('',(9.34999999999981,10.6,0.));
#14789=CARTESIAN_POINT('',(5.99999999999685,5.64999999999992,0.));
#14790=CARTESIAN_POINT('',(-1.65000000000421,5.64999999982905,0.));
#14791=CARTESIAN_POINT('',(-1.65000000000019,10.6,0.));
#14792=CARTESIAN_POINT('',(9.34999999999981,3.09807621135331,0.));
#14793=CARTESIAN_POINT('',(-2.20000000000019,11.13,0.));
#14794=CARTESIAN_POINT('',(-1.65000000000421,5.64999999982905,-4.03843625207401E-12));
#14795=CARTESIAN_POINT('',(-1.65000000000421,5.64999999982282,-3.25000000000404));
#14796=CARTESIAN_POINT('',(-1.65000000000421,5.64999999982282,-3.25000000000404));
#14797=CARTESIAN_POINT('',(-1.75000000000421,5.64999999984394,-3.35000000000404));
#14798=CARTESIAN_POINT('',(-1.65000000000421,5.64999999982282,-3.25000000000404));
#14799=CARTESIAN_POINT('',(-1.65000000000019,3.54999999982282,-3.25000000000002));
#14800=CARTESIAN_POINT('',(-1.65000000000019,3.54999999982282,-3.25000000000002));
#14801=CARTESIAN_POINT('',(-1.75000000000424,-2.50000000000006,-3.25000000000041));
#14802=CARTESIAN_POINT('',(-1.65000000000019,3.54999999982282,-3.25000000000002));
#14803=CARTESIAN_POINT('',(-1.75000000000019,3.54999999987405,-3.35000000000002));
#14804=CARTESIAN_POINT('',(-1.65000000000421,5.65000000000306,90.7499999999959));
#14805=CARTESIAN_POINT('',(-1.65000000000421,5.64999999999682,87.5));
#14806=CARTESIAN_POINT('',(-1.65000000000019,5.64999999999682,87.5));
#14807=CARTESIAN_POINT('',(-1.65000000000157,10.7,-3.51250000000425));
#14808=CARTESIAN_POINT('',(5.99999999999685,5.64999999999996,87.5));
#14809=CARTESIAN_POINT('',(5.99999999999685,5.64999999999996,87.5));
#14810=CARTESIAN_POINT('',(-1.65000000000421,5.64999999999682,87.4999999999959));
#14811=CARTESIAN_POINT('',(-1.75000000000421,5.64999999999953,87.399999999996));
#14812=CARTESIAN_POINT('',(5.99999999999685,5.64999999999996,87.5));
#14813=CARTESIAN_POINT('',(5.99999999999684,3.09807621135331,87.5));
#14814=CARTESIAN_POINT('',(5.99999999999684,3.09807621135331,87.5));
#14815=CARTESIAN_POINT('',(9.34999999999981,3.09807621135331,87.5));
#14816=CARTESIAN_POINT('',(9.34999999999981,10.6,87.5));
#14817=CARTESIAN_POINT('',(-2.20000000000019,2.73526859021798,87.5));
#14818=CARTESIAN_POINT('',(5.99999999999684,1.85677313259562,85.35));
#14819=CARTESIAN_POINT('',(5.99999999999684,1.85677313259562,85.35));
#14820=CARTESIAN_POINT('',(9.34999999999981,1.85677313259562,85.35));
#14821=CARTESIAN_POINT('',(9.34999999999981,3.09807621135331,87.5));
#14822=CARTESIAN_POINT('',(5.99999999999684,1.85677313259558,85.35));
#14823=CARTESIAN_POINT('',(4.33499999999714,1.85677313259562,85.35));
#14824=CARTESIAN_POINT('',(9.34999999999981,1.85677313259562,85.35));
#14825=CARTESIAN_POINT('',(9.3499999999998,0.,85.35));
#14826=CARTESIAN_POINT('',(9.34999999999981,0.,2.15000000000001));
#14827=CARTESIAN_POINT('',(9.34999999999981,0.,0.));
#14828=CARTESIAN_POINT('',(9.34999999999981,0.,85.35));
#14829=CARTESIAN_POINT('',(5.99999999999683,0.,85.35));
#14830=CARTESIAN_POINT('',(5.99999999999683,2.62392909065903E-16,85.35));
#14831=CARTESIAN_POINT('',(4.33499999999713,0.,85.35));
#14832=CARTESIAN_POINT('',(5.99999999999684,3.44961791463498E-16,85.35));
#14833=CARTESIAN_POINT('',(5.99999999999685,6.05249999999997,84.9225));
#14834=CARTESIAN_POINT('',(6.3899999999998,1.98611525514934E-31,4.38));
#14835=CARTESIAN_POINT('',(6.38999999999981,-3.2124508814386E-17,4.68));
#14836=CARTESIAN_POINT('',(0.,0.,0.));
#14837=CARTESIAN_POINT('',(6.3899999999998,-7.12,4.38));
#14838=CARTESIAN_POINT('',(6.3899999999998,-7.12000000000001,4.38));
#14839=CARTESIAN_POINT('',(6.38999999999981,-7.12,4.38000000000001));
#14840=MECHANICAL_DESIGN_GEOMETRIC_PRESENTATION_REPRESENTATION('',(#73,
#23,#24,#25,#26,#27,#28,#29,#30,#31,#32,#33,#34,#35,#36,#37,#38,#39,#40,
#41,#42,#43,#44,#45,#46,#47,#48,#49,#50,#51,#52,#53,#54,#55,#56,#57,#58,
#59,#60,#61,#62,#63,#64,#65,#66,#67,#68,#69,#70,#71),#14841);
#14841=(
GEOMETRIC_REPRESENTATION_CONTEXT(3)
GLOBAL_UNCERTAINTY_ASSIGNED_CONTEXT((#14842))
GLOBAL_UNIT_ASSIGNED_CONTEXT((#14848,#14844,#14843))
REPRESENTATION_CONTEXT('100072334ugm000_b','TOP_LEVEL_ASSEMBLY_PART')
);
#14842=UNCERTAINTY_MEASURE_WITH_UNIT(LENGTH_MEASURE(0.02),#14848,
'DISTANCE_ACCURACY_VALUE','Maximum Tolerance applied to model');
#14843=(
NAMED_UNIT(*)
SI_UNIT($,.STERADIAN.)
SOLID_ANGLE_UNIT()
);
#14844=(
CONVERSION_BASED_UNIT('DEGREE',#14846)
NAMED_UNIT(#14845)
PLANE_ANGLE_UNIT()
);
#14845=DIMENSIONAL_EXPONENTS(0.,0.,0.,0.,0.,0.,0.);
#14846=PLANE_ANGLE_MEASURE_WITH_UNIT(PLANE_ANGLE_MEASURE(0.0174532925),
#14847);
#14847=(
NAMED_UNIT(*)
PLANE_ANGLE_UNIT()
SI_UNIT($,.RADIAN.)
);
#14848=(
LENGTH_UNIT()
NAMED_UNIT(*)
SI_UNIT(.MILLI.,.METRE.)
);
ENDSEC;
END-ISO-10303-21;
