** Drc report for ModuCard-Backplane-Sixth-Sense.kicad_pcb **
** Created on 2026-07-19T14:18:34 **
** Report includes: Errors, Warnings **

** Found 469 DRC violations **
[solder_mask_bridge]: Rear solder mask aperture bridges items with different nets
    Rule: board setup solder mask min width; error
    @(147.0580 mm, 108.4580 mm): Track [+3V3] on B.Cu, length 0.7071 mm
    @(147.0580 mm, 108.4580 mm): Pad 2 [GND] of R26 on B.Cu
[solder_mask_bridge]: Rear solder mask aperture bridges items with different nets
    Rule: board setup solder mask min width; error
    @(138.9356 mm, 144.2708 mm): Track [+12V] on B.Cu, length 3.5564 mm
    @(138.9356 mm, 144.2708 mm): PTH pad a18 [/Ext-Connector/GPIOL8] of J2
[solder_mask_bridge]: Rear solder mask aperture bridges items with different nets
    Rule: board setup solder mask min width; error
    @(250.1900 mm, 103.5324 mm): Track [/FE2.1/USB4.D-] on B.Cu, length 0.5813 mm
    @(250.1900 mm, 103.5324 mm): Pad 6 [/USB_MUX/USB2.D-] of U802 on B.Cu
[solder_mask_bridge]: Rear solder mask aperture bridges items with different nets
    Rule: board setup solder mask min width; error
    @(250.1900 mm, 103.1324 mm): Track [/FE2.1/USB4.D+] on B.Cu, length 0.5813 mm
    @(250.1900 mm, 103.1324 mm): Pad 7 [/USB_MUX/USB2.D+] of U802 on B.Cu
[starved_thermal]: Thermal relief connection to zone incomplete (layer In2.Cu; zone min spoke count 2; actual 1)
    Local override; error
    @(287.6022 mm, 187.4790 mm): Zone 'GND' [GND] on In1.Cu and In2.Cu, priority 0
    @(138.9356 mm, 187.4508 mm): PTH pad a1 [GND] of J2
[starved_thermal]: Thermal relief connection to zone incomplete (layer In1.Cu; zone min spoke count 2; actual 1)
    Local override; error
    @(287.6022 mm, 187.4790 mm): Zone 'GND' [GND] on In1.Cu and In2.Cu, priority 0
    @(138.9356 mm, 187.4508 mm): PTH pad a1 [GND] of J2
[courtyards_overlap]: Courtyards overlap
    Rule: board setup constraints courtyard; error
    @(278.4600 mm, 101.5500 mm): Footprint D2
    @(282.1896 mm, 108.7123 mm): Footprint J1
[courtyards_overlap]: Courtyards overlap
    Rule: board setup constraints courtyard; error
    @(278.4600 mm, 101.5500 mm): Footprint D2
    @(277.1090 mm, 103.3780 mm): Footprint D3
[courtyards_overlap]: Courtyards overlap
    Rule: board setup constraints courtyard; error
    @(152.6500 mm, 192.2150 mm): Footprint D8
    @(151.1000 mm, 193.7700 mm): Footprint D13
[courtyards_overlap]: Courtyards overlap
    Rule: board setup constraints courtyard; error
    @(143.3500 mm, 192.3500 mm): Footprint D4
    @(141.8000 mm, 193.7700 mm): Footprint D11
[courtyards_overlap]: Courtyards overlap
    Rule: board setup constraints courtyard; error
    @(157.2271 mm, 108.7108 mm): Footprint J16
    @(153.2322 mm, 120.1707 mm): Footprint SW5
[courtyards_overlap]: Courtyards overlap
    Rule: board setup constraints courtyard; error
    @(157.2271 mm, 108.7108 mm): Footprint J16
    @(150.0000 mm, 166.6500 mm): Footprint J6
[courtyards_overlap]: Courtyards overlap
    Rule: board setup constraints courtyard; error
    @(282.1896 mm, 108.7123 mm): Footprint J1
    @(277.1090 mm, 103.3780 mm): Footprint D3
[pth_inside_courtyard]: PTH inside courtyard
    Local override; error
    @(277.1090 mm, 103.3780 mm): PTH pad 1 [GND] of D3
    @(282.1896 mm, 108.7123 mm): Footprint J1
[pth_inside_courtyard]: PTH inside courtyard
    Local override; error
    @(279.6490 mm, 103.3780 mm): PTH pad 2 [Net-(D3-A)] of D3
    @(282.1896 mm, 108.7123 mm): Footprint J1
[courtyards_overlap]: Courtyards overlap
    Rule: board setup constraints courtyard; error
    @(282.1896 mm, 108.7123 mm): Footprint J1
    @(267.7628 mm, 115.1157 mm): Footprint SW6
[pth_inside_courtyard]: PTH inside courtyard
    Local override; error
    @(275.3828 mm, 120.1957 mm): PTH pad 4 [/Can Split Terminators/Strobe1.+] of SW6
    @(282.1896 mm, 108.7123 mm): Footprint J1
[pth_inside_courtyard]: PTH inside courtyard
    Local override; error
    @(275.3828 mm, 117.6557 mm): PTH pad 5 [/Can Split Terminators/CAN2.+] of SW6
    @(282.1896 mm, 108.7123 mm): Footprint J1
[pth_inside_courtyard]: PTH inside courtyard
    Local override; error
    @(275.3828 mm, 115.1157 mm): PTH pad 6 [/Can Split Terminators/CAN1.-] of SW6
    @(282.1896 mm, 108.7123 mm): Footprint J1
[courtyards_overlap]: Courtyards overlap
    Rule: board setup constraints courtyard; error
    @(153.2322 mm, 120.1707 mm): Footprint SW5
    @(138.9356 mm, 187.4508 mm): Footprint J2
[pth_inside_courtyard]: PTH inside courtyard
    Local override; error
    @(145.6122 mm, 115.0907 mm): PTH pad 4 [Net-(R24-Pad1)] of SW5
    @(138.9356 mm, 187.4508 mm): Footprint J2
[pth_inside_courtyard]: PTH inside courtyard
    Local override; error
    @(145.6122 mm, 117.6307 mm): PTH pad 5 [/Can Split Terminators/CAN term 4] of SW5
    @(138.9356 mm, 187.4508 mm): Footprint J2
[pth_inside_courtyard]: PTH inside courtyard
    Local override; error
    @(145.6122 mm, 120.1707 mm): PTH pad 6 [/Can Split Terminators/CAN term 3] of SW5
    @(138.9356 mm, 187.4508 mm): Footprint J2
[courtyards_overlap]: Courtyards overlap
    Rule: board setup constraints courtyard; error
    @(146.4500 mm, 193.7700 mm): Footprint D12
    @(148.0000 mm, 192.4125 mm): Footprint D1
[courtyards_overlap]: Courtyards overlap
    Rule: board setup constraints courtyard; error
    @(142.5500 mm, 103.3500 mm): Footprint D10
    @(143.7000 mm, 101.3000 mm): Footprint D33
[courtyards_overlap]: Courtyards overlap
    Rule: board setup constraints courtyard; error
    @(149.5000 mm, 101.3000 mm): Footprint D32
    @(150.6200 mm, 103.3500 mm): Footprint D9
[courtyards_overlap]: Courtyards overlap
    Rule: board setup constraints courtyard; error
    @(267.7628 mm, 115.1157 mm): Footprint SW6
    @(258.8257 mm, 108.7123 mm): Footprint J21
[pth_inside_courtyard]: PTH inside courtyard
    Local override; error
    @(267.7628 mm, 115.1157 mm): PTH pad 1 [Net-(R5-Pad1)] of SW6
    @(258.8257 mm, 108.7123 mm): Footprint J21
[pth_inside_courtyard]: PTH inside courtyard
    Local override; error
    @(267.7628 mm, 117.6557 mm): PTH pad 2 [Net-(R9-Pad1)] of SW6
    @(258.8257 mm, 108.7123 mm): Footprint J21
[pth_inside_courtyard]: PTH inside courtyard
    Local override; error
    @(267.7628 mm, 120.1957 mm): PTH pad 3 [Net-(R22-Pad1)] of SW6
    @(258.8257 mm, 108.7123 mm): Footprint J21
[clearance]: Clearance violation (rule 'Track spacing, outer layer (1oz copper)' clearance 0.1270 mm; actual 0.1200 mm)
    Rule: Track spacing, outer layer (1oz copper); error
    @(257.0814 mm, 111.2523 mm): Track [/Port6/USB.D-] on B.Cu, length 0.6500 mm
    @(257.7385 mm, 110.9323 mm): Track [/Port6/USB.D+] on B.Cu, length 1.2643 mm
[clearance]: Clearance violation (rule 'Track spacing, outer layer (1oz copper)' clearance 0.1270 mm; actual 0.1200 mm)
    Rule: Track spacing, outer layer (1oz copper); error
    @(256.4743 mm, 110.9323 mm): Track [/Port6/USB.D+] on B.Cu, length 1.8360 mm
    @(255.0336 mm, 109.9441 mm): Track [/Port6/USB.D-] on B.Cu, length 0.2511 mm
[clearance]: Clearance violation (rule 'Track spacing, outer layer (1oz copper)' clearance 0.1270 mm; actual 0.1229 mm)
    Rule: Track spacing, outer layer (1oz copper); error
    @(257.7385 mm, 110.9323 mm): Track [/Port6/USB.D+] on B.Cu, length 1.2643 mm
    @(256.4314 mm, 111.2523 mm): Track [/Port6/USB.D-] on B.Cu, length 0.0897 mm
[clearance]: Clearance violation (rule 'Track spacing, outer layer (1oz copper)' clearance 0.1270 mm; actual 0.1200 mm)
    Rule: Track spacing, outer layer (1oz copper); error
    @(254.8560 mm, 108.6865 mm): Track [/Port6/USB.D-] on B.Cu, length 0.1200 mm
    @(255.1760 mm, 109.6340 mm): Track [/Port6/USB.D+] on B.Cu, length 5.0523 mm
[clearance]: Clearance violation (rule 'Track spacing, outer layer (1oz copper)' clearance 0.1270 mm; actual 0.1200 mm)
    Rule: Track spacing, outer layer (1oz copper); error
    @(254.6160 mm, 108.6865 mm): Track (arc) [/Port6/USB.D-] on B.Cu, length 0.3770 mm
    @(255.1760 mm, 109.6340 mm): Track [/Port6/USB.D+] on B.Cu, length 5.0523 mm
[clearance]: Clearance violation (rule 'Track spacing, outer layer (1oz copper)' clearance 0.1270 mm; actual 0.1200 mm)
    Rule: Track spacing, outer layer (1oz copper); error
    @(249.5688 mm, 103.1724 mm): Track [/FE2.1/USB4.D+] on B.Cu, length 0.3740 mm
    @(249.6088 mm, 103.5324 mm): Track [/FE2.1/USB4.D-] on B.Cu, length 0.0566 mm
[clearance]: Clearance violation (rule 'Track spacing, outer layer (1oz copper)' clearance 0.1270 mm; actual 0.1200 mm)
    Rule: Track spacing, outer layer (1oz copper); error
    @(216.6451 mm, 104.3000 mm): Track [/FE2.1/USB_IN.D+] on F.Cu, length 0.3812 mm
    @(216.6451 mm, 103.9800 mm): Track [/FE2.1/USB_IN.D-] on F.Cu, length 0.2486 mm
[hole_clearance]: Hole clearance violation (rule 'Clearance: track to PTH hole perimeter' clearance 0.3300 mm; actual 0.2642 mm)
    Rule: Clearance: track to PTH hole perimeter; error
    @(216.4080 mm, 104.4500 mm): Track [/FE2.1/USB_IN.D+] on F.Cu, length 0.1697 mm
    @(216.4080 mm, 103.8300 mm): Via [/FE2.1/USB_IN.D-] on F.Cu - B.Cu
[clearance]: Clearance violation (rule 'Track spacing, outer layer (1oz copper)' clearance 0.1270 mm; actual 0.1200 mm)
    Rule: Track spacing, outer layer (1oz copper); error
    @(213.4800 mm, 89.2603 mm): Track [/FE2.1/USB4.D+] on B.Cu, length 0.7754 mm
    @(213.8957 mm, 88.3920 mm): Track [/FE2.1/USB4.D-] on B.Cu, length 2.7108 mm
[hole_clearance]: Hole clearance violation (rule 'Clearance: track to PTH hole perimeter' clearance 0.3300 mm; actual 0.3160 mm)
    Rule: Clearance: track to PTH hole perimeter; error
    @(214.9800 mm, 96.4840 mm): Track [/FE2.1/XOUT] on B.Cu, length 2.4260 mm
    @(216.2980 mm, 97.0500 mm): Via [GND] on F.Cu - B.Cu
[clearance]: Clearance violation (rule 'Clearance: track to pad' clearance 0.2000 mm; actual 0.1800 mm)
    Rule: Clearance: track to pad; error
    @(211.0000 mm, 90.1440 mm): Track [/FE2.1/LED[4]] on B.Cu, length 0.0990 mm
    @(210.5700 mm, 90.0740 mm): Pad 6 [/FE2.1/VD18] of U4 on B.Cu
[hole_clearance]: Hole clearance violation (rule 'Clearance: track to PTH hole perimeter' clearance 0.3300 mm; actual 0.2840 mm)
    Rule: Clearance: track to PTH hole perimeter; error
    @(213.0500 mm, 92.4840 mm): Track [/FE2.1/VD33] on B.Cu, length 1.9300 mm
    @(213.4000 mm, 91.9500 mm): Via [GND] on F.Cu - B.Cu
[clearance]: Clearance violation (rule 'Clearance: track to pad' clearance 0.2000 mm; actual 0.1721 mm)
    Rule: Clearance: track to pad; error
    @(212.5700 mm, 99.4180 mm): Track [Net-(U4-REXT)] on B.Cu, length 0.2121 mm
    @(212.0905 mm, 99.8300 mm): Pad 1 [/FE2.1/VD18] of C33 on B.Cu
[clearance]: Clearance violation (rule 'Clearance: track to pad' clearance 0.2000 mm; actual 0.1721 mm)
    Rule: Clearance: track to pad; error
    @(212.0905 mm, 99.8300 mm): Pad 1 [/FE2.1/VD18] of C33 on B.Cu
    @(212.5700 mm, 98.3940 mm): Track [Net-(U4-REXT)] on B.Cu, length 1.0240 mm
[clearance]: Clearance violation (rule 'Clearance: track to pad' clearance 0.2000 mm; actual 0.1724 mm)
    Rule: Clearance: track to pad; error
    @(213.0700 mm, 98.3940 mm): Track [/FE2.1/VD33] on B.Cu, length 2.3995 mm
    @(213.6225 mm, 99.8220 mm): Pad 1 [/FE2.1/VD18] of C25 on B.Cu
[clearance]: Clearance violation (rule 'Clearance: track to pad' clearance 0.2000 mm; actual 0.1915 mm)
    Rule: Clearance: track to pad; error
    @(213.0700 mm, 90.0740 mm): Pad 11 [/FE2.1/USB4.D-] of U4 on B.Cu
    @(213.4800 mm, 89.2603 mm): Track [/FE2.1/USB4.D+] on B.Cu, length 0.7754 mm
[clearance]: Clearance violation (rule 'Clearance: track to pad' clearance 0.2000 mm; actual 0.1603 mm)
    Rule: Clearance: track to pad; error
    @(213.0700 mm, 90.0740 mm): Pad 11 [/FE2.1/USB4.D-] of U4 on B.Cu
    @(213.4800 mm, 89.3940 mm): Track [/FE2.1/USB4.D+] on B.Cu, length 0.1337 mm
[clearance]: Clearance violation (rule 'Clearance: track to pad' clearance 0.2000 mm; actual 0.1603 mm)
    Rule: Clearance: track to pad; error
    @(213.0700 mm, 90.0740 mm): Pad 11 [/FE2.1/USB4.D-] of U4 on B.Cu
    @(213.5700 mm, 89.4840 mm): Track [/FE2.1/USB4.D+] on B.Cu, length 0.1273 mm
[clearance]: Clearance violation (rule 'Clearance: track to pad' clearance 0.2000 mm; actual 0.1338 mm)
    Rule: Clearance: track to pad; error
    @(249.5688 mm, 103.1724 mm): Track [/FE2.1/USB4.D+] on B.Cu, length 0.3740 mm
    @(250.1900 mm, 103.1324 mm): Pad 7 [/USB_MUX/USB2.D+] of U802 on B.Cu
[hole_clearance]: Hole clearance violation (rule 'Clearance: track to PTH hole perimeter' clearance 0.3300 mm; actual 0.2642 mm)
    Rule: Clearance: track to PTH hole perimeter; error
    @(253.0717 mm, 106.3699 mm): Track [/FE2.1/USB4.D-] on B.Cu, length 0.1697 mm
    @(252.4517 mm, 106.3699 mm): Via [/FE2.1/USB4.D+] on F.Cu - B.Cu
[clearance]: Clearance violation (rule 'Track spacing, outer layer (1oz copper)' clearance 0.1270 mm; actual 0.1200 mm)
    Rule: Track spacing, outer layer (1oz copper); error
    @(213.4800 mm, 89.3940 mm): Track [/FE2.1/USB4.D+] on B.Cu, length 0.1337 mm
    @(213.1600 mm, 89.1277 mm): Track [/FE2.1/USB4.D-] on B.Cu, length 1.0405 mm
[clearance]: Clearance violation (rule 'Track spacing, outer layer (1oz copper)' clearance 0.1270 mm; actual 0.1200 mm)
    Rule: Track spacing, outer layer (1oz copper); error
    @(216.4740 mm, 88.7120 mm): Track [/FE2.1/USB4.D+] on B.Cu, length 2.6474 mm
    @(216.6065 mm, 88.3920 mm): Track [/FE2.1/USB4.D-] on B.Cu, length 2.6474 mm
[clearance]: Clearance violation (rule 'Clearance: track to pad' clearance 0.2000 mm; actual 0.0938 mm)
    Rule: Clearance: track to pad; error
    @(250.1900 mm, 103.1324 mm): Pad 7 [/USB_MUX/USB2.D+] of U802 on B.Cu
    @(249.6088 mm, 103.1324 mm): Track [/FE2.1/USB4.D+] on B.Cu, length 0.0566 mm
[shorting_items]: Items shorting two nets (nets /FE2.1/USB4.D+ and /USB_MUX/USB2.D+)
    Local override; error
    @(250.1900 mm, 103.1324 mm): Track [/FE2.1/USB4.D+] on B.Cu, length 0.5813 mm
    @(250.1900 mm, 103.1324 mm): Pad 7 [/USB_MUX/USB2.D+] of U802 on B.Cu
[hole_clearance]: Hole clearance violation (rule 'Clearance: track to PTH hole perimeter' clearance 0.3300 mm; actual 0.2642 mm)
    Rule: Clearance: track to PTH hole perimeter; error
    @(248.1312 mm, 104.4061 mm): Track [/FE2.1/USB4.D-] on B.Cu, length 0.0871 mm
    @(248.6312 mm, 104.6132 mm): Via [/FE2.1/USB4.D+] on F.Cu - B.Cu
[clearance]: Clearance violation (rule 'Track spacing, outer layer (1oz copper)' clearance 0.1270 mm; actual 0.1200 mm)
    Rule: Track spacing, outer layer (1oz copper); error
    @(252.1557 mm, 105.5700 mm): Track [/FE2.1/USB4.D+] on B.Cu, length 1.2700 mm
    @(251.0183 mm, 105.2500 mm): Track [/FE2.1/USB4.D-] on B.Cu, length 0.3476 mm
[hole_clearance]: Hole clearance violation (rule 'Clearance: track to PTH hole perimeter' clearance 0.3300 mm; actual 0.2764 mm)
    Rule: Clearance: track to PTH hole perimeter; error
    @(252.9218 mm, 106.1328 mm): Track [/FE2.1/USB4.D-] on B.Cu, length 0.2493 mm
    @(252.4517 mm, 106.3699 mm): Via [/FE2.1/USB4.D+] on F.Cu - B.Cu
[hole_clearance]: Hole clearance violation (rule 'Clearance: track to PTH hole perimeter' clearance 0.3300 mm; actual 0.2764 mm)
    Rule: Clearance: track to PTH hole perimeter; error
    @(248.1312 mm, 104.4485 mm): Track [/FE2.1/USB4.D-] on B.Cu, length 0.0424 mm
    @(248.6312 mm, 104.6132 mm): Via [/FE2.1/USB4.D+] on F.Cu - B.Cu
[shorting_items]: Items shorting two nets (nets /USB_MUX/USB2.D- and /FE2.1/USB4.D-)
    Local override; error
    @(250.1900 mm, 103.5324 mm): Pad 6 [/USB_MUX/USB2.D-] of U802 on B.Cu
    @(250.1900 mm, 103.5324 mm): Track [/FE2.1/USB4.D-] on B.Cu, length 0.5813 mm
[hole_clearance]: Hole clearance violation (rule 'Clearance: track to PTH hole perimeter' clearance 0.3300 mm; actual 0.2764 mm)
    Rule: Clearance: track to PTH hole perimeter; error
    @(247.5837 mm, 104.9960 mm): Track [/FE2.1/USB4.D-] on B.Cu, length 0.7743 mm
    @(248.6312 mm, 104.6132 mm): Via [/FE2.1/USB4.D+] on F.Cu - B.Cu
[hole_clearance]: Hole clearance violation (rule 'Clearance: track to PTH hole perimeter' clearance 0.3300 mm; actual 0.2764 mm)
    Rule: Clearance: track to PTH hole perimeter; error
    @(252.9517 mm, 106.1628 mm): Track [/FE2.1/USB4.D-] on B.Cu, length 0.0424 mm
    @(252.4517 mm, 106.3699 mm): Via [/FE2.1/USB4.D+] on F.Cu - B.Cu
[hole_clearance]: Hole clearance violation (rule 'Clearance: track to PTH hole perimeter' clearance 0.3300 mm; actual 0.2642 mm)
    Rule: Clearance: track to PTH hole perimeter; error
    @(252.9517 mm, 106.2499 mm): Track [/FE2.1/USB4.D-] on B.Cu, length 0.0871 mm
    @(252.4517 mm, 106.3699 mm): Via [/FE2.1/USB4.D+] on F.Cu - B.Cu
[hole_clearance]: Hole clearance violation (rule 'Clearance: track to PTH hole perimeter' clearance 0.3300 mm; actual 0.2642 mm)
    Rule: Clearance: track to PTH hole perimeter; error
    @(248.1928 mm, 104.3445 mm): Track [/FE2.1/USB4.D-] on B.Cu, length 0.1697 mm
    @(248.6312 mm, 104.6132 mm): Via [/FE2.1/USB4.D+] on F.Cu - B.Cu
[clearance]: Clearance violation (rule 'Track spacing, outer layer (1oz copper)' clearance 0.1270 mm; actual 0.1200 mm)
    Rule: Track spacing, outer layer (1oz copper); error
    @(238.8263 mm, 90.2640 mm): Track [/FE2.1/USB4.D-] on B.Cu, length 9.4720 mm
    @(245.2040 mm, 97.0943 mm): Track [/FE2.1/USB4.D+] on B.Cu, length 7.3660 mm
[clearance]: Clearance violation (rule 'Track spacing, outer layer (1oz copper)' clearance 0.1270 mm; actual 0.1200 mm)
    Rule: Track spacing, outer layer (1oz copper); error
    @(246.1923 mm, 104.9960 mm): Track [/FE2.1/USB4.D-] on B.Cu, length 1.3915 mm
    @(247.7163 mm, 105.3160 mm): Track [/FE2.1/USB4.D+] on B.Cu, length 0.9068 mm
[clearance]: Clearance violation (rule 'Track spacing, outer layer (1oz copper)' clearance 0.1270 mm; actual 0.1200 mm)
    Rule: Track spacing, outer layer (1oz copper); error
    @(245.5240 mm, 96.9617 mm): Track [/FE2.1/USB4.D-] on B.Cu, length 7.3660 mm
    @(245.2040 mm, 97.0943 mm): Track [/FE2.1/USB4.D+] on B.Cu, length 7.3660 mm
[clearance]: Clearance violation (rule 'Track spacing, outer layer (1oz copper)' clearance 0.1270 mm; actual 0.1200 mm)
    Rule: Track spacing, outer layer (1oz copper); error
    @(245.5240 mm, 104.3277 mm): Track [/FE2.1/USB4.D-] on B.Cu, length 0.9451 mm
    @(245.2040 mm, 97.0943 mm): Track [/FE2.1/USB4.D+] on B.Cu, length 7.3660 mm
[clearance]: Clearance violation (rule 'Clearance: track to pad' clearance 0.2000 mm; actual 0.1200 mm)
    Rule: Clearance: track to pad; error
    @(250.7725 mm, 105.0042 mm): Track [/FE2.1/USB4.D-] on B.Cu, length 0.7293 mm
    @(250.4525 mm, 104.1949 mm): Pad 5 [/FE2.1/USB4.D+] of U802 on B.Cu
[hole_clearance]: Hole clearance violation (rule 'Clearance: track to PTH hole perimeter' clearance 0.3300 mm; actual 0.2434 mm)
    Rule: Clearance: track to PTH hole perimeter; error
    @(249.0622 mm, 103.4924 mm): Track [/FE2.1/USB4.D-] on B.Cu, length 0.9295 mm
    @(248.6312 mm, 102.3968 mm): Via [/FE2.1/USB4.D+] on F.Cu - B.Cu
[clearance]: Clearance violation (rule 'Track spacing, outer layer (1oz copper)' clearance 0.1270 mm; actual 0.1200 mm)
    Rule: Track spacing, outer layer (1oz copper); error
    @(213.1600 mm, 89.3940 mm): Track [/FE2.1/USB4.D-] on B.Cu, length 0.2663 mm
    @(213.5700 mm, 89.4840 mm): Track [/FE2.1/USB4.D+] on B.Cu, length 0.1273 mm
[clearance]: Clearance violation (rule 'Clearance: track to pad' clearance 0.2000 mm; actual 0.1200 mm)
    Rule: Clearance: track to pad; error
    @(250.7725 mm, 104.2749 mm): Track [/FE2.1/USB4.D-] on B.Cu, length 0.1131 mm
    @(250.4525 mm, 104.1949 mm): Pad 5 [/FE2.1/USB4.D+] of U802 on B.Cu
[clearance]: Clearance violation (rule 'Track spacing, outer layer (1oz copper)' clearance 0.1270 mm; actual 0.1200 mm)
    Rule: Track spacing, outer layer (1oz copper); error
    @(213.0700 mm, 89.4840 mm): Track [/FE2.1/USB4.D-] on B.Cu, length 0.1273 mm
    @(213.5700 mm, 89.4840 mm): Track [/FE2.1/USB4.D+] on B.Cu, length 0.1273 mm
[hole_clearance]: Hole clearance violation (rule 'Clearance: track to PTH hole perimeter' clearance 0.3300 mm; actual 0.2642 mm)
    Rule: Clearance: track to PTH hole perimeter; error
    @(252.4517 mm, 106.3699 mm): Track [/FE2.1/USB4.D+] on F.Cu, length 0.1697 mm
    @(253.0717 mm, 106.3699 mm): Via [/FE2.1/USB4.D-] on F.Cu - B.Cu
[hole_clearance]: Hole clearance violation (rule 'Clearance: track to PTH hole perimeter' clearance 0.3300 mm; actual 0.2434 mm)
    Rule: Clearance: track to PTH hole perimeter; error
    @(248.4049 mm, 102.8352 mm): Track [/FE2.1/USB4.D-] on B.Cu, length 0.2121 mm
    @(248.6312 mm, 102.3968 mm): Via [/FE2.1/USB4.D+] on F.Cu - B.Cu
[hole_clearance]: Hole clearance violation (rule 'Clearance: track to PTH hole perimeter' clearance 0.3300 mm; actual 0.2912 mm)
    Rule: Clearance: track to PTH hole perimeter; error
    @(248.6928 mm, 102.6281 mm): Track [/FE2.1/USB4.D+] on F.Cu, length 1.3396 mm
    @(248.1928 mm, 104.1748 mm): Via [/FE2.1/USB4.D-] on F.Cu - B.Cu
[clearance]: Clearance violation (rule 'Track spacing, outer layer (1oz copper)' clearance 0.1270 mm; actual 0.1200 mm)
    Rule: Track spacing, outer layer (1oz copper); error
    @(216.4740 mm, 88.7120 mm): Track [/FE2.1/USB4.D+] on B.Cu, length 2.6474 mm
    @(218.4785 mm, 90.2640 mm): Track [/FE2.1/USB4.D-] on B.Cu, length 20.3477 mm
[clearance]: Clearance violation (rule 'Track spacing, outer layer (1oz copper)' clearance 0.1270 mm; actual 0.1200 mm)
    Rule: Track spacing, outer layer (1oz copper); error
    @(248.6928 mm, 102.6281 mm): Track [/FE2.1/USB4.D+] on F.Cu, length 1.3396 mm
    @(248.3625 mm, 102.8352 mm): Track [/FE2.1/USB4.D-] on F.Cu, length 0.0146 mm
[hole_clearance]: Hole clearance violation (rule 'Clearance: track to PTH hole perimeter' clearance 0.3300 mm; actual 0.2642 mm)
    Rule: Clearance: track to PTH hole perimeter; error
    @(252.9517 mm, 106.4899 mm): Track [/FE2.1/USB4.D-] on F.Cu, length 0.1697 mm
    @(252.4517 mm, 106.3699 mm): Via [/FE2.1/USB4.D+] on F.Cu - B.Cu
[hole_clearance]: Hole clearance violation (rule 'Clearance: track to PTH hole perimeter' clearance 0.3300 mm; actual 0.2642 mm)
    Rule: Clearance: track to PTH hole perimeter; error
    @(248.6312 mm, 102.5665 mm): Track [/FE2.1/USB4.D+] on F.Cu, length 0.0871 mm
    @(248.1928 mm, 102.8352 mm): Via [/FE2.1/USB4.D-] on F.Cu - B.Cu
[clearance]: Clearance violation (rule 'Clearance: pad/via to pad/via' clearance 0.1270 mm; actual 0.1200 mm)
    Rule: Clearance: pad/via to pad/via; error
    @(252.4517 mm, 106.3699 mm): Via [/FE2.1/USB4.D+] on F.Cu - B.Cu
    @(253.0717 mm, 106.3699 mm): Via [/FE2.1/USB4.D-] on F.Cu - B.Cu
[clearance]: Clearance violation (rule 'Track spacing, outer layer (1oz copper)' clearance 0.1270 mm; actual 0.1200 mm)
    Rule: Track spacing, outer layer (1oz copper); error
    @(249.5688 mm, 103.1724 mm): Track [/FE2.1/USB4.D+] on B.Cu, length 0.3740 mm
    @(249.5688 mm, 103.4924 mm): Track [/FE2.1/USB4.D-] on B.Cu, length 0.5066 mm
[clearance]: Clearance violation (rule 'Clearance: pad/via to pad/via' clearance 0.1270 mm; actual 0.1200 mm)
    Rule: Clearance: pad/via to pad/via; error
    @(248.1928 mm, 104.1748 mm): Via [/FE2.1/USB4.D-] on F.Cu - B.Cu
    @(248.6312 mm, 104.6132 mm): Via [/FE2.1/USB4.D+] on F.Cu - B.Cu
[clearance]: Clearance violation (rule 'Track spacing, outer layer (1oz copper)' clearance 0.1270 mm; actual 0.1200 mm)
    Rule: Track spacing, outer layer (1oz copper); error
    @(252.9218 mm, 105.8835 mm): Track [/FE2.1/USB4.D-] on B.Cu, length 0.8959 mm
    @(252.6017 mm, 106.1328 mm): Track [/FE2.1/USB4.D+] on B.Cu, length 0.1168 mm
[clearance]: Clearance violation (rule 'Track spacing, outer layer (1oz copper)' clearance 0.1270 mm; actual 0.1200 mm)
    Rule: Track spacing, outer layer (1oz copper); error
    @(248.6928 mm, 103.9677 mm): Track [/FE2.1/USB4.D+] on F.Cu, length 0.3718 mm
    @(248.3728 mm, 104.1645 mm): Track [/FE2.1/USB4.D-] on F.Cu, length 0.0146 mm
[clearance]: Clearance violation (rule 'Track spacing, outer layer (1oz copper)' clearance 0.1270 mm; actual 0.1200 mm)
    Rule: Track spacing, outer layer (1oz copper); error
    @(252.1557 mm, 105.5700 mm): Track [/FE2.1/USB4.D+] on B.Cu, length 1.2700 mm
    @(252.2883 mm, 105.2500 mm): Track [/FE2.1/USB4.D-] on B.Cu, length 1.2700 mm
[hole_clearance]: Hole clearance violation (rule 'Clearance: track to PTH hole perimeter' clearance 0.3300 mm; actual 0.2642 mm)
    Rule: Clearance: track to PTH hole perimeter; error
    @(252.9517 mm, 106.5770 mm): Track [/FE2.1/USB4.D-] on F.Cu, length 0.0871 mm
    @(252.4517 mm, 106.3699 mm): Via [/FE2.1/USB4.D+] on F.Cu - B.Cu
[clearance]: Clearance violation (rule 'Clearance: pad/via to pad/via' clearance 0.1270 mm; actual 0.1200 mm)
    Rule: Clearance: pad/via to pad/via; error
    @(248.1928 mm, 102.8352 mm): Via [/FE2.1/USB4.D-] on F.Cu - B.Cu
    @(248.6312 mm, 102.3968 mm): Via [/FE2.1/USB4.D+] on F.Cu - B.Cu
[clearance]: Clearance violation (rule 'Track spacing, outer layer (1oz copper)' clearance 0.1270 mm; actual 0.1200 mm)
    Rule: Track spacing, outer layer (1oz copper); error
    @(248.3728 mm, 102.8455 mm): Track [/FE2.1/USB4.D-] on F.Cu, length 1.3190 mm
    @(248.6928 mm, 102.6281 mm): Track [/FE2.1/USB4.D+] on F.Cu, length 1.3396 mm
[hole_clearance]: Hole clearance violation (board setup constraints hole clearance 0.2500 mm; actual 0.2200 mm)
    Rule: board setup constraints hole; error
    @(248.1928 mm, 104.1748 mm): Via [/FE2.1/USB4.D-] on F.Cu - B.Cu
    @(248.6312 mm, 104.6132 mm): Via [/FE2.1/USB4.D+] on F.Cu - B.Cu
[hole_clearance]: Hole clearance violation (board setup constraints hole clearance 0.2500 mm; actual 0.2200 mm)
    Rule: board setup constraints hole; error
    @(252.4517 mm, 106.3699 mm): Via [/FE2.1/USB4.D+] on F.Cu - B.Cu
    @(253.0717 mm, 106.3699 mm): Via [/FE2.1/USB4.D-] on F.Cu - B.Cu
[hole_clearance]: Hole clearance violation (board setup constraints hole clearance 0.2500 mm; actual 0.2200 mm)
    Rule: board setup constraints hole; error
    @(248.1928 mm, 102.8352 mm): Via [/FE2.1/USB4.D-] on F.Cu - B.Cu
    @(248.6312 mm, 102.3968 mm): Via [/FE2.1/USB4.D+] on F.Cu - B.Cu
[hole_clearance]: Hole clearance violation (rule 'Clearance: track to PTH hole perimeter' clearance 0.3300 mm; actual 0.2642 mm)
    Rule: Clearance: track to PTH hole perimeter; error
    @(248.1928 mm, 102.8352 mm): Track [/FE2.1/USB4.D-] on F.Cu, length 0.1697 mm
    @(248.6312 mm, 102.3968 mm): Via [/FE2.1/USB4.D+] on F.Cu - B.Cu
[hole_clearance]: Hole clearance violation (board setup constraints hole clearance 0.2500 mm; actual 0.2200 mm)
    Rule: board setup constraints hole; error
    @(248.1928 mm, 104.1748 mm): Via [/FE2.1/USB4.D-] on F.Cu - B.Cu
    @(248.6312 mm, 104.6132 mm): Via [/FE2.1/USB4.D+] on F.Cu - B.Cu
[hole_clearance]: Hole clearance violation (board setup constraints hole clearance 0.2500 mm; actual 0.2200 mm)
    Rule: board setup constraints hole; error
    @(252.4517 mm, 106.3699 mm): Via [/FE2.1/USB4.D+] on F.Cu - B.Cu
    @(253.0717 mm, 106.3699 mm): Via [/FE2.1/USB4.D-] on F.Cu - B.Cu
[hole_clearance]: Hole clearance violation (rule 'Clearance: track to PTH hole perimeter' clearance 0.3300 mm; actual 0.2642 mm)
    Rule: Clearance: track to PTH hole perimeter; error
    @(248.3625 mm, 104.1748 mm): Track [/FE2.1/USB4.D-] on F.Cu, length 0.1697 mm
    @(248.6312 mm, 104.6132 mm): Via [/FE2.1/USB4.D+] on F.Cu - B.Cu
[hole_clearance]: Hole clearance violation (board setup constraints hole clearance 0.2500 mm; actual 0.2200 mm)
    Rule: board setup constraints hole; error
    @(248.1928 mm, 102.8352 mm): Via [/FE2.1/USB4.D-] on F.Cu - B.Cu
    @(248.6312 mm, 102.3968 mm): Via [/FE2.1/USB4.D+] on F.Cu - B.Cu
[clearance]: Clearance violation (rule 'Clearance: track to pad' clearance 0.2000 mm; actual 0.1549 mm)
    Rule: Clearance: track to pad; error
    @(217.5920 mm, 95.9840 mm): Track [/FE2.1/XIN] on B.Cu, length 1.3831 mm
    @(219.1340 mm, 96.0120 mm): Pad 4 [GND] of X2 on B.Cu
[clearance]: Clearance violation (rule 'Clearance: track to pad' clearance 0.2000 mm; actual 0.1500 mm)
    Rule: Clearance: track to pad; error
    @(218.5700 mm, 96.9620 mm): Track [/FE2.1/XIN] on B.Cu, length 1.2140 mm
    @(219.1340 mm, 96.0120 mm): Pad 4 [GND] of X2 on B.Cu
[clearance]: Clearance violation (rule 'Track spacing, outer layer (1oz copper)' clearance 0.1270 mm; actual 0.1200 mm)
    Rule: Track spacing, outer layer (1oz copper); error
    @(211.4800 mm, 99.5940 mm): Track [/FE2.1/USB_IN.D-] on B.Cu, length 3.2017 mm
    @(211.1600 mm, 102.9283 mm): Track [/FE2.1/USB_IN.D+] on B.Cu, length 1.9399 mm
[clearance]: Clearance violation (rule 'Track spacing, outer layer (1oz copper)' clearance 0.1270 mm; actual 0.1200 mm)
    Rule: Track spacing, outer layer (1oz copper); error
    @(211.0700 mm, 99.5040 mm): Track [/FE2.1/USB_IN.D+] on B.Cu, length 0.1273 mm
    @(211.4800 mm, 99.5940 mm): Track [/FE2.1/USB_IN.D-] on B.Cu, length 3.2017 mm
[hole_clearance]: Hole clearance violation (rule 'Clearance: track to PTH hole perimeter' clearance 0.3300 mm; actual 0.2434 mm)
    Rule: Clearance: track to PTH hole perimeter; error
    @(216.2580 mm, 104.3000 mm): Track [/FE2.1/USB_IN.D+] on B.Cu, length 0.2121 mm
    @(216.4080 mm, 103.8300 mm): Via [/FE2.1/USB_IN.D-] on F.Cu - B.Cu
[clearance]: Clearance violation (rule 'Track spacing, outer layer (1oz copper)' clearance 0.1270 mm; actual 0.1200 mm)
    Rule: Track spacing, outer layer (1oz copper); error
    @(211.1600 mm, 99.5940 mm): Track [/FE2.1/USB_IN.D+] on B.Cu, length 3.3343 mm
    @(211.4800 mm, 99.5940 mm): Track [/FE2.1/USB_IN.D-] on B.Cu, length 3.2017 mm
[clearance]: Clearance violation (rule 'Clearance: track to pad' clearance 0.2000 mm; actual 0.1567 mm)
    Rule: Clearance: track to pad; error
    @(212.0905 mm, 99.8300 mm): Pad 1 [/FE2.1/VD18] of C33 on B.Cu
    @(211.5700 mm, 99.5040 mm): Track [/FE2.1/USB_IN.D-] on B.Cu, length 0.1273 mm
[hole_clearance]: Hole clearance violation (rule 'Clearance: track to PTH hole perimeter' clearance 0.3300 mm; actual 0.2434 mm)
    Rule: Clearance: track to PTH hole perimeter; error
    @(212.5317 mm, 104.3000 mm): Track [/FE2.1/USB_IN.D+] on B.Cu, length 3.7263 mm
    @(216.4080 mm, 103.8300 mm): Via [/FE2.1/USB_IN.D-] on F.Cu - B.Cu
[clearance]: Clearance violation (rule 'Track spacing, outer layer (1oz copper)' clearance 0.1270 mm; actual 0.1200 mm)
    Rule: Track spacing, outer layer (1oz copper); error
    @(222.6337 mm, 94.3900 mm): Track [/FE2.1/USB_IN.D-] on F.Cu, length 31.7325 mm
    @(254.2337 mm, 94.7100 mm): Track [/FE2.1/USB_IN.D+] on F.Cu, length 0.2787 mm
[clearance]: Clearance violation (rule 'Track spacing, outer layer (1oz copper)' clearance 0.1270 mm; actual 0.1200 mm)
    Rule: Track spacing, outer layer (1oz copper); error
    @(220.8900 mm, 96.1337 mm): Track [/FE2.1/USB_IN.D-] on F.Cu, length 2.4660 mm
    @(222.7663 mm, 94.7100 mm): Track [/FE2.1/USB_IN.D+] on F.Cu, length 31.4675 mm
[clearance]: Clearance violation (rule 'Clearance: track to pad' clearance 0.2000 mm; actual 0.1567 mm)
    Rule: Clearance: track to pad; error
    @(212.0905 mm, 99.8300 mm): Pad 1 [/FE2.1/VD18] of C33 on B.Cu
    @(211.5700 mm, 98.3940 mm): Track [/FE2.1/USB_IN.D-] on B.Cu, length 1.1100 mm
[hole_clearance]: Hole clearance violation (rule 'Clearance: track to PTH hole perimeter' clearance 0.3300 mm; actual 0.2642 mm)
    Rule: Clearance: track to PTH hole perimeter; error
    @(216.5280 mm, 103.9500 mm): Track [/FE2.1/USB_IN.D-] on F.Cu, length 0.0871 mm
    @(216.4080 mm, 104.4500 mm): Via [/FE2.1/USB_IN.D+] on F.Cu - B.Cu
[clearance]: Clearance violation (rule 'Track spacing, outer layer (1oz copper)' clearance 0.1270 mm; actual 0.1200 mm)
    Rule: Track spacing, outer layer (1oz copper); error
    @(218.1100 mm, 101.7163 mm): Track [/FE2.1/USB_IN.D+] on F.Cu, length 4.3841 mm
    @(217.7900 mm, 103.0837 mm): Track [/FE2.1/USB_IN.D-] on F.Cu, length 1.5000 mm
[clearance]: Clearance violation (rule 'Track spacing, outer layer (1oz copper)' clearance 0.1270 mm; actual 0.1200 mm)
    Rule: Track spacing, outer layer (1oz copper); error
    @(254.3663 mm, 94.3900 mm): Track [/FE2.1/USB_IN.D-] on F.Cu, length 0.4112 mm
    @(254.4308 mm, 94.9071 mm): Track [/FE2.1/USB_IN.D+] on F.Cu, length 0.2121 mm
[hole_clearance]: Hole clearance violation (rule 'Clearance: track to PTH hole perimeter' clearance 0.3300 mm; actual 0.2434 mm)
    Rule: Clearance: track to PTH hole perimeter; error
    @(254.3663 mm, 94.3900 mm): Track [/FE2.1/USB_IN.D-] on F.Cu, length 0.4112 mm
    @(254.4308 mm, 95.1192 mm): Via [/FE2.1/USB_IN.D+] on F.Cu - B.Cu
[clearance]: Clearance violation (rule 'Track spacing, outer layer (1oz copper)' clearance 0.1270 mm; actual 0.1200 mm)
    Rule: Track spacing, outer layer (1oz copper); error
    @(221.2100 mm, 96.2663 mm): Track [/FE2.1/USB_IN.D+] on F.Cu, length 2.2009 mm
    @(220.8900 mm, 96.1337 mm): Track [/FE2.1/USB_IN.D-] on F.Cu, length 2.4660 mm
[clearance]: Clearance violation (rule 'Track spacing, outer layer (1oz copper)' clearance 0.1270 mm; actual 0.1200 mm)
    Rule: Track spacing, outer layer (1oz copper); error
    @(221.2100 mm, 98.6163 mm): Track [/FE2.1/USB_IN.D+] on F.Cu, length 2.3500 mm
    @(220.8900 mm, 96.1337 mm): Track [/FE2.1/USB_IN.D-] on F.Cu, length 2.4660 mm
[clearance]: Clearance violation (rule 'Track spacing, outer layer (1oz copper)' clearance 0.1270 mm; actual 0.1200 mm)
    Rule: Track spacing, outer layer (1oz copper); error
    @(216.6151 mm, 104.3300 mm): Track [/FE2.1/USB_IN.D+] on F.Cu, length 0.0424 mm
    @(216.6451 mm, 103.9800 mm): Track [/FE2.1/USB_IN.D-] on F.Cu, length 0.2486 mm
[clearance]: Clearance violation (rule 'Track spacing, outer layer (1oz copper)' clearance 0.1270 mm; actual 0.1200 mm)
    Rule: Track spacing, outer layer (1oz copper); error
    @(218.1100 mm, 103.2163 mm): Track [/FE2.1/USB_IN.D+] on F.Cu, length 1.5000 mm
    @(217.7900 mm, 103.0837 mm): Track [/FE2.1/USB_IN.D-] on F.Cu, length 1.5000 mm
[clearance]: Clearance violation (rule 'Track spacing, outer layer (1oz copper)' clearance 0.1270 mm; actual 0.1200 mm)
    Rule: Track spacing, outer layer (1oz copper); error
    @(217.0263 mm, 104.3000 mm): Track [/FE2.1/USB_IN.D+] on F.Cu, length 1.5326 mm
    @(217.7900 mm, 103.0837 mm): Track [/FE2.1/USB_IN.D-] on F.Cu, length 1.5000 mm
[clearance]: Clearance violation (rule 'Clearance: pad/via to pad/via' clearance 0.1270 mm; actual 0.1200 mm)
    Rule: Clearance: pad/via to pad/via; error
    @(216.4080 mm, 103.8300 mm): Via [/FE2.1/USB_IN.D-] on F.Cu - B.Cu
    @(216.4080 mm, 104.4500 mm): Via [/FE2.1/USB_IN.D+] on F.Cu - B.Cu
[hole_clearance]: Hole clearance violation (board setup constraints hole clearance 0.2500 mm; actual 0.2200 mm)
    Rule: board setup constraints hole; error
    @(216.4080 mm, 103.8300 mm): Via [/FE2.1/USB_IN.D-] on F.Cu - B.Cu
    @(216.4080 mm, 104.4500 mm): Via [/FE2.1/USB_IN.D+] on F.Cu - B.Cu
[hole_clearance]: Hole clearance violation (rule 'Clearance: track to PTH hole perimeter' clearance 0.3300 mm; actual 0.2642 mm)
    Rule: Clearance: track to PTH hole perimeter; error
    @(216.5280 mm, 104.3300 mm): Track [/FE2.1/USB_IN.D+] on F.Cu, length 0.0871 mm
    @(216.4080 mm, 103.8300 mm): Via [/FE2.1/USB_IN.D-] on F.Cu - B.Cu
[clearance]: Clearance violation (rule 'Clearance: pad/via to pad/via' clearance 0.1270 mm; actual 0.1200 mm)
    Rule: Clearance: pad/via to pad/via; error
    @(254.8692 mm, 94.6808 mm): Via [/FE2.1/USB_IN.D-] on F.Cu - B.Cu
    @(254.4308 mm, 95.1192 mm): Via [/FE2.1/USB_IN.D+] on F.Cu - B.Cu
[hole_clearance]: Hole clearance violation (board setup constraints hole clearance 0.2500 mm; actual 0.2200 mm)
    Rule: board setup constraints hole; error
    @(216.4080 mm, 103.8300 mm): Via [/FE2.1/USB_IN.D-] on F.Cu - B.Cu
    @(216.4080 mm, 104.4500 mm): Via [/FE2.1/USB_IN.D+] on F.Cu - B.Cu
[hole_clearance]: Hole clearance violation (board setup constraints hole clearance 0.2500 mm; actual 0.2200 mm)
    Rule: board setup constraints hole; error
    @(254.8692 mm, 94.6808 mm): Via [/FE2.1/USB_IN.D-] on F.Cu - B.Cu
    @(254.4308 mm, 95.1192 mm): Via [/FE2.1/USB_IN.D+] on F.Cu - B.Cu
[hole_clearance]: Hole clearance violation (board setup constraints hole clearance 0.2500 mm; actual 0.2200 mm)
    Rule: board setup constraints hole; error
    @(254.8692 mm, 94.6808 mm): Via [/FE2.1/USB_IN.D-] on F.Cu - B.Cu
    @(254.4308 mm, 95.1192 mm): Via [/FE2.1/USB_IN.D+] on F.Cu - B.Cu
[clearance]: Clearance violation (rule 'Clearance: track to pad' clearance 0.2000 mm; actual 0.1939 mm)
    Rule: Clearance: track to pad; error
    @(254.4625 mm, 96.2109 mm): Track [/FE2.1/USB_IN.D+] on B.Cu, length 1.0600 mm
    @(253.8000 mm, 96.3734 mm): Pad 10 [Net-(U801-SEL)] of U801 on B.Cu
[hole_clearance]: Hole clearance violation (rule 'Clearance: track to PTH hole perimeter' clearance 0.3300 mm; actual 0.2500 mm)
    Rule: Clearance: track to PTH hole perimeter; error
    @(204.4904 mm, 95.4840 mm): Track [/FE2.1/XRSTJ] on B.Cu, length 2.1696 mm
    @(204.9500 mm, 95.9840 mm): Via [GND] on F.Cu - B.Cu
[hole_clearance]: Hole clearance violation (rule 'Clearance: track to PTH hole perimeter' clearance 0.3300 mm; actual 0.2500 mm)
    Rule: Clearance: track to PTH hole perimeter; error
    @(210.5700 mm, 90.0740 mm): Track [/FE2.1/VD18] on B.Cu, length 1.7960 mm
    @(211.0700 mm, 91.5000 mm): Via [/FE2.1/LED[4]] on F.Cu - B.Cu
[clearance]: Clearance violation (rule 'Clearance: track to pad' clearance 0.2000 mm; actual 0.1786 mm)
    Rule: Clearance: track to pad; error
    @(210.0700 mm, 98.3940 mm): Pad 32 [/FE2.1/USB5.D-] of U4 on B.Cu
    @(210.0160 mm, 97.1000 mm): Track [/FE2.1/VD33] on B.Cu, length 0.7835 mm
[clearance]: Clearance violation (rule 'Clearance: track to pad' clearance 0.2000 mm; actual 0.1786 mm)
    Rule: Clearance: track to pad; error
    @(208.5700 mm, 98.3940 mm): Pad 35 [/FE2.1/USB6.D+] of U4 on B.Cu
    @(208.6240 mm, 97.1000 mm): Track [/FE2.1/VD33] on B.Cu, length 0.7835 mm
[hole_clearance]: Hole clearance violation (rule 'Clearance: track to PTH hole perimeter' clearance 0.3300 mm; actual 0.2500 mm)
    Rule: Clearance: track to PTH hole perimeter; error
    @(204.4505 mm, 94.9840 mm): Track [/FE2.1/VBUSM] on B.Cu, length 2.2095 mm
    @(205.2500 mm, 94.4840 mm): Via [/FE2.1/VD33] on F.Cu - B.Cu
[hole_clearance]: Hole clearance violation (rule 'Clearance: track to PTH hole perimeter' clearance 0.3300 mm; actual 0.3157 mm)
    Rule: Clearance: track to PTH hole perimeter; error
    @(213.5700 mm, 96.9700 mm): Track [/FE2.1/VD18] on B.Cu, length 1.2394 mm
    @(212.7500 mm, 96.9500 mm): Via [/FE2.1/VD33] on F.Cu - B.Cu
[hole_clearance]: Hole clearance violation (rule 'Clearance: track to PTH hole perimeter' clearance 0.3300 mm; actual 0.2500 mm)
    Rule: Clearance: track to PTH hole perimeter; error
    @(210.8500 mm, 94.6500 mm): Track [/FE2.1/VD33] on F.Cu, length 2.3000 mm
    @(211.3500 mm, 96.2500 mm): Via [/FE2.1/LED[3]] on F.Cu - B.Cu
[shorting_items]: Items shorting two nets (nets +3V3 and GND)
    Local override; error
    @(147.0580 mm, 108.4580 mm): Track [+3V3] on B.Cu, length 0.7071 mm
    @(147.0580 mm, 108.4580 mm): Pad 2 [GND] of R26 on B.Cu
[clearance]: Clearance violation (rule 'Clearance: track to pad' clearance 0.2000 mm; actual 0.1984 mm)
    Rule: Clearance: track to pad; error
    @(146.5580 mm, 107.9580 mm): Track [+3V3] on B.Cu, length 9.8660 mm
    @(147.0580 mm, 108.4580 mm): Pad 2 [GND] of R26 on B.Cu
[hole_clearance]: Hole clearance violation (rule 'Clearance: track to PTH hole perimeter' clearance 0.3300 mm; actual 0.2780 mm)
    Rule: Clearance: track to PTH hole perimeter; error
    @(202.0070 mm, 96.5620 mm): Track [+3V3] on F.Cu, length 3.2810 mm
    @(204.9500 mm, 95.9840 mm): Via [GND] on F.Cu - B.Cu
[hole_clearance]: Hole clearance violation (rule 'Clearance: track to PTH hole perimeter' clearance 0.3300 mm; actual 0.3137 mm)
    Rule: Clearance: track to PTH hole perimeter; error
    @(208.4000 mm, 96.0000 mm): Track [+3V3] on F.Cu, length 1.7000 mm
    @(207.7863 mm, 96.2939 mm): Via [/FE2.1/LED[4]] on F.Cu - B.Cu
[hole_clearance]: Hole clearance violation (rule 'Clearance: track to PTH hole perimeter' clearance 0.3300 mm; actual 0.2885 mm)
    Rule: Clearance: track to PTH hole perimeter; error
    @(210.1500 mm, 96.5000 mm): Track [/FE2.1/LED[1]] on F.Cu, length 1.8500 mm
    @(209.6500 mm, 94.4500 mm): Via [/FE2.1/LED[2]] on F.Cu - B.Cu
[hole_clearance]: Hole clearance violation (rule 'Clearance: track to PTH hole perimeter' clearance 0.3300 mm; actual 0.2885 mm)
    Rule: Clearance: track to PTH hole perimeter; error
    @(210.1500 mm, 94.6500 mm): Track [/FE2.1/LED[1]] on F.Cu, length 1.4849 mm
    @(209.6500 mm, 94.4500 mm): Via [/FE2.1/LED[2]] on F.Cu - B.Cu
[hole_clearance]: Hole clearance violation (rule 'Clearance: track to PTH hole perimeter' clearance 0.3300 mm; actual 0.2500 mm)
    Rule: Clearance: track to PTH hole perimeter; error
    @(226.8500 mm, 93.1000 mm): Track [/FE2.1/LED[1]] on F.Cu, length 17.1500 mm
    @(227.3500 mm, 92.6000 mm): Via [/FE2.1/LED[2]] on F.Cu - B.Cu
[hole_clearance]: Hole clearance violation (rule 'Clearance: track to PTH hole perimeter' clearance 0.3300 mm; actual 0.2839 mm)
    Rule: Clearance: track to PTH hole perimeter; error
    @(218.3550 mm, 93.6000 mm): Track [/FE2.1/LED[1]] on F.Cu, length 1.7678 mm
    @(218.7000 mm, 92.5000 mm): Via [GND] on F.Cu - B.Cu
[hole_clearance]: Hole clearance violation (rule 'Clearance: track to PTH hole perimeter' clearance 0.3300 mm; actual 0.2500 mm)
    Rule: Clearance: track to PTH hole perimeter; error
    @(219.6050 mm, 92.3500 mm): Track [/FE2.1/LED[1]] on F.Cu, length 6.4950 mm
    @(225.3000 mm, 92.8500 mm): Via [/FE2.1/LED[3]] on F.Cu - B.Cu
[clearance]: Clearance violation (rule 'Clearance: track to pad' clearance 0.2000 mm; actual 0.1530 mm)
    Rule: Clearance: track to pad; error
    @(166.6775 mm, 200.7010 mm): Track [Net-(U1-VIN)] on B.Cu, length 4.3385 mm
    @(164.1820 mm, 201.5540 mm): Pad 1 [Net-(U1-VCC)] of C2 on B.Cu
[hole_clearance]: Hole clearance violation (rule 'Clearance: track to PTH hole perimeter' clearance 0.3300 mm; actual 0.3182 mm)
    Rule: Clearance: track to PTH hole perimeter; error
    @(212.1500 mm, 92.3500 mm): Track [+5V] on B.Cu, length 0.8202 mm
    @(211.0700 mm, 91.5000 mm): Via [/FE2.1/LED[4]] on F.Cu - B.Cu
[hole_clearance]: Hole clearance violation (rule 'Clearance: track to PTH hole perimeter' clearance 0.3300 mm; actual 0.2500 mm)
    Rule: Clearance: track to PTH hole perimeter; error
    @(211.5700 mm, 91.7700 mm): Track [+5V] on B.Cu, length 1.6960 mm
    @(211.0700 mm, 91.5000 mm): Via [/FE2.1/LED[4]] on F.Cu - B.Cu
[hole_clearance]: Hole clearance violation (rule 'Clearance: track to PTH hole perimeter' clearance 0.3300 mm; actual 0.2500 mm)
    Rule: Clearance: track to PTH hole perimeter; error
    @(215.7500 mm, 92.8500 mm): Track [/FE2.1/LED[2]] on F.Cu, length 4.5000 mm
    @(212.1500 mm, 92.3500 mm): Via [+5V] on F.Cu - B.Cu
[hole_clearance]: Hole clearance violation (rule 'Clearance: track to PTH hole perimeter' clearance 0.3300 mm; actual 0.3157 mm)
    Rule: Clearance: track to PTH hole perimeter; error
    @(212.0700 mm, 91.4700 mm): Track [/FE2.1/VD33] on B.Cu, length 1.3859 mm
    @(212.1500 mm, 92.3500 mm): Via [+5V] on F.Cu - B.Cu
[clearance]: Clearance violation (rule 'Clearance: track to pad' clearance 0.2000 mm; actual 0.1760 mm)
    Rule: Clearance: track to pad; error
    @(174.5000 mm, 201.8360 mm): Track [+5V] on B.Cu, length 1.6640 mm
    @(175.3260 mm, 203.9620 mm): Pad 2 [GND] of C10 on B.Cu
[clearance]: Clearance violation (rule 'Clearance: track to pad' clearance 0.2000 mm; actual 0.1760 mm)
    Rule: Clearance: track to pad; error
    @(174.5000 mm, 203.5000 mm): Track [+5V] on B.Cu, length 1.0041 mm
    @(175.3260 mm, 203.9620 mm): Pad 2 [GND] of C10 on B.Cu
[clearance]: Clearance violation (rule 'Clearance: track to pad' clearance 0.2000 mm; actual 0.1500 mm)
    Rule: Clearance: track to pad; error
    @(173.2280 mm, 205.0200 mm): Pad 2 [GND] of R12 on B.Cu
    @(173.7900 mm, 204.2100 mm): Track [+5V] on B.Cu, length 2.9400 mm
[clearance]: Clearance violation (rule 'Clearance: track to pad' clearance 0.2000 mm; actual 0.1500 mm)
    Rule: Clearance: track to pad; error
    @(261.3657 mm, 111.2523 mm): PTH pad b2 [/Ext-conn-M/Index] of J21
    @(262.4952 mm, 110.9323 mm): Track [/Port6/USB.D+] on B.Cu, length 0.9970 mm
[clearance]: Clearance violation (rule 'Clearance: track to pad' clearance 0.2000 mm; actual 0.1200 mm)
    Rule: Clearance: track to pad; error
    @(258.4435 mm, 110.2273 mm): Track [/Port6/USB.D+] on B.Cu, length 0.9970 mm
    @(258.8257 mm, 111.2523 mm): PTH pad a2 [/Port6/USB.D-] of J21
[clearance]: Clearance violation (rule 'Clearance: track to pad' clearance 0.2000 mm; actual 0.1500 mm)
    Rule: Clearance: track to pad; error
    @(261.3657 mm, 111.2523 mm): PTH pad b2 [/Ext-conn-M/Index] of J21
    @(261.7902 mm, 110.2273 mm): Track [/Port6/USB.D+] on B.Cu, length 3.3467 mm
[clearance]: Clearance violation (rule 'Track spacing, outer layer (1oz copper)' clearance 0.1270 mm; actual 0.1200 mm)
    Rule: Track spacing, outer layer (1oz copper); error
    @(255.1760 mm, 109.6340 mm): Track [/Port6/USB.D+] on B.Cu, length 5.0523 mm
    @(254.6160 mm, 106.2865 mm): Track (arc) [/Port6/USB.D-] on B.Cu, length 0.3770 mm
[clearance]: Clearance violation (rule 'Track spacing, outer layer (1oz copper)' clearance 0.1270 mm; actual 0.1200 mm)
    Rule: Track spacing, outer layer (1oz copper); error
    @(254.6160 mm, 107.4865 mm): Track (arc) [/Port6/USB.D-] on B.Cu, length 0.3770 mm
    @(255.1760 mm, 109.6340 mm): Track [/Port6/USB.D+] on B.Cu, length 5.0523 mm
[clearance]: Clearance violation (rule 'Track spacing, outer layer (1oz copper)' clearance 0.1270 mm; actual 0.1200 mm)
    Rule: Track spacing, outer layer (1oz copper); error
    @(254.6160 mm, 107.3665 mm): Track (arc) [/Port6/USB.D-] on B.Cu, length 0.3770 mm
    @(255.1760 mm, 109.6340 mm): Track [/Port6/USB.D+] on B.Cu, length 5.0523 mm
[clearance]: Clearance violation (rule 'Track spacing, outer layer (1oz copper)' clearance 0.1270 mm; actual 0.1200 mm)
    Rule: Track spacing, outer layer (1oz copper); error
    @(254.6160 mm, 108.5665 mm): Track (arc) [/Port6/USB.D-] on B.Cu, length 0.3770 mm
    @(255.1760 mm, 109.6340 mm): Track [/Port6/USB.D+] on B.Cu, length 5.0523 mm
[clearance]: Clearance violation (rule 'Track spacing, outer layer (1oz copper)' clearance 0.1270 mm; actual 0.1200 mm)
    Rule: Track spacing, outer layer (1oz copper); error
    @(256.4743 mm, 110.9323 mm): Track [/Port6/USB.D+] on B.Cu, length 1.8360 mm
    @(255.4083 mm, 110.6583 mm): Track (arc) [/Port6/USB.D-] on B.Cu, length 0.3770 mm
[clearance]: Clearance violation (rule 'Track spacing, outer layer (1oz copper)' clearance 0.1270 mm; actual 0.1200 mm)
    Rule: Track spacing, outer layer (1oz copper); error
    @(255.1760 mm, 104.5817 mm): Track [/Port6/USB.D+] on B.Cu, length 2.0496 mm
    @(254.8560 mm, 106.1665 mm): Track [/Port6/USB.D-] on B.Cu, length 1.4523 mm
[clearance]: Clearance violation (rule 'Track spacing, outer layer (1oz copper)' clearance 0.1270 mm; actual 0.1200 mm)
    Rule: Track spacing, outer layer (1oz copper); error
    @(257.7385 mm, 110.9323 mm): Track [/Port6/USB.D+] on B.Cu, length 1.2643 mm
    @(258.8257 mm, 111.2523 mm): Track [/Port6/USB.D-] on B.Cu, length 1.7443 mm
[clearance]: Clearance violation (rule 'Track spacing, outer layer (1oz copper)' clearance 0.1270 mm; actual 0.1200 mm)
    Rule: Track spacing, outer layer (1oz copper); error
    @(255.1760 mm, 104.5817 mm): Track [/Port6/USB.D+] on B.Cu, length 2.0496 mm
    @(254.8560 mm, 104.7143 mm): Track [/Port6/USB.D-] on B.Cu, length 1.7845 mm
[clearance]: Clearance violation (rule 'Track spacing, outer layer (1oz copper)' clearance 0.1270 mm; actual 0.1200 mm)
    Rule: Track spacing, outer layer (1oz copper); error
    @(253.5942 mm, 103.4524 mm): Track [/Port6/USB.D-] on B.Cu, length 0.4399 mm
    @(255.1760 mm, 104.5817 mm): Track [/Port6/USB.D+] on B.Cu, length 2.0496 mm
[clearance]: Clearance violation (rule 'Track spacing, outer layer (1oz copper)' clearance 0.1270 mm; actual 0.1200 mm)
    Rule: Track spacing, outer layer (1oz copper); error
    @(254.8560 mm, 107.4865 mm): Track [/Port6/USB.D-] on B.Cu, length 0.1200 mm
    @(255.1760 mm, 109.6340 mm): Track [/Port6/USB.D+] on B.Cu, length 5.0523 mm
[clearance]: Clearance violation (rule 'Track spacing, outer layer (1oz copper)' clearance 0.1270 mm; actual 0.1200 mm)
    Rule: Track spacing, outer layer (1oz copper); error
    @(256.4743 mm, 110.9323 mm): Track [/Port6/USB.D+] on B.Cu, length 1.8360 mm
    @(255.5780 mm, 110.4886 mm): Track [/Port6/USB.D-] on B.Cu, length 0.1200 mm
[clearance]: Clearance violation (rule 'Track spacing, outer layer (1oz copper)' clearance 0.1270 mm; actual 0.1200 mm)
    Rule: Track spacing, outer layer (1oz copper); error
    @(254.8560 mm, 106.2865 mm): Track [/Port6/USB.D-] on B.Cu, length 0.1200 mm
    @(255.1760 mm, 109.6340 mm): Track [/Port6/USB.D+] on B.Cu, length 5.0523 mm
[clearance]: Clearance violation (rule 'Track spacing, outer layer (1oz copper)' clearance 0.1270 mm; actual 0.1200 mm)
    Rule: Track spacing, outer layer (1oz copper); error
    @(256.4743 mm, 110.9323 mm): Track [/Port6/USB.D+] on B.Cu, length 1.8360 mm
    @(255.4932 mm, 110.4037 mm): Track [/Port6/USB.D-] on B.Cu, length 0.6500 mm
[clearance]: Clearance violation (rule 'Clearance: track to pad' clearance 0.2000 mm; actual 0.1939 mm)
    Rule: Clearance: track to pad; error
    @(251.2525 mm, 102.4699 mm): Pad 10 [Net-(U802-SEL)] of U802 on B.Cu
    @(253.7267 mm, 103.1324 mm): Track [/Port6/USB.D+] on B.Cu, length 2.3117 mm
[clearance]: Clearance violation (rule 'Track spacing, outer layer (1oz copper)' clearance 0.1270 mm; actual 0.1220 mm)
    Rule: Track spacing, outer layer (1oz copper); error
    @(194.0573 mm, 96.5740 mm): Track [/Ext-Connector/USB.D+] on B.Cu, length 7.1120 mm
    @(201.0360 mm, 96.8960 mm): Track [/Ext-Connector/USB.D-] on B.Cu, length 7.1120 mm
[clearance]: Clearance violation (rule 'Track spacing, outer layer (1oz copper)' clearance 0.1270 mm; actual 0.1200 mm)
    Rule: Track spacing, outer layer (1oz copper); error
    @(154.2720 mm, 101.0535 mm): Track [/Ext-Connector/USB.D+] on B.Cu, length 6.8638 mm
    @(159.2580 mm, 96.5200 mm): Track [/Ext-Connector/USB.D-] on B.Cu, length 6.5987 mm
[clearance]: Clearance violation (rule 'Track spacing, outer layer (1oz copper)' clearance 0.1270 mm; actual 0.1200 mm)
    Rule: Track spacing, outer layer (1oz copper); error
    @(154.5920 mm, 101.1860 mm): Track [/Ext-Connector/USB.D-] on B.Cu, length 5.5603 mm
    @(154.0689 mm, 106.8168 mm): Track [/Ext-Connector/USB.D+] on B.Cu, length 0.2872 mm
[clearance]: Clearance violation (rule 'Track spacing, outer layer (1oz copper)' clearance 0.1270 mm; actual 0.1200 mm)
    Rule: Track spacing, outer layer (1oz copper); error
    @(144.0156 mm, 111.2508 mm): Track [/Ext-Connector/USB.D+] on B.Cu, length 1.5553 mm
    @(145.1027 mm, 111.5708 mm): Track [/Ext-Connector/USB.D-] on B.Cu, length 0.9970 mm
[clearance]: Clearance violation (rule 'Clearance: track to pad' clearance 0.2000 mm; actual 0.1500 mm)
    Rule: Clearance: track to pad; error
    @(141.4756 mm, 111.2508 mm): PTH pad b31 [/Ext-Connector/Index] of J2
    @(141.0510 mm, 112.2758 mm): Track [/Ext-Connector/USB.D-] on B.Cu, length 0.9970 mm
[clearance]: Clearance violation (rule 'Track spacing, outer layer (1oz copper)' clearance 0.1270 mm; actual 0.1200 mm)
    Rule: Track spacing, outer layer (1oz copper); error
    @(251.5950 mm, 103.4524 mm): Track [/Port6/USB.D-] on B.Cu, length 0.1131 mm
    @(253.7267 mm, 103.1324 mm): Track [/Port6/USB.D+] on B.Cu, length 2.3117 mm
[clearance]: Clearance violation (rule 'Track spacing, outer layer (1oz copper)' clearance 0.1270 mm; actual 0.1200 mm)
    Rule: Track spacing, outer layer (1oz copper); error
    @(253.1543 mm, 103.4524 mm): Track [/Port6/USB.D-] on B.Cu, length 1.5593 mm
    @(253.7267 mm, 103.1324 mm): Track [/Port6/USB.D+] on B.Cu, length 2.3117 mm
[clearance]: Clearance violation (rule 'Track spacing, outer layer (1oz copper)' clearance 0.1270 mm; actual 0.1200 mm)
    Rule: Track spacing, outer layer (1oz copper); error
    @(144.0156 mm, 111.2508 mm): Track [/Ext-Connector/USB.D+] on B.Cu, length 1.5553 mm
    @(145.7034 mm, 111.5708 mm): Track [/Ext-Connector/USB.D-] on B.Cu, length 0.6007 mm
[clearance]: Clearance violation (rule 'Track spacing, outer layer (1oz copper)' clearance 0.1270 mm; actual 0.1220 mm)
    Rule: Track spacing, outer layer (1oz copper); error
    @(194.0573 mm, 96.5740 mm): Track [/Ext-Connector/USB.D+] on B.Cu, length 7.1120 mm
    @(202.1840 mm, 98.0440 mm): Track [/Ext-Connector/USB.D-] on B.Cu, length 1.6235 mm
[clearance]: Clearance violation (rule 'Track spacing, outer layer (1oz copper)' clearance 0.1270 mm; actual 0.1200 mm)
    Rule: Track spacing, outer layer (1oz copper); error
    @(147.1323 mm, 110.1420 mm): Track [/Ext-Connector/USB.D-] on B.Cu, length 2.0207 mm
    @(146.9997 mm, 109.8220 mm): Track [/Ext-Connector/USB.D+] on B.Cu, length 0.6500 mm
[clearance]: Clearance violation (rule 'Track spacing, outer layer (1oz copper)' clearance 0.1270 mm; actual 0.1200 mm)
    Rule: Track spacing, outer layer (1oz copper); error
    @(154.2720 mm, 101.0535 mm): Track [/Ext-Connector/USB.D+] on B.Cu, length 6.8638 mm
    @(193.5480 mm, 96.5200 mm): Track [/Ext-Connector/USB.D-] on B.Cu, length 34.2900 mm
[clearance]: Clearance violation (rule 'Track spacing, outer layer (1oz copper)' clearance 0.1270 mm; actual 0.1200 mm)
    Rule: Track spacing, outer layer (1oz copper); error
    @(150.6997 mm, 109.8220 mm): Track [/Ext-Connector/USB.D+] on B.Cu, length 0.3640 mm
    @(154.5920 mm, 106.7463 mm): Track [/Ext-Connector/USB.D-] on B.Cu, length 4.8023 mm
[clearance]: Clearance violation (rule 'Clearance: track to pad' clearance 0.2000 mm; actual 0.1500 mm)
    Rule: Clearance: track to pad; error
    @(144.3977 mm, 112.2758 mm): Track [/Ext-Connector/USB.D-] on B.Cu, length 3.3467 mm
    @(144.0156 mm, 111.2508 mm): PTH pad c31 [/Ext-Connector/USB.D+] of J2
[clearance]: Clearance violation (rule 'Track spacing, outer layer (1oz copper)' clearance 0.1270 mm; actual 0.1220 mm)
    Rule: Track spacing, outer layer (1oz copper); error
    @(193.9240 mm, 96.8960 mm): Track [/Ext-Connector/USB.D-] on B.Cu, length 0.5317 mm
    @(194.0573 mm, 96.5740 mm): Track [/Ext-Connector/USB.D+] on B.Cu, length 7.1120 mm
[clearance]: Clearance violation (rule 'Track spacing, outer layer (1oz copper)' clearance 0.1270 mm; actual 0.1220 mm)
    Rule: Track spacing, outer layer (1oz copper); error
    @(201.1693 mm, 96.5740 mm): Track [/Ext-Connector/USB.D+] on B.Cu, length 1.6235 mm
    @(204.4700 mm, 98.0440 mm): Track [/Ext-Connector/USB.D-] on B.Cu, length 2.2860 mm
[clearance]: Clearance violation (rule 'Track spacing, outer layer (1oz copper)' clearance 0.1270 mm; actual 0.1200 mm)
    Rule: Track spacing, outer layer (1oz copper); error
    @(151.1963 mm, 110.1420 mm): Track [/Ext-Connector/USB.D-] on B.Cu, length 4.0640 mm
    @(149.9297 mm, 109.8220 mm): Track [/Ext-Connector/USB.D+] on B.Cu, length 0.1200 mm
[clearance]: Clearance violation (rule 'Track spacing, outer layer (1oz copper)' clearance 0.1270 mm; actual 0.1200 mm)
    Rule: Track spacing, outer layer (1oz copper); error
    @(205.0443 mm, 106.3320 mm): Track [/FE2.1/USB5.D-] on B.Cu, length 14.9860 mm
    @(189.9257 mm, 106.0120 mm): Track [/FE2.1/USB5.D+] on B.Cu, length 14.9832 mm
[clearance]: Clearance violation (rule 'Track spacing, outer layer (1oz copper)' clearance 0.1270 mm; actual 0.1220 mm)
    Rule: Track spacing, outer layer (1oz copper); error
    @(189.9257 mm, 106.0120 mm): Track [/FE2.1/USB5.D+] on B.Cu, length 14.9832 mm
    @(209.7525 mm, 101.6238 mm): Track [/FE2.1/USB5.D-] on B.Cu, length 6.6584 mm
[clearance]: Clearance violation (rule 'Track spacing, outer layer (1oz copper)' clearance 0.1270 mm; actual 0.1201 mm)
    Rule: Track spacing, outer layer (1oz copper); error
    @(185.2795 mm, 110.3188 mm): Track (arc) [/FE2.1/USB5.D+] on B.Cu, length 0.3769 mm
    @(190.0583 mm, 106.3320 mm): Track [/FE2.1/USB5.D-] on B.Cu, length 7.4107 mm
[clearance]: Clearance violation (rule 'Track spacing, outer layer (1oz copper)' clearance 0.1270 mm; actual 0.1202 mm)
    Rule: Track spacing, outer layer (1oz copper); error
    @(183.7258 mm, 111.2521 mm): Track [/FE2.1/USB5.D+] on B.Cu, length 0.6500 mm
    @(183.7132 mm, 111.5721 mm): Track [/FE2.1/USB5.D-] on B.Cu, length 0.9970 mm
[clearance]: Clearance violation (rule 'Clearance: track to pad' clearance 0.2000 mm; actual 0.1500 mm)
    Rule: Clearance: track to pad; error
    @(180.0861 mm, 111.2521 mm): PTH pad b2 [/Port2/Index] of J17
    @(179.6615 mm, 112.2771 mm): Track [/FE2.1/USB5.D-] on B.Cu, length 0.9970 mm
[clearance]: Clearance violation (rule 'Track spacing, outer layer (1oz copper)' clearance 0.1270 mm; actual 0.1220 mm)
    Rule: Track spacing, outer layer (1oz copper); error
    @(209.4305 mm, 101.4904 mm): Track [/FE2.1/USB5.D+] on B.Cu, length 1.8469 mm
    @(209.7525 mm, 99.8216 mm): Track [/FE2.1/USB5.D-] on B.Cu, length 1.8023 mm
[clearance]: Clearance violation (rule 'Track spacing, outer layer (1oz copper)' clearance 0.1270 mm; actual 0.1220 mm)
    Rule: Track spacing, outer layer (1oz copper); error
    @(209.4305 mm, 101.4904 mm): Track [/FE2.1/USB5.D+] on B.Cu, length 1.8469 mm
    @(210.0700 mm, 99.5040 mm): Track [/FE2.1/USB5.D-] on B.Cu, length 0.4491 mm
[clearance]: Clearance violation (rule 'Clearance: track to pad' clearance 0.2000 mm; actual 0.1500 mm)
    Rule: Clearance: track to pad; error
    @(182.6261 mm, 111.2521 mm): PTH pad c2 [/FE2.1/USB5.D+] of J17
    @(183.0082 mm, 112.2771 mm): Track [/FE2.1/USB5.D-] on B.Cu, length 3.3467 mm
[clearance]: Clearance violation (rule 'Track spacing, outer layer (1oz copper)' clearance 0.1270 mm; actual 0.1200 mm)
    Rule: Track spacing, outer layer (1oz copper); error
    @(184.8181 mm, 111.5721 mm): Track [/FE2.1/USB5.D-] on B.Cu, length 1.1049 mm
    @(184.5159 mm, 111.0824 mm): Track (arc) [/FE2.1/USB5.D+] on B.Cu, length 0.3770 mm
[clearance]: Clearance violation (rule 'Track spacing, outer layer (1oz copper)' clearance 0.1270 mm; actual 0.1200 mm)
    Rule: Track spacing, outer layer (1oz copper); error
    @(265.4072 mm, 97.1334 mm): Track [/Ext-conn-M/USB.D+] on B.Cu, length 13.0528 mm
    @(256.1463 mm, 96.8134 mm): Track [/Ext-conn-M/USB.D-] on B.Cu, length 9.3935 mm
[clearance]: Clearance violation (rule 'Track spacing, outer layer (1oz copper)' clearance 0.1270 mm; actual 0.1200 mm)
    Rule: Track spacing, outer layer (1oz copper); error
    @(278.5246 mm, 107.2746 mm): Track [/Ext-conn-M/USB.D+] on B.Cu, length 1.2227 mm
    @(279.0900 mm, 106.0900 mm): Track [/Ext-conn-M/USB.D-] on B.Cu, length 3.3400 mm
[clearance]: Clearance violation (rule 'Track spacing, outer layer (1oz copper)' clearance 0.1270 mm; actual 0.1200 mm)
    Rule: Track spacing, outer layer (1oz copper); error
    @(265.5397 mm, 96.8134 mm): Track [/Ext-conn-M/USB.D-] on B.Cu, length 13.1853 mm
    @(265.4072 mm, 97.1334 mm): Track [/Ext-conn-M/USB.D+] on B.Cu, length 13.0528 mm
[clearance]: Clearance violation (rule 'Track spacing, outer layer (1oz copper)' clearance 0.1270 mm; actual 0.1200 mm)
    Rule: Track spacing, outer layer (1oz copper); error
    @(256.1063 mm, 97.1734 mm): Track [/Ext-conn-M/USB.D+] on B.Cu, length 0.0566 mm
    @(256.1063 mm, 96.7734 mm): Track [/Ext-conn-M/USB.D-] on B.Cu, length 0.0566 mm
[clearance]: Clearance violation (rule 'Track spacing, outer layer (1oz copper)' clearance 0.1270 mm; actual 0.1200 mm)
    Rule: Track spacing, outer layer (1oz copper); error
    @(202.6174 mm, 100.9320 mm): Track [/FE2.1/USB6.D+] on B.Cu, length 5.3423 mm
    @(208.9800 mm, 100.3643 mm): Track [/FE2.1/USB6.D-] on B.Cu, length 1.2555 mm
[clearance]: Clearance violation (rule 'Track spacing, outer layer (1oz copper)' clearance 0.1270 mm; actual 0.1200 mm)
    Rule: Track spacing, outer layer (1oz copper); error
    @(166.9720 mm, 104.6176 mm): Track [/FE2.1/USB6.D+] on B.Cu, length 3.0839 mm
    @(167.2920 mm, 101.6663 mm): Track [/FE2.1/USB6.D-] on B.Cu, length 9.1440 mm
[clearance]: Clearance violation (rule 'Clearance: track to pad' clearance 0.2000 mm; actual 0.1500 mm)
    Rule: Clearance: track to pad; error
    @(159.7671 mm, 111.2508 mm): PTH pad b2 [/Port1/Index] of J16
    @(159.3425 mm, 112.2758 mm): Track [/FE2.1/USB6.D-] on B.Cu, length 0.9970 mm
[clearance]: Clearance violation (rule 'Track spacing, outer layer (1oz copper)' clearance 0.1270 mm; actual 0.1200 mm)
    Rule: Track spacing, outer layer (1oz copper); error
    @(163.3942 mm, 111.5708 mm): Track [/FE2.1/USB6.D-] on B.Cu, length 0.9970 mm
    @(162.3071 mm, 111.2508 mm): Track [/FE2.1/USB6.D+] on B.Cu, length 1.1753 mm
[clearance]: Clearance violation (rule 'Track spacing, outer layer (1oz copper)' clearance 0.1270 mm; actual 0.1200 mm)
    Rule: Track spacing, outer layer (1oz copper); error
    @(208.6600 mm, 100.2317 mm): Track [/FE2.1/USB6.D+] on B.Cu, length 0.6377 mm
    @(209.0700 mm, 99.5040 mm): Track [/FE2.1/USB6.D-] on B.Cu, length 0.1273 mm
[clearance]: Clearance violation (rule 'Track spacing, outer layer (1oz copper)' clearance 0.1270 mm; actual 0.1200 mm)
    Rule: Track spacing, outer layer (1oz copper); error
    @(166.9720 mm, 104.6176 mm): Track [/FE2.1/USB6.D+] on B.Cu, length 3.0839 mm
    @(169.7383 mm, 99.2200 mm): Track [/FE2.1/USB6.D-] on B.Cu, length 3.4596 mm
[clearance]: Clearance violation (rule 'Track spacing, outer layer (1oz copper)' clearance 0.1270 mm; actual 0.1200 mm)
    Rule: Track spacing, outer layer (1oz copper); error
    @(200.4529 mm, 99.2200 mm): Track [/FE2.1/USB6.D-] on B.Cu, length 30.7146 mm
    @(200.5854 mm, 98.9000 mm): Track [/FE2.1/USB6.D+] on B.Cu, length 2.8737 mm
[clearance]: Clearance violation (rule 'Track spacing, outer layer (1oz copper)' clearance 0.1270 mm; actual 0.1200 mm)
    Rule: Track spacing, outer layer (1oz copper); error
    @(208.0923 mm, 101.2520 mm): Track [/FE2.1/USB6.D-] on B.Cu, length 5.6074 mm
    @(202.6174 mm, 100.9320 mm): Track [/FE2.1/USB6.D+] on B.Cu, length 5.3423 mm
[clearance]: Clearance violation (rule 'Track spacing, outer layer (1oz copper)' clearance 0.1270 mm; actual 0.1200 mm)
    Rule: Track spacing, outer layer (1oz copper); error
    @(202.4849 mm, 101.2520 mm): Track [/FE2.1/USB6.D-] on B.Cu, length 2.8737 mm
    @(202.6174 mm, 100.9320 mm): Track [/FE2.1/USB6.D+] on B.Cu, length 5.3423 mm
[clearance]: Clearance violation (rule 'Track spacing, outer layer (1oz copper)' clearance 0.1270 mm; actual 0.1200 mm)
    Rule: Track spacing, outer layer (1oz copper); error
    @(166.5314 mm, 111.5708 mm): Track [/FE2.1/USB6.D-] on B.Cu, length 3.1372 mm
    @(164.5624 mm, 111.2508 mm): Track [/FE2.1/USB6.D+] on B.Cu, length 0.1200 mm
[clearance]: Clearance violation (rule 'Track spacing, outer layer (1oz copper)' clearance 0.1270 mm; actual 0.1200 mm)
    Rule: Track spacing, outer layer (1oz copper); error
    @(208.9800 mm, 99.5940 mm): Track [/FE2.1/USB6.D-] on B.Cu, length 0.7703 mm
    @(208.6600 mm, 100.2317 mm): Track [/FE2.1/USB6.D+] on B.Cu, length 0.6377 mm
[clearance]: Clearance violation (rule 'Clearance: track to pad' clearance 0.2000 mm; actual 0.1500 mm)
    Rule: Clearance: track to pad; error
    @(159.7671 mm, 111.2508 mm): PTH pad b2 [/Port1/Index] of J16
    @(162.6892 mm, 112.2758 mm): Track [/FE2.1/USB6.D-] on B.Cu, length 3.3467 mm
[clearance]: Clearance violation (rule 'Track spacing, outer layer (1oz copper)' clearance 0.1270 mm; actual 0.1200 mm)
    Rule: Track spacing, outer layer (1oz copper); error
    @(167.2920 mm, 110.8103 mm): Track [/FE2.1/USB6.D-] on B.Cu, length 1.0756 mm
    @(166.3989 mm, 111.2508 mm): Track [/FE2.1/USB6.D+] on B.Cu, length 0.6500 mm
[clearance]: Clearance violation (rule 'Track spacing, outer layer (1oz copper)' clearance 0.1270 mm; actual 0.1200 mm)
    Rule: Track spacing, outer layer (1oz copper); error
    @(228.6000 mm, 91.6000 mm): Track [/FE2.1/USB3.D+] on B.Cu, length 11.9000 mm
    @(234.0500 mm, 96.5975 mm): Track [/FE2.1/USB3.D-] on B.Cu, length 7.5200 mm
[clearance]: Clearance violation (rule 'Track spacing, outer layer (1oz copper)' clearance 0.1270 mm; actual 0.1200 mm)
    Rule: Track spacing, outer layer (1oz copper); error
    @(236.1199 mm, 111.5724 mm): Track [/FE2.1/USB3.D+] on B.Cu, length 3.3798 mm
    @(236.2524 mm, 111.2524 mm): Track [/FE2.1/USB3.D-] on B.Cu, length 3.1147 mm
[clearance]: Clearance violation (rule 'Clearance: track to pad' clearance 0.2000 mm; actual 0.1200 mm)
    Rule: Clearance: track to pad; error
    @(238.1239 mm, 112.2774 mm): Track [/FE2.1/USB3.D+] on B.Cu, length 0.9970 mm
    @(238.5060 mm, 111.2524 mm): PTH pad a2 [/FE2.1/USB3.D-] of J20
[clearance]: Clearance violation (rule 'Track spacing, outer layer (1oz copper)' clearance 0.1270 mm; actual 0.1200 mm)
    Rule: Track spacing, outer layer (1oz copper); error
    @(228.7325 mm, 91.2800 mm): Track [/FE2.1/USB3.D-] on B.Cu, length 12.1651 mm
    @(228.6000 mm, 91.6000 mm): Track [/FE2.1/USB3.D+] on B.Cu, length 11.9000 mm
[clearance]: Clearance violation (rule 'Clearance: track to pad' clearance 0.2000 mm; actual 0.1500 mm)
    Rule: Clearance: track to pad; error
    @(242.1756 mm, 111.5724 mm): Track [/FE2.1/USB3.D+] on B.Cu, length 0.9970 mm
    @(241.0460 mm, 111.2524 mm): PTH pad b2 [/Port5/Index] of J20
[clearance]: Clearance violation (rule 'Clearance: track to pad' clearance 0.2000 mm; actual 0.1500 mm)
    Rule: Clearance: track to pad; error
    @(238.5060 mm, 111.2524 mm): PTH pad a2 [/FE2.1/USB3.D-] of J20
    @(241.4706 mm, 112.2774 mm): Track [/FE2.1/USB3.D+] on B.Cu, length 3.3467 mm
[clearance]: Clearance violation (rule 'Track spacing, outer layer (1oz copper)' clearance 0.1270 mm; actual 0.1200 mm)
    Rule: Track spacing, outer layer (1oz copper); error
    @(236.1199 mm, 111.5724 mm): Track [/FE2.1/USB3.D+] on B.Cu, length 3.3798 mm
    @(238.5060 mm, 111.2524 mm): Track [/FE2.1/USB3.D-] on B.Cu, length 2.2536 mm
[clearance]: Clearance violation (rule 'Track spacing, outer layer (1oz copper)' clearance 0.1270 mm; actual 0.1200 mm)
    Rule: Track spacing, outer layer (1oz copper); error
    @(216.5675 mm, 91.2800 mm): Track [/FE2.1/USB3.D-] on B.Cu, length 0.2885 mm
    @(228.6000 mm, 91.6000 mm): Track [/FE2.1/USB3.D+] on B.Cu, length 11.9000 mm
[clearance]: Clearance violation (rule 'Track spacing, outer layer (1oz copper)' clearance 0.1270 mm; actual 0.1200 mm)
    Rule: Track spacing, outer layer (1oz copper); error
    @(236.1199 mm, 111.5724 mm): Track [/FE2.1/USB3.D+] on B.Cu, length 3.3798 mm
    @(234.0500 mm, 109.0500 mm): Track [/FE2.1/USB3.D-] on B.Cu, length 12.4525 mm
[clearance]: Clearance violation (rule 'Track spacing, outer layer (1oz copper)' clearance 0.1270 mm; actual 0.1200 mm)
    Rule: Track spacing, outer layer (1oz copper); error
    @(216.7000 mm, 91.6000 mm): Track [/FE2.1/USB3.D+] on B.Cu, length 0.5431 mm
    @(216.3635 mm, 91.4840 mm): Track [/FE2.1/USB3.D-] on B.Cu, length 1.3834 mm
[hole_clearance]: Hole clearance violation (rule 'Clearance: track to PTH hole perimeter' clearance 0.3300 mm; actual 0.2582 mm)
    Rule: Clearance: track to PTH hole perimeter; error
    @(223.5960 mm, 98.8060 mm): Track [/FE2.1/DRV] on F.Cu, length 2.0320 mm
    @(224.1042 mm, 100.2030 mm): Via [Net-(D24-Pad1)] on F.Cu - B.Cu
[hole_clearance]: Hole clearance violation (rule 'Clearance: track to PTH hole perimeter' clearance 0.3300 mm; actual 0.2969 mm)
    Rule: Clearance: track to PTH hole perimeter; error
    @(201.9554 mm, 97.2820 mm): Track [/FE2.1/DRV] on F.Cu, length 3.2329 mm
    @(199.6000 mm, 95.7000 mm): Via [+5V] on F.Cu - B.Cu
[clearance]: Clearance violation (rule 'Track spacing, outer layer (1oz copper)' clearance 0.1270 mm; actual 0.1200 mm)
    Rule: Track spacing, outer layer (1oz copper); error
    @(225.4580 mm, 104.4603 mm): Track [/FE2.1/USB1.D-] on B.Cu, length 2.6470 mm
    @(212.2777 mm, 106.0120 mm): Track [/FE2.1/USB1.D+] on B.Cu, length 11.1760 mm
[clearance]: Clearance violation (rule 'Track spacing, outer layer (1oz copper)' clearance 0.1270 mm; actual 0.1200 mm)
    Rule: Track spacing, outer layer (1oz copper); error
    @(223.4537 mm, 106.0120 mm): Track [/FE2.1/USB1.D+] on B.Cu, length 2.3819 mm
    @(225.4580 mm, 104.4603 mm): Track [/FE2.1/USB1.D-] on B.Cu, length 2.6470 mm
[clearance]: Clearance violation (rule 'Track spacing, outer layer (1oz copper)' clearance 0.1270 mm; actual 0.1200 mm)
    Rule: Track spacing, outer layer (1oz copper); error
    @(225.4580 mm, 104.4603 mm): Track [/FE2.1/USB1.D-] on B.Cu, length 2.6470 mm
    @(225.1380 mm, 104.3277 mm): Track [/FE2.1/USB1.D+] on B.Cu, length 7.2335 mm
[clearance]: Clearance violation (rule 'Clearance: track to pad' clearance 0.2000 mm; actual 0.1500 mm)
    Rule: Clearance: track to pad; error
    @(200.4060 mm, 111.2520 mm): PTH pad b2 [/Port3/Index] of J18
    @(199.9814 mm, 112.2770 mm): Track [/FE2.1/USB1.D-] on B.Cu, length 0.9970 mm
[clearance]: Clearance violation (rule 'Track spacing, outer layer (1oz copper)' clearance 0.1270 mm; actual 0.1200 mm)
    Rule: Track spacing, outer layer (1oz copper); error
    @(223.4537 mm, 106.0120 mm): Track [/FE2.1/USB1.D+] on B.Cu, length 2.3819 mm
    @(223.5863 mm, 106.3320 mm): Track [/FE2.1/USB1.D-] on B.Cu, length 11.1760 mm
[clearance]: Clearance violation (rule 'Track spacing, outer layer (1oz copper)' clearance 0.1270 mm; actual 0.1200 mm)
    Rule: Track spacing, outer layer (1oz copper); error
    @(225.1380 mm, 97.0943 mm): Track [/FE2.1/USB1.D+] on B.Cu, length 3.8188 mm
    @(222.5703 mm, 94.0740 mm): Track [/FE2.1/USB1.D-] on B.Cu, length 4.0839 mm
[clearance]: Clearance violation (rule 'Track spacing, outer layer (1oz copper)' clearance 0.1270 mm; actual 0.1200 mm)
    Rule: Track spacing, outer layer (1oz copper); error
    @(223.4537 mm, 106.0120 mm): Track [/FE2.1/USB1.D+] on B.Cu, length 2.3819 mm
    @(225.4580 mm, 96.9617 mm): Track [/FE2.1/USB1.D-] on B.Cu, length 7.4985 mm
[clearance]: Clearance violation (rule 'Clearance: track to pad' clearance 0.2000 mm; actual 0.1500 mm)
    Rule: Clearance: track to pad; error
    @(203.3281 mm, 112.2770 mm): Track [/FE2.1/USB1.D-] on B.Cu, length 3.3467 mm
    @(202.9460 mm, 111.2520 mm): PTH pad c2 [/FE2.1/USB1.D+] of J18
[clearance]: Clearance violation (rule 'Track spacing, outer layer (1oz copper)' clearance 0.1270 mm; actual 0.1200 mm)
    Rule: Track spacing, outer layer (1oz copper); error
    @(216.1800 mm, 94.0740 mm): Track [/FE2.1/USB1.D-] on B.Cu, length 6.3903 mm
    @(225.1380 mm, 97.0943 mm): Track [/FE2.1/USB1.D+] on B.Cu, length 3.8188 mm
[clearance]: Clearance violation (rule 'Track spacing, outer layer (1oz copper)' clearance 0.1270 mm; actual 0.1200 mm)
    Rule: Track spacing, outer layer (1oz copper); error
    @(212.4103 mm, 106.3320 mm): Track [/FE2.1/USB1.D-] on B.Cu, length 7.4105 mm
    @(208.2610 mm, 110.0287 mm): Track [/FE2.1/USB1.D+] on B.Cu, length 0.1200 mm
[clearance]: Clearance violation (rule 'Track spacing, outer layer (1oz copper)' clearance 0.1270 mm; actual 0.1200 mm)
    Rule: Track spacing, outer layer (1oz copper); error
    @(204.0331 mm, 111.5720 mm): Track [/FE2.1/USB1.D-] on B.Cu, length 0.9970 mm
    @(202.9460 mm, 111.2520 mm): Track [/FE2.1/USB1.D+] on B.Cu, length 1.4740 mm
[clearance]: Clearance violation (rule 'Track spacing, outer layer (1oz copper)' clearance 0.1270 mm; actual 0.1200 mm)
    Rule: Track spacing, outer layer (1oz copper); error
    @(205.5000 mm, 111.0120 mm): Track (arc) [/FE2.1/USB1.D+] on B.Cu, length 0.3770 mm
    @(207.1703 mm, 111.5720 mm): Track [/FE2.1/USB1.D-] on B.Cu, length 3.1371 mm
[clearance]: Clearance violation (rule 'Track spacing, outer layer (1oz copper)' clearance 0.1270 mm; actual 0.1200 mm)
    Rule: Track spacing, outer layer (1oz copper); error
    @(216.1800 mm, 94.0740 mm): Track [/FE2.1/USB1.D-] on B.Cu, length 6.3903 mm
    @(222.4377 mm, 94.3940 mm): Track [/FE2.1/USB1.D+] on B.Cu, length 6.2577 mm
[clearance]: Clearance violation (rule 'Track spacing, outer layer (1oz copper)' clearance 0.1270 mm; actual 0.1200 mm)
    Rule: Track spacing, outer layer (1oz copper); error
    @(216.1800 mm, 94.0740 mm): Track [/FE2.1/USB1.D-] on B.Cu, length 6.3903 mm
    @(216.1800 mm, 94.3940 mm): Track [/FE2.1/USB1.D+] on B.Cu, length 0.1273 mm
[shorting_items]: Items shorting two nets (nets /Ext-Connector/GPIOL8 and +12V)
    Local override; error
    @(138.9356 mm, 144.2708 mm): PTH pad a18 [/Ext-Connector/GPIOL8] of J2
    @(138.9356 mm, 144.2708 mm): Track [+12V] on B.Cu, length 3.5564 mm
[clearance]: Clearance violation (rule 'Track spacing, outer layer (1oz copper)' clearance 0.1270 mm; actual 0.1200 mm)
    Rule: Track spacing, outer layer (1oz copper); error
    @(216.0900 mm, 93.9840 mm): Track [/FE2.1/USB1.D-] on B.Cu, length 0.1273 mm
    @(222.4377 mm, 94.3940 mm): Track [/FE2.1/USB1.D+] on B.Cu, length 6.2577 mm
[clearance]: Clearance violation (rule 'Track spacing, outer layer (1oz copper)' clearance 0.1270 mm; actual 0.1200 mm)
    Rule: Track spacing, outer layer (1oz copper); error
    @(223.8563 mm, 93.0740 mm): Track [/FE2.1/USB2.D-] on B.Cu, length 5.4981 mm
    @(227.4240 mm, 97.0943 mm): Track [/FE2.1/USB2.D+] on B.Cu, length 5.2330 mm
[clearance]: Clearance violation (rule 'Clearance: track to pad' clearance 0.2000 mm; actual 0.1500 mm)
    Rule: Clearance: track to pad; error
    @(220.7261 mm, 111.2523 mm): PTH pad b2 [/Port4/Index] of J19
    @(226.0230 mm, 112.2773 mm): Track [/FE2.1/USB2.D-] on B.Cu, length 6.8119 mm
[clearance]: Clearance violation (rule 'Track spacing, outer layer (1oz copper)' clearance 0.1270 mm; actual 0.1200 mm)
    Rule: Track spacing, outer layer (1oz copper); error
    @(226.8423 mm, 111.0055 mm): Track [/FE2.1/USB2.D+] on B.Cu, length 0.6500 mm
    @(227.7440 mm, 110.5563 mm): Track [/FE2.1/USB2.D-] on B.Cu, length 2.4339 mm
[clearance]: Clearance violation (rule 'Track spacing, outer layer (1oz copper)' clearance 0.1270 mm; actual 0.1200 mm)
    Rule: Track spacing, outer layer (1oz copper); error
    @(216.1800 mm, 93.0740 mm): Track [/FE2.1/USB2.D-] on B.Cu, length 7.6763 mm
    @(227.4240 mm, 97.0943 mm): Track [/FE2.1/USB2.D+] on B.Cu, length 5.2330 mm
[clearance]: Clearance violation (rule 'Track spacing, outer layer (1oz copper)' clearance 0.1270 mm; actual 0.1200 mm)
    Rule: Track spacing, outer layer (1oz copper); error
    @(227.7440 mm, 96.9617 mm): Track [/FE2.1/USB2.D-] on B.Cu, length 13.5945 mm
    @(227.1840 mm, 110.4237 mm): Track (arc) [/FE2.1/USB2.D+] on B.Cu, length 0.3770 mm
[clearance]: Clearance violation (rule 'Track spacing, outer layer (1oz copper)' clearance 0.1270 mm; actual 0.1200 mm)
    Rule: Track spacing, outer layer (1oz copper); error
    @(216.1800 mm, 93.3940 mm): Track [/FE2.1/USB2.D+] on B.Cu, length 0.1273 mm
    @(216.0900 mm, 92.9840 mm): Track [/FE2.1/USB2.D-] on B.Cu, length 0.1273 mm
[hole_clearance]: Hole clearance violation (rule 'Clearance: track to PTH hole perimeter' clearance 0.3300 mm; actual 0.3036 mm)
    Rule: Clearance: track to PTH hole perimeter; error
    @(251.9680 mm, 100.3460 mm): Track [GND] on B.Cu, length 3.1140 mm
    @(251.2960 mm, 100.9996 mm): Via [+3V3] on F.Cu - B.Cu
[clearance]: Clearance violation (rule 'Clearance: track to pad' clearance 0.2000 mm; actual 0.1900 mm)
    Rule: Clearance: track to pad; error
    @(144.1000 mm, 192.2500 mm): Track [+12V] on B.Cu, length 4.0000 mm
    @(143.3500 mm, 192.8400 mm): Pad 1 [Net-(D11-A)] of R19 on B.Cu
[clearance]: Clearance violation (rule 'Clearance: track to pad' clearance 0.2000 mm; actual 0.1500 mm)
    Rule: Clearance: track to pad; error
    @(209.6950 mm, 86.4750 mm): Track [GND] on B.Cu, length 2.2480 mm
    @(210.5300 mm, 87.2000 mm): Pad 1 [/FE2.1/VD18] of C35 on B.Cu
[hole_clearance]: Hole clearance violation (rule 'Clearance: track to PTH hole perimeter' clearance 0.3300 mm; actual 0.2500 mm)
    Rule: Clearance: track to PTH hole perimeter; error
    @(211.1600 mm, 99.5940 mm): Track [/FE2.1/USB_IN.D+] on B.Cu, length 3.3343 mm
    @(210.6600 mm, 102.3366 mm): Via [GND] on F.Cu - B.Cu
[hole_clearance]: Hole clearance violation (rule 'Clearance: track to PTH hole perimeter' clearance 0.3300 mm; actual 0.2788 mm)
    Rule: Clearance: track to PTH hole perimeter; error
    @(202.5585 mm, 95.1000 mm): Track [GND] on B.Cu, length 0.9305 mm
    @(202.4603 mm, 95.7496 mm): Via [/FE2.1/VD33] on F.Cu - B.Cu
[hole_clearance]: Hole clearance violation (rule 'Clearance: track to PTH hole perimeter' clearance 0.3300 mm; actual 0.3198 mm)
    Rule: Clearance: track to PTH hole perimeter; error
    @(218.1500 mm, 95.4000 mm): Track [+3V3] on F.Cu, length 2.4749 mm
    @(219.3544 mm, 95.0722 mm): Via [GND] on F.Cu - B.Cu
[hole_clearance]: Hole clearance violation (rule 'Clearance: track to PTH hole perimeter' clearance 0.3300 mm; actual 0.2500 mm)
    Rule: Clearance: track to PTH hole perimeter; error
    @(211.4800 mm, 99.5940 mm): Track [/FE2.1/USB_IN.D-] on B.Cu, length 3.2017 mm
    @(211.9800 mm, 101.3519 mm): Via [GND] on F.Cu - B.Cu
[hole_clearance]: Hole clearance violation (rule 'Clearance: track to PTH hole perimeter' clearance 0.3300 mm; actual 0.2500 mm)
    Rule: Clearance: track to PTH hole perimeter; error
    @(199.2450 mm, 93.8000 mm): Track [+3V3] on F.Cu, length 3.9061 mm
    @(201.5998 mm, 95.3770 mm): Via [GND] on F.Cu - B.Cu
[silk_overlap]: Silkscreen clearance
    Rule: board setup constraints silk; warning
    @(142.0100 mm, 102.2600 mm): Segment of D33 on F.Silkscreen
    @(143.8200 mm, 103.3500 mm): Arc of D10 on F.Silkscreen
[silk_overlap]: Silkscreen clearance
    Rule: board setup constraints silk; warning
    @(142.0100 mm, 102.2600 mm): Segment of D33 on F.Silkscreen
    @(142.2600 mm, 102.1140 mm): Segment of D10 on F.Silkscreen
[silk_overlap]: Silkscreen clearance
    Rule: board setup constraints silk; warning
    @(148.5000 mm, 102.2600 mm): Segment of D32 on F.Silkscreen
    @(150.9100 mm, 102.2700 mm): Segment of D9 on F.Silkscreen
[silk_overlap]: Silkscreen clearance
    Rule: board setup constraints silk; warning
    @(149.3500 mm, 103.3500 mm): Arc of D9 on F.Silkscreen
    @(148.5000 mm, 102.2600 mm): Segment of D32 on F.Silkscreen
[silk_overlap]: Silkscreen clearance
    Rule: board setup constraints silk; warning
    @(154.1071 mm, 195.6908 mm): Segment of J16 on F.Silkscreen
    @(145.8500 mm, 178.1000 mm): Segment of J6 on F.Silkscreen
[silk_overlap]: Silkscreen clearance
    Rule: board setup constraints silk; warning
    @(154.1071 mm, 195.6908 mm): Segment of J16 on F.Silkscreen
    @(154.1500 mm, 165.2500 mm): Segment of J6 on F.Silkscreen
[silk_overlap]: Silkscreen clearance
    Rule: board setup constraints silk; warning
    @(154.1071 mm, 195.6908 mm): Segment of J16 on F.Silkscreen
    @(154.1500 mm, 178.1000 mm): Segment of J6 on F.Silkscreen
[silk_overlap]: Silkscreen clearance
    Rule: board setup constraints silk; warning
    @(155.3000 mm, 170.2500 mm): Reference field of J6
    @(155.4171 mm, 190.5808 mm): Segment of J16 on F.Silkscreen
[silk_overlap]: Silkscreen clearance
    Rule: board setup constraints silk; warning
    @(278.3790 mm, 103.3780 mm): Arc of D3 on F.Silkscreen
    @(276.9700 mm, 100.8200 mm): Segment of D2 on F.Silkscreen
[silk_overlap]: Silkscreen clearance
    Rule: board setup constraints silk; warning
    @(278.3790 mm, 103.3780 mm): Arc of D3 on F.Silkscreen
    @(276.9700 mm, 102.2800 mm): Segment of D2 on F.Silkscreen
[silk_overlap]: Silkscreen clearance
    Rule: board setup constraints silk; warning
    @(146.4500 mm, 192.5000 mm): Arc of D12 on F.Silkscreen
    @(148.0000 mm, 193.5025 mm): Circle of D1 on F.Silkscreen
[silk_overlap]: Silkscreen clearance
    Rule: board setup constraints silk; warning
    @(189.1246 mm, 98.6260 mm): PCB text '3' on F.Silkscreen
    @(181.6364 mm, 93.4876 mm): Segment on F.Silkscreen
[silk_over_copper]: Silkscreen clipped by solder mask
    Local override; warning
    @(143.8200 mm, 103.3500 mm): Arc of D10 on F.Silkscreen
    @(144.6400 mm, 101.3000 mm): Pad 2 [/FE2.1/DRV] of D33 on F.Cu
[silk_over_copper]: Silkscreen clipped by solder mask
    Local override; warning
    @(143.8200 mm, 103.3500 mm): Arc of D10 on F.Silkscreen
    @(142.7600 mm, 101.3000 mm): Pad 1 [Net-(D10-K)] of D33 on F.Cu
[silk_over_copper]: Silkscreen clipped by solder mask
    Local override; warning
    @(143.8200 mm, 103.3500 mm): Arc of D10 on F.Silkscreen
    @(144.6400 mm, 101.3000 mm): Pad 2 [/FE2.1/DRV] of D33 on F.Cu
[silk_over_copper]: Silkscreen clipped by solder mask
    Local override; warning
    @(143.8200 mm, 103.3500 mm): Arc of D10 on F.Silkscreen
    @(142.7600 mm, 101.3000 mm): Pad 1 [Net-(D10-K)] of D33 on F.Cu
[silk_over_copper]: Silkscreen clipped by solder mask
    Local override; warning
    @(149.3500 mm, 103.3500 mm): Arc of D9 on F.Silkscreen
    @(150.4400 mm, 101.3000 mm): Pad 1 [/FE2.1/DRV] of D32 on F.Cu
[silk_over_copper]: Silkscreen clipped by solder mask
    Local override; warning
    @(149.3500 mm, 103.3500 mm): Arc of D9 on F.Silkscreen
    @(148.5600 mm, 101.3000 mm): Pad 2 [Net-(D10-K)] of D32 on F.Cu
[silk_over_copper]: Silkscreen clipped by solder mask
    Local override; warning
    @(149.3500 mm, 103.3500 mm): Arc of D9 on F.Silkscreen
    @(148.5600 mm, 101.3000 mm): Pad 2 [Net-(D10-K)] of D32 on F.Cu
[silk_over_copper]: Silkscreen clipped by solder mask
    Local override; warning
    @(267.0257 mm, 100.4723 mm): Segment of J21 on F.Silkscreen
    @(267.7628 mm, 115.1157 mm): PTH pad 1 [Net-(R5-Pad1)] of SW6
[silk_over_copper]: Silkscreen clipped by solder mask
    Local override; warning
    @(267.0257 mm, 100.4723 mm): Segment of J21 on F.Silkscreen
    @(267.7628 mm, 117.6557 mm): PTH pad 2 [Net-(R9-Pad1)] of SW6
[silk_over_copper]: Silkscreen clipped by solder mask
    Local override; warning
    @(267.0257 mm, 100.4723 mm): Segment of J21 on F.Silkscreen
    @(267.7628 mm, 120.1957 mm): PTH pad 3 [Net-(R22-Pad1)] of SW6
[silk_over_copper]: Silkscreen clipped by solder mask
    Local override; warning
    @(278.3790 mm, 103.3780 mm): Arc of D3 on F.Silkscreen
    @(277.6700 mm, 101.5500 mm): Pad 1 [GND] of D2 on F.Cu
[silk_over_copper]: Silkscreen clipped by solder mask
    Local override; warning
    @(278.3790 mm, 103.3780 mm): Arc of D3 on F.Silkscreen
    @(279.2500 mm, 101.5500 mm): Pad 2 [Net-(D3-A)] of D2 on F.Cu
[silk_over_copper]: Silkscreen clipped by solder mask
    Local override; warning
    @(278.3790 mm, 103.3780 mm): Arc of D3 on F.Silkscreen
    @(277.6700 mm, 101.5500 mm): Pad 1 [GND] of D2 on F.Cu
[silk_over_copper]: Silkscreen clipped by solder mask
    Local override; warning
    @(278.3790 mm, 103.3780 mm): Arc of D3 on F.Silkscreen
    @(279.2500 mm, 101.5500 mm): Pad 2 [Net-(D3-A)] of D2 on F.Cu
[silk_over_copper]: Silkscreen clipped by solder mask
    Local override; warning
    @(148.6000 mm, 173.8398 mm): Segment on F.Silkscreen
    @(150.0000 mm, 173.8500 mm): PTH pad 2 [Vbat] of J6
[silk_over_copper]: Silkscreen clipped by solder mask
    Local override; warning
    @(149.8000 mm, 172.6398 mm): Segment on F.Silkscreen
    @(150.0000 mm, 173.8500 mm): PTH pad 2 [Vbat] of J6
[silk_over_copper]: Silkscreen clipped by solder mask
    Local override; warning
    @(151.1000 mm, 192.5000 mm): Arc of D13 on F.Silkscreen
    @(152.6500 mm, 191.7300 mm): Pad 2 [Net-(D13-A)] of D8 on F.Cu
[silk_over_copper]: Silkscreen clipped by solder mask
    Local override; warning
    @(151.1000 mm, 192.5000 mm): Arc of D13 on F.Silkscreen
    @(152.6500 mm, 192.7000 mm): Pad 1 [GND] of D8 on F.Cu
[silk_over_copper]: Silkscreen clipped by solder mask
    Local override; warning
    @(151.1000 mm, 192.5000 mm): Arc of D13 on F.Silkscreen
    @(152.6500 mm, 191.7300 mm): Pad 2 [Net-(D13-A)] of D8 on F.Cu
[silk_over_copper]: Silkscreen clipped by solder mask
    Local override; warning
    @(141.8000 mm, 192.5000 mm): Arc of D11 on F.Silkscreen
    @(143.3500 mm, 192.8350 mm): Pad 1 [GND] of D4 on F.Cu
[silk_over_copper]: Silkscreen clipped by solder mask
    Local override; warning
    @(141.8000 mm, 192.5000 mm): Arc of D11 on F.Silkscreen
    @(143.3500 mm, 191.8650 mm): Pad 2 [Net-(D11-A)] of D4 on F.Cu
[silk_over_copper]: Silkscreen clipped by solder mask
    Local override; warning
    @(141.8000 mm, 192.5000 mm): Arc of D11 on F.Silkscreen
    @(143.3500 mm, 192.8350 mm): Pad 1 [GND] of D4 on F.Cu
[silk_over_copper]: Silkscreen clipped by solder mask
    Local override; warning
    @(141.8000 mm, 192.5000 mm): Arc of D11 on F.Silkscreen
    @(143.3500 mm, 191.8650 mm): Pad 2 [Net-(D11-A)] of D4 on F.Cu
[silk_over_copper]: Silkscreen clipped by solder mask
    Local override; warning
    @(146.4500 mm, 192.5000 mm): Arc of D12 on F.Silkscreen
    @(148.0000 mm, 192.8975 mm): Pad 1 [GND] of D1 on F.Cu
[silk_over_copper]: Silkscreen clipped by solder mask
    Local override; warning
    @(146.4500 mm, 192.5000 mm): Arc of D12 on F.Silkscreen
    @(148.0000 mm, 191.9275 mm): Pad 2 [Net-(D1-A)] of D1 on F.Cu
[silk_over_copper]: Silkscreen clipped by solder mask
    Local override; warning
    @(146.4500 mm, 192.5000 mm): Arc of D12 on F.Silkscreen
    @(148.0000 mm, 192.8975 mm): Pad 1 [GND] of D1 on F.Cu
[silk_over_copper]: Silkscreen clipped by solder mask
    Local override; warning
    @(146.4500 mm, 192.5000 mm): Arc of D12 on F.Silkscreen
    @(148.0000 mm, 191.9275 mm): Pad 2 [Net-(D1-A)] of D1 on F.Cu
[silk_overlap]: Silkscreen clearance (rule 'Pad to Silkscreen' clearance 0.1500 mm; actual 0.1200 mm)
    Rule: Pad to Silkscreen; warning
    @(150.9100 mm, 104.5860 mm): Segment of D9 on F.Silkscreen
    @(150.6200 mm, 103.3500 mm): PTH pad 1 [/FE2.1/DRV] of D9
[silk_overlap]: Silkscreen clearance (rule 'Pad to Silkscreen' clearance 0.1500 mm; actual 0.1440 mm)
    Rule: Pad to Silkscreen; warning
    @(143.8200 mm, 103.3500 mm): Arc of D10 on F.Silkscreen
    @(145.0900 mm, 103.3500 mm): PTH pad 2 [/FE2.1/DRV] of D10
[silk_overlap]: Silkscreen clearance (rule 'Pad to Silkscreen' clearance 0.1500 mm; actual 0.1200 mm)
    Rule: Pad to Silkscreen; warning
    @(143.8200 mm, 103.3500 mm): Arc of D10 on F.Silkscreen
    @(142.5500 mm, 103.3500 mm): PTH pad 1 [Net-(D10-K)] of D10
[silk_overlap]: Silkscreen clearance (rule 'Pad to Silkscreen' clearance 0.1500 mm; actual 0.1150 mm)
    Rule: Pad to Silkscreen; warning
    @(142.0100 mm, 102.2600 mm): Segment of D33 on F.Silkscreen
    @(142.5500 mm, 103.3500 mm): PTH pad 1 [Net-(D10-K)] of D10
[silk_overlap]: Silkscreen clearance (rule 'Pad to Silkscreen' clearance 0.1500 mm; actual 0.1440 mm)
    Rule: Pad to Silkscreen; warning
    @(143.8200 mm, 103.3500 mm): Arc of D10 on F.Silkscreen
    @(145.0900 mm, 103.3500 mm): PTH pad 2 [/FE2.1/DRV] of D10
[silk_overlap]: Silkscreen clearance (rule 'Pad to Silkscreen' clearance 0.1500 mm; actual 0.1200 mm)
    Rule: Pad to Silkscreen; warning
    @(143.8200 mm, 103.3500 mm): Arc of D10 on F.Silkscreen
    @(142.5500 mm, 103.3500 mm): PTH pad 1 [Net-(D10-K)] of D10
[silk_overlap]: Silkscreen clearance (rule 'Pad to Silkscreen' clearance 0.1500 mm; actual 0.1200 mm)
    Rule: Pad to Silkscreen; warning
    @(149.3500 mm, 103.3500 mm): Arc of D9 on F.Silkscreen
    @(150.6200 mm, 103.3500 mm): PTH pad 1 [/FE2.1/DRV] of D9
[silk_overlap]: Silkscreen clearance (rule 'Pad to Silkscreen' clearance 0.1500 mm; actual 0.1440 mm)
    Rule: Pad to Silkscreen; warning
    @(149.3500 mm, 103.3500 mm): Arc of D9 on F.Silkscreen
    @(148.0800 mm, 103.3500 mm): PTH pad 2 [Net-(D10-K)] of D9
[silk_overlap]: Silkscreen clearance (rule 'Pad to Silkscreen' clearance 0.1500 mm; actual 0.1373 mm)
    Rule: Pad to Silkscreen; warning
    @(142.2600 mm, 102.1140 mm): Segment of D10 on F.Silkscreen
    @(142.7600 mm, 101.3000 mm): Pad 1 [Net-(D10-K)] of D33 on F.Cu
[silk_overlap]: Silkscreen clearance (rule 'Pad to Silkscreen' clearance 0.1500 mm; actual 0.1200 mm)
    Rule: Pad to Silkscreen; warning
    @(142.2600 mm, 102.1140 mm): Segment of D10 on F.Silkscreen
    @(142.5500 mm, 103.3500 mm): PTH pad 1 [Net-(D10-K)] of D10
[silk_overlap]: Silkscreen clearance (rule 'Pad to Silkscreen' clearance 0.1500 mm; actual 0.1200 mm)
    Rule: Pad to Silkscreen; warning
    @(142.2600 mm, 104.4300 mm): Segment of D10 on F.Silkscreen
    @(142.5500 mm, 103.3500 mm): PTH pad 1 [Net-(D10-K)] of D10
[silk_overlap]: Silkscreen clearance (rule 'Pad to Silkscreen' clearance 0.1500 mm; actual 0.1150 mm)
    Rule: Pad to Silkscreen; warning
    @(142.0100 mm, 100.3400 mm): Segment of D33 on F.Silkscreen
    @(142.5500 mm, 103.3500 mm): PTH pad 1 [Net-(D10-K)] of D10
[silk_overlap]: Silkscreen clearance (rule 'Pad to Silkscreen' clearance 0.1500 mm; actual 0.1150 mm)
    Rule: Pad to Silkscreen; warning
    @(148.5000 mm, 102.2600 mm): Segment of D32 on F.Silkscreen
    @(150.6200 mm, 103.3500 mm): PTH pad 1 [/FE2.1/DRV] of D9
[silk_overlap]: Silkscreen clearance (rule 'Pad to Silkscreen' clearance 0.1500 mm; actual 0.1150 mm)
    Rule: Pad to Silkscreen; warning
    @(151.1900 mm, 102.2600 mm): Segment of D32 on F.Silkscreen
    @(150.6200 mm, 103.3500 mm): PTH pad 1 [/FE2.1/DRV] of D9
[silk_overlap]: Silkscreen clearance (rule 'Pad to Silkscreen' clearance 0.1500 mm; actual 0.1204 mm)
    Rule: Pad to Silkscreen; warning
    @(150.9100 mm, 102.2700 mm): Segment of D9 on F.Silkscreen
    @(150.4400 mm, 101.3000 mm): Pad 1 [/FE2.1/DRV] of D32 on F.Cu
[silk_overlap]: Silkscreen clearance (rule 'Pad to Silkscreen' clearance 0.1500 mm; actual 0.1200 mm)
    Rule: Pad to Silkscreen; warning
    @(150.9100 mm, 102.2700 mm): Segment of D9 on F.Silkscreen
    @(150.6200 mm, 103.3500 mm): PTH pad 1 [/FE2.1/DRV] of D9
[silk_overlap]: Silkscreen clearance (rule 'Pad to Silkscreen' clearance 0.1500 mm; actual 0.0015 mm)
    Rule: Pad to Silkscreen; warning
    @(149.3500 mm, 103.3500 mm): Arc of D9 on F.Silkscreen
    @(150.4400 mm, 101.3000 mm): Pad 1 [/FE2.1/DRV] of D32 on F.Cu
[silk_overlap]: Silkscreen clearance (rule 'Pad to Silkscreen' clearance 0.1500 mm; actual 0.1200 mm)
    Rule: Pad to Silkscreen; warning
    @(149.3500 mm, 103.3500 mm): Arc of D9 on F.Silkscreen
    @(150.6200 mm, 103.3500 mm): PTH pad 1 [/FE2.1/DRV] of D9
[silk_overlap]: Silkscreen clearance (rule 'Pad to Silkscreen' clearance 0.1500 mm; actual 0.1440 mm)
    Rule: Pad to Silkscreen; warning
    @(149.3500 mm, 103.3500 mm): Arc of D9 on F.Silkscreen
    @(148.0800 mm, 103.3500 mm): PTH pad 2 [Net-(D10-K)] of D9
[silk_overlap]: Silkscreen clearance (rule 'Pad to Silkscreen' clearance 0.1500 mm; actual 0.0000 mm)
    Rule: Pad to Silkscreen; warning
    @(194.7471 mm, 196.4392 mm): Rectangle on F.Silkscreen
    @(193.4000 mm, 202.0000 mm): Pad 4 [+3V3] of U3 on F.Cu
[silk_overlap]: Silkscreen clearance (rule 'Pad to Silkscreen' clearance 0.1500 mm; actual 0.0149 mm)
    Rule: Pad to Silkscreen; warning
    @(154.1071 mm, 195.6908 mm): Segment of J16 on F.Silkscreen
    @(153.2322 mm, 120.1707 mm): PTH pad 1 [/Can Split Terminators/CAN1.-] of SW5
[silk_overlap]: Silkscreen clearance (rule 'Pad to Silkscreen' clearance 0.1500 mm; actual 0.0149 mm)
    Rule: Pad to Silkscreen; warning
    @(154.1071 mm, 195.6908 mm): Segment of J16 on F.Silkscreen
    @(153.2322 mm, 117.6307 mm): PTH pad 2 [/Can Split Terminators/CAN2.+] of SW5
[silk_overlap]: Silkscreen clearance (rule 'Pad to Silkscreen' clearance 0.1500 mm; actual 0.0149 mm)
    Rule: Pad to Silkscreen; warning
    @(154.1071 mm, 195.6908 mm): Segment of J16 on F.Silkscreen
    @(153.2322 mm, 115.0907 mm): PTH pad 3 [/Can Split Terminators/Strobe1.+] of SW5
[silk_overlap]: Silkscreen clearance (rule 'Pad to Silkscreen' clearance 0.1500 mm; actual 0.1200 mm)
    Rule: Pad to Silkscreen; warning
    @(276.8190 mm, 104.4580 mm): Segment of D3 on F.Silkscreen
    @(277.1090 mm, 103.3780 mm): PTH pad 1 [GND] of D3
[silk_overlap]: Silkscreen clearance (rule 'Pad to Silkscreen' clearance 0.1500 mm; actual 0.1440 mm)
    Rule: Pad to Silkscreen; warning
    @(278.3790 mm, 103.3780 mm): Arc of D3 on F.Silkscreen
    @(279.6490 mm, 103.3780 mm): PTH pad 2 [Net-(D3-A)] of D3
[silk_overlap]: Silkscreen clearance (rule 'Pad to Silkscreen' clearance 0.1500 mm; actual 0.1200 mm)
    Rule: Pad to Silkscreen; warning
    @(278.3790 mm, 103.3780 mm): Arc of D3 on F.Silkscreen
    @(277.1090 mm, 103.3780 mm): PTH pad 1 [GND] of D3
[silk_overlap]: Silkscreen clearance (rule 'Pad to Silkscreen' clearance 0.1500 mm; actual 0.1200 mm)
    Rule: Pad to Silkscreen; warning
    @(276.8190 mm, 102.1420 mm): Segment of D3 on F.Silkscreen
    @(277.1090 mm, 103.3780 mm): PTH pad 1 [GND] of D3
[silk_overlap]: Silkscreen clearance (rule 'Pad to Silkscreen' clearance 0.1500 mm; actual 0.1440 mm)
    Rule: Pad to Silkscreen; warning
    @(278.3790 mm, 103.3780 mm): Arc of D3 on F.Silkscreen
    @(279.6490 mm, 103.3780 mm): PTH pad 2 [Net-(D3-A)] of D3
[silk_overlap]: Silkscreen clearance (rule 'Pad to Silkscreen' clearance 0.1500 mm; actual 0.1200 mm)
    Rule: Pad to Silkscreen; warning
    @(278.3790 mm, 103.3780 mm): Arc of D3 on F.Silkscreen
    @(277.1090 mm, 103.3780 mm): PTH pad 1 [GND] of D3
[silk_overlap]: Silkscreen clearance (rule 'Pad to Silkscreen' clearance 0.1500 mm; actual 0.1230 mm)
    Rule: Pad to Silkscreen; warning
    @(276.9700 mm, 100.8200 mm): Segment of D2 on F.Silkscreen
    @(277.1090 mm, 103.3780 mm): PTH pad 1 [GND] of D3
[silk_overlap]: Silkscreen clearance (rule 'Pad to Silkscreen' clearance 0.1500 mm; actual 0.1230 mm)
    Rule: Pad to Silkscreen; warning
    @(276.9700 mm, 102.2800 mm): Segment of D2 on F.Silkscreen
    @(277.1090 mm, 103.3780 mm): PTH pad 1 [GND] of D3
[silk_overlap]: Silkscreen clearance (rule 'Pad to Silkscreen' clearance 0.1500 mm; actual 0.1200 mm)
    Rule: Pad to Silkscreen; warning
    @(152.1800 mm, 194.0600 mm): Segment of D13 on F.Silkscreen
    @(151.1000 mm, 193.7700 mm): PTH pad 1 [GND] of D13
[silk_overlap]: Silkscreen clearance (rule 'Pad to Silkscreen' clearance 0.1500 mm; actual 0.1200 mm)
    Rule: Pad to Silkscreen; warning
    @(149.8640 mm, 194.0600 mm): Segment of D13 on F.Silkscreen
    @(151.1000 mm, 193.7700 mm): PTH pad 1 [GND] of D13
[silk_overlap]: Silkscreen clearance (rule 'Pad to Silkscreen' clearance 0.1500 mm; actual 0.1200 mm)
    Rule: Pad to Silkscreen; warning
    @(151.1000 mm, 192.5000 mm): Arc of D13 on F.Silkscreen
    @(151.1000 mm, 193.7700 mm): PTH pad 1 [GND] of D13
[silk_overlap]: Silkscreen clearance (rule 'Pad to Silkscreen' clearance 0.1500 mm; actual 0.1440 mm)
    Rule: Pad to Silkscreen; warning
    @(151.1000 mm, 192.5000 mm): Arc of D13 on F.Silkscreen
    @(151.1000 mm, 191.2300 mm): PTH pad 2 [Net-(D13-A)] of D13
[silk_overlap]: Silkscreen clearance (rule 'Pad to Silkscreen' clearance 0.1500 mm; actual 0.0592 mm)
    Rule: Pad to Silkscreen; warning
    @(151.1000 mm, 192.5000 mm): Arc of D13 on F.Silkscreen
    @(152.6500 mm, 192.7000 mm): Pad 1 [GND] of D8 on F.Cu
[silk_overlap]: Silkscreen clearance (rule 'Pad to Silkscreen' clearance 0.1500 mm; actual 0.1200 mm)
    Rule: Pad to Silkscreen; warning
    @(151.1000 mm, 192.5000 mm): Arc of D13 on F.Silkscreen
    @(151.1000 mm, 193.7700 mm): PTH pad 1 [GND] of D13
[silk_overlap]: Silkscreen clearance (rule 'Pad to Silkscreen' clearance 0.1500 mm; actual 0.1440 mm)
    Rule: Pad to Silkscreen; warning
    @(151.1000 mm, 192.5000 mm): Arc of D13 on F.Silkscreen
    @(151.1000 mm, 191.2300 mm): PTH pad 2 [Net-(D13-A)] of D13
[silk_overlap]: Silkscreen clearance (rule 'Pad to Silkscreen' clearance 0.1500 mm; actual 0.0000 mm)
    Rule: Pad to Silkscreen; warning
    @(195.1156 mm, 203.9968 mm): PCB text '13' on F.Silkscreen
    @(193.4000 mm, 202.0000 mm): Pad 4 [+3V3] of U3 on F.Cu
[silk_overlap]: Silkscreen clearance (rule 'Pad to Silkscreen' clearance 0.1500 mm; actual 0.0511 mm)
    Rule: Pad to Silkscreen; warning
    @(134.8476 mm, 201.4208 mm): Segment on F.Silkscreen
    @(193.4000 mm, 202.0000 mm): PTH pad 4 [+3V3] of U3
[silk_overlap]: Silkscreen clearance (rule 'Pad to Silkscreen' clearance 0.1500 mm; actual 0.0000 mm)
    Rule: Pad to Silkscreen; warning
    @(134.8476 mm, 201.4208 mm): Segment on F.Silkscreen
    @(193.4000 mm, 202.0000 mm): Pad 4 [+3V3] of U3 on F.Cu
[silk_overlap]: Silkscreen clearance (rule 'Pad to Silkscreen' clearance 0.1500 mm; actual 0.0000 mm)
    Rule: Pad to Silkscreen; warning
    @(134.8476 mm, 201.4208 mm): Segment on F.Silkscreen
    @(193.4000 mm, 201.0000 mm): PTH pad 4 [+3V3] of U3
[silk_overlap]: Silkscreen clearance (rule 'Pad to Silkscreen' clearance 0.1500 mm; actual 0.1200 mm)
    Rule: Pad to Silkscreen; warning
    @(145.2140 mm, 194.0600 mm): Segment of D12 on F.Silkscreen
    @(146.4500 mm, 193.7700 mm): PTH pad 1 [GND] of D12
[silk_overlap]: Silkscreen clearance (rule 'Pad to Silkscreen' clearance 0.1500 mm; actual 0.1200 mm)
    Rule: Pad to Silkscreen; warning
    @(140.5640 mm, 194.0600 mm): Segment of D11 on F.Silkscreen
    @(141.8000 mm, 193.7700 mm): PTH pad 1 [GND] of D11
[silk_overlap]: Silkscreen clearance (rule 'Pad to Silkscreen' clearance 0.1500 mm; actual 0.1200 mm)
    Rule: Pad to Silkscreen; warning
    @(142.8800 mm, 194.0600 mm): Segment of D11 on F.Silkscreen
    @(141.8000 mm, 193.7700 mm): PTH pad 1 [GND] of D11
[silk_overlap]: Silkscreen clearance (rule 'Pad to Silkscreen' clearance 0.1500 mm; actual 0.1440 mm)
    Rule: Pad to Silkscreen; warning
    @(141.8000 mm, 192.5000 mm): Arc of D11 on F.Silkscreen
    @(141.8000 mm, 191.2300 mm): PTH pad 2 [Net-(D11-A)] of D11
[silk_overlap]: Silkscreen clearance (rule 'Pad to Silkscreen' clearance 0.1500 mm; actual 0.1200 mm)
    Rule: Pad to Silkscreen; warning
    @(141.8000 mm, 192.5000 mm): Arc of D11 on F.Silkscreen
    @(141.8000 mm, 193.7700 mm): PTH pad 1 [GND] of D11
[silk_overlap]: Silkscreen clearance (rule 'Pad to Silkscreen' clearance 0.1500 mm; actual 0.1200 mm)
    Rule: Pad to Silkscreen; warning
    @(147.5300 mm, 194.0600 mm): Segment of D12 on F.Silkscreen
    @(146.4500 mm, 193.7700 mm): PTH pad 1 [GND] of D12
[silk_overlap]: Silkscreen clearance (rule 'Pad to Silkscreen' clearance 0.1500 mm; actual 0.1440 mm)
    Rule: Pad to Silkscreen; warning
    @(141.8000 mm, 192.5000 mm): Arc of D11 on F.Silkscreen
    @(141.8000 mm, 191.2300 mm): PTH pad 2 [Net-(D11-A)] of D11
[silk_overlap]: Silkscreen clearance (rule 'Pad to Silkscreen' clearance 0.1500 mm; actual 0.1200 mm)
    Rule: Pad to Silkscreen; warning
    @(141.8000 mm, 192.5000 mm): Arc of D11 on F.Silkscreen
    @(141.8000 mm, 193.7700 mm): PTH pad 1 [GND] of D11
[silk_overlap]: Silkscreen clearance (rule 'Pad to Silkscreen' clearance 0.1500 mm; actual 0.1200 mm)
    Rule: Pad to Silkscreen; warning
    @(146.4500 mm, 192.5000 mm): Arc of D12 on F.Silkscreen
    @(146.4500 mm, 193.7700 mm): PTH pad 1 [GND] of D12
[silk_overlap]: Silkscreen clearance (rule 'Pad to Silkscreen' clearance 0.1500 mm; actual 0.1440 mm)
    Rule: Pad to Silkscreen; warning
    @(146.4500 mm, 192.5000 mm): Arc of D12 on F.Silkscreen
    @(146.4500 mm, 191.2300 mm): PTH pad 2 [Net-(D1-A)] of D12
[silk_overlap]: Silkscreen clearance (rule 'Pad to Silkscreen' clearance 0.1500 mm; actual 0.1200 mm)
    Rule: Pad to Silkscreen; warning
    @(146.4500 mm, 192.5000 mm): Arc of D12 on F.Silkscreen
    @(146.4500 mm, 193.7700 mm): PTH pad 1 [GND] of D12
[silk_overlap]: Silkscreen clearance (rule 'Pad to Silkscreen' clearance 0.1500 mm; actual 0.1440 mm)
    Rule: Pad to Silkscreen; warning
    @(146.4500 mm, 192.5000 mm): Arc of D12 on F.Silkscreen
    @(146.4500 mm, 191.2300 mm): PTH pad 2 [Net-(D1-A)] of D12
[silk_overlap]: Silkscreen clearance (rule 'Pad to Silkscreen' clearance 0.1500 mm; actual 0.1420 mm)
    Rule: Pad to Silkscreen; warning
    @(200.2000 mm, 92.0500 mm): Rectangle on F.Silkscreen
    @(201.6760 mm, 92.6820 mm): Pad 2 [Net-(D34-Pad2)] of D34 on F.Cu
[silk_over_copper]: Silkscreen clipped by solder mask
    Local override; warning
    @(173.8500 mm, 199.1360 mm): Reference field of L1
    @(173.2280 mm, 199.7100 mm): Pad 2 [Net-(U1-SW)] of C1 on B.Cu
[silk_over_copper]: Silkscreen clipped by solder mask
    Local override; warning
    @(207.6600 mm, 90.0340 mm): Polygon of U4 on B.Silkscreen
    @(207.0020 mm, 89.6620 mm): Pad 2 [Net-(D34-Pad2)] of R38 on B.Cu
[silk_over_copper]: Silkscreen clipped by solder mask
    Local override; warning
    @(147.7300 mm, 192.3700 mm): Reference field of R1
    @(146.4500 mm, 193.7700 mm): PTH pad 1 [GND] of D12
[silk_over_copper]: Silkscreen clipped by solder mask
    Local override; warning
    @(147.7300 mm, 192.3700 mm): Reference field of R1
    @(146.4500 mm, 191.2300 mm): PTH pad 2 [Net-(D1-A)] of D12
[silk_overlap]: Silkscreen clearance (rule 'Pad to Silkscreen' clearance 0.1500 mm; actual 0.0250 mm)
    Rule: Pad to Silkscreen; warning
    @(220.2340 mm, 95.2120 mm): Segment of X2 on B.Silkscreen
    @(220.7340 mm, 96.0120 mm): Pad 1 [/FE2.1/XIN] of X2 on B.Cu
[silk_overlap]: Silkscreen clearance (rule 'Pad to Silkscreen' clearance 0.1500 mm; actual 0.0250 mm)
    Rule: Pad to Silkscreen; warning
    @(221.4340 mm, 95.2120 mm): Segment of X2 on B.Silkscreen
    @(220.7340 mm, 96.0120 mm): Pad 1 [/FE2.1/XIN] of X2 on B.Cu
[silk_overlap]: Silkscreen clearance (rule 'Pad to Silkscreen' clearance 0.1500 mm; actual 0.1000 mm)
    Rule: Pad to Silkscreen; warning
    @(153.1700 mm, 192.3436 mm): Segment of R18 on B.Silkscreen
    @(153.5500 mm, 191.6800 mm): Pad 2 [Net-(D13-A)] of R18 on B.Cu
[silk_overlap]: Silkscreen clearance (rule 'Pad to Silkscreen' clearance 0.1500 mm; actual 0.1000 mm)
    Rule: Pad to Silkscreen; warning
    @(153.1700 mm, 192.3436 mm): Segment of R18 on B.Silkscreen
    @(153.5500 mm, 192.7000 mm): Pad 1 [+5V] of R18 on B.Cu
[silk_overlap]: Silkscreen clearance (rule 'Pad to Silkscreen' clearance 0.1500 mm; actual 0.1000 mm)
    Rule: Pad to Silkscreen; warning
    @(153.9300 mm, 192.3436 mm): Segment of R18 on B.Silkscreen
    @(153.5500 mm, 191.6800 mm): Pad 2 [Net-(D13-A)] of R18 on B.Cu
[silk_overlap]: Silkscreen clearance (rule 'Pad to Silkscreen' clearance 0.1500 mm; actual 0.1000 mm)
    Rule: Pad to Silkscreen; warning
    @(153.9300 mm, 192.3436 mm): Segment of R18 on B.Silkscreen
    @(153.5500 mm, 192.7000 mm): Pad 1 [+5V] of R18 on B.Cu
[silk_overlap]: Silkscreen clearance (rule 'Pad to Silkscreen' clearance 0.1500 mm; actual 0.1000 mm)
    Rule: Pad to Silkscreen; warning
    @(148.5200 mm, 192.2164 mm): Segment of R1 on B.Silkscreen
    @(148.9000 mm, 191.8600 mm): Pad 1 [Vbat] of R1 on B.Cu
[silk_overlap]: Silkscreen clearance (rule 'Pad to Silkscreen' clearance 0.1500 mm; actual 0.1000 mm)
    Rule: Pad to Silkscreen; warning
    @(148.5200 mm, 192.2164 mm): Segment of R1 on B.Silkscreen
    @(148.9000 mm, 192.8800 mm): Pad 2 [Net-(D1-A)] of R1 on B.Cu
[silk_overlap]: Silkscreen clearance (rule 'Pad to Silkscreen' clearance 0.1500 mm; actual 0.1000 mm)
    Rule: Pad to Silkscreen; warning
    @(149.2800 mm, 192.2164 mm): Segment of R1 on B.Silkscreen
    @(148.9000 mm, 192.8800 mm): Pad 2 [Net-(D1-A)] of R1 on B.Cu
[silk_overlap]: Silkscreen clearance (rule 'Pad to Silkscreen' clearance 0.1500 mm; actual 0.1000 mm)
    Rule: Pad to Silkscreen; warning
    @(149.2800 mm, 192.2164 mm): Segment of R1 on B.Silkscreen
    @(148.9000 mm, 191.8600 mm): Pad 1 [Vbat] of R1 on B.Cu
[text_thickness]: Text thickness out of range (rule 'Silkscreen text' min thickness 0.1500 mm; actual 0.1000 mm)
    Rule: Silkscreen text; warning
    @(168.9111 mm, 111.2508 mm): PCB text '[USB-]
' on F.Silkscreen
[text_height]: Text height out of range (rule 'Silkscreen text' min height 1.0000 mm; actual 0.8000 mm)
    Rule: Silkscreen text; warning
    @(168.9111 mm, 111.2508 mm): PCB text '[USB-]
' on F.Silkscreen
[text_thickness]: Text thickness out of range (rule 'Silkscreen text' min thickness 0.1500 mm; actual 0.1000 mm)
    Rule: Silkscreen text; warning
    @(186.1831 mm, 111.5048 mm): PCB text '[USB+]
' on F.Silkscreen
[text_height]: Text height out of range (rule 'Silkscreen text' min height 1.0000 mm; actual 0.8000 mm)
    Rule: Silkscreen text; warning
    @(186.1831 mm, 111.5048 mm): PCB text '[USB+]
' on F.Silkscreen
[text_thickness]: Text thickness out of range (rule 'Silkscreen text' min thickness 0.1500 mm; actual 0.1000 mm)
    Rule: Silkscreen text; warning
    @(165.8620 mm, 116.8400 mm): PCB text '[CAN 1 H]' on F.Silkscreen
[text_thickness]: Text thickness out of range (rule 'Silkscreen text' min thickness 0.1500 mm; actual 0.1000 mm)
    Rule: Silkscreen text; warning
    @(165.8620 mm, 119.3929 mm): PCB text '[CAN 1 L]' on F.Silkscreen
[text_thickness]: Text thickness out of range (rule 'Silkscreen text' min thickness 0.1500 mm; actual 0.1000 mm)
    Rule: Silkscreen text; warning
    @(165.8620 mm, 124.4600 mm): PCB text '[CAN 2 H]' on F.Silkscreen
[text_thickness]: Text thickness out of range (rule 'Silkscreen text' min thickness 0.1500 mm; actual 0.1000 mm)
    Rule: Silkscreen text; warning
    @(165.8620 mm, 127.0129 mm): PCB text '[CAN 2 L]' on F.Silkscreen
[text_thickness]: Text thickness out of range (rule 'Silkscreen text' min thickness 0.1500 mm; actual 0.1000 mm)
    Rule: Silkscreen text; warning
    @(167.0528 mm, 132.3469 mm): PCB text 'GPIO 0' on F.Silkscreen
[text_thickness]: Text thickness out of range (rule 'Silkscreen text' min thickness 0.1500 mm; actual 0.1000 mm)
    Rule: Silkscreen text; warning
    @(167.0528 mm, 134.6329 mm): PCB text 'GPIO 1' on F.Silkscreen
[text_thickness]: Text thickness out of range (rule 'Silkscreen text' min thickness 0.1500 mm; actual 0.1000 mm)
    Rule: Silkscreen text; warning
    @(167.0528 mm, 136.9060 mm): PCB text 'GPIO 3' on F.Silkscreen
[text_thickness]: Text thickness out of range (rule 'Silkscreen text' min thickness 0.1500 mm; actual 0.1000 mm)
    Rule: Silkscreen text; warning
    @(167.0528 mm, 139.6988 mm): PCB text 'GPIO 4' on F.Silkscreen
[text_thickness]: Text thickness out of range (rule 'Silkscreen text' min thickness 0.1500 mm; actual 0.1000 mm)
    Rule: Silkscreen text; warning
    @(167.8940 mm, 165.0988 mm): PCB text 'Vbat' on F.Silkscreen
[text_thickness]: Text thickness out of range (rule 'Silkscreen text' min thickness 0.1500 mm; actual 0.1000 mm)
    Rule: Silkscreen text; warning
    @(167.8940 mm, 167.6400 mm): PCB text 'Vbat' on F.Silkscreen
[text_thickness]: Text thickness out of range (rule 'Silkscreen text' min thickness 0.1500 mm; actual 0.1000 mm)
    Rule: Silkscreen text; warning
    @(167.8940 mm, 170.4340 mm): PCB text 'Vbat' on F.Silkscreen
[text_thickness]: Text thickness out of range (rule 'Silkscreen text' min thickness 0.1500 mm; actual 0.1000 mm)
    Rule: Silkscreen text; warning
    @(167.8940 mm, 172.7200 mm): PCB text 'Vbat' on F.Silkscreen
[text_thickness]: Text thickness out of range (rule 'Silkscreen text' min thickness 0.1500 mm; actual 0.1000 mm)
    Rule: Silkscreen text; warning
    @(167.8940 mm, 175.2600 mm): PCB text 'Vbat' on F.Silkscreen
[text_thickness]: Text thickness out of range (rule 'Silkscreen text' min thickness 0.1500 mm; actual 0.1000 mm)
    Rule: Silkscreen text; warning
    @(167.8940 mm, 177.8000 mm): PCB text 'Vbat' on F.Silkscreen
[text_thickness]: Text thickness out of range (rule 'Silkscreen text' min thickness 0.1500 mm; actual 0.1000 mm)
    Rule: Silkscreen text; warning
    @(167.8940 mm, 180.3400 mm): PCB text 'Vbat' on F.Silkscreen
[text_thickness]: Text thickness out of range (rule 'Silkscreen text' min thickness 0.1500 mm; actual 0.1000 mm)
    Rule: Silkscreen text; warning
    @(167.8940 mm, 183.1340 mm): PCB text 'Vbat' on F.Silkscreen
[text_thickness]: Text thickness out of range (rule 'Silkscreen text' min thickness 0.1500 mm; actual 0.1000 mm)
    Rule: Silkscreen text; warning
    @(167.8940 mm, 185.6740 mm): PCB text 'Vbat' on F.Silkscreen
[text_thickness]: Text thickness out of range (rule 'Silkscreen text' min thickness 0.1500 mm; actual 0.1000 mm)
    Rule: Silkscreen text; warning
    @(167.9892 mm, 187.9600 mm): PCB text 'GND' on F.Silkscreen
[text_thickness]: Text thickness out of range (rule 'Silkscreen text' min thickness 0.1500 mm; actual 0.1000 mm)
    Rule: Silkscreen text; warning
    @(168.1480 mm, 122.1869 mm): PCB text 'GND' on F.Silkscreen
[text_thickness]: Text thickness out of range (rule 'Silkscreen text' min thickness 0.1500 mm; actual 0.1000 mm)
    Rule: Silkscreen text; warning
    @(168.1480 mm, 129.8069 mm): PCB text 'GND' on F.Silkscreen
[text_thickness]: Text thickness out of range (rule 'Silkscreen text' min thickness 0.1500 mm; actual 0.1000 mm)
    Rule: Silkscreen text; warning
    @(168.1480 mm, 142.2400 mm): PCB text 'GND' on F.Silkscreen
[text_thickness]: Text thickness out of range (rule 'Silkscreen text' min thickness 0.1500 mm; actual 0.1000 mm)
    Rule: Silkscreen text; warning
    @(168.1480 mm, 149.8600 mm): PCB text 'GND' on F.Silkscreen
[text_thickness]: Text thickness out of range (rule 'Silkscreen text' min thickness 0.1500 mm; actual 0.1000 mm)
    Rule: Silkscreen text; warning
    @(168.1480 mm, 152.4000 mm): PCB text 'GND' on F.Silkscreen
[text_thickness]: Text thickness out of range (rule 'Silkscreen text' min thickness 0.1500 mm; actual 0.1000 mm)
    Rule: Silkscreen text; warning
    @(168.1480 mm, 154.9400 mm): PCB text 'GND' on F.Silkscreen
[text_thickness]: Text thickness out of range (rule 'Silkscreen text' min thickness 0.1500 mm; actual 0.1000 mm)
    Rule: Silkscreen text; warning
    @(168.1480 mm, 157.4800 mm): PCB text 'GND' on F.Silkscreen
[text_thickness]: Text thickness out of range (rule 'Silkscreen text' min thickness 0.1500 mm; actual 0.1000 mm)
    Rule: Silkscreen text; warning
    @(168.1480 mm, 160.0200 mm): PCB text 'GND' on F.Silkscreen
[text_thickness]: Text thickness out of range (rule 'Silkscreen text' min thickness 0.1500 mm; actual 0.1000 mm)
    Rule: Silkscreen text; warning
    @(168.1480 mm, 162.5600 mm): PCB text 'GND' on F.Silkscreen
[text_thickness]: Text thickness out of range (rule 'Silkscreen text' min thickness 0.1500 mm; actual 0.1000 mm)
    Rule: Silkscreen text; warning
    @(168.3385 mm, 144.7788 mm): PCB text '12v' on F.Silkscreen
[text_thickness]: Text thickness out of range (rule 'Silkscreen text' min thickness 0.1500 mm; actual 0.1000 mm)
    Rule: Silkscreen text; warning
    @(168.3385 mm, 147.3188 mm): PCB text '12v' on F.Silkscreen
[text_thickness]: Text thickness out of range (rule 'Silkscreen text' min thickness 0.1500 mm; actual 0.1000 mm)
    Rule: Silkscreen text; warning
    @(168.4020 mm, 114.3000 mm): PCB text 'GND' on F.Silkscreen
[text_thickness]: Text thickness out of range (rule 'Silkscreen text' min thickness 0.1500 mm; actual 0.1000 mm)
    Rule: Silkscreen text; warning
    @(168.4456 mm, 109.2188 mm): PCB text 'GND' on F.Silkscreen
[text_thickness]: Text thickness out of range (rule 'Silkscreen text' min thickness 0.1500 mm; actual 0.1000 mm)
    Rule: Silkscreen text; warning
    @(186.1820 mm, 117.0940 mm): PCB text '[CAN 1 H]' on F.Silkscreen
[text_thickness]: Text thickness out of range (rule 'Silkscreen text' min thickness 0.1500 mm; actual 0.1000 mm)
    Rule: Silkscreen text; warning
    @(186.1820 mm, 119.6469 mm): PCB text '[CAN 1 L]' on F.Silkscreen
[text_thickness]: Text thickness out of range (rule 'Silkscreen text' min thickness 0.1500 mm; actual 0.1000 mm)
    Rule: Silkscreen text; warning
    @(186.1820 mm, 124.7140 mm): PCB text '[CAN 2 H]' on F.Silkscreen
[text_thickness]: Text thickness out of range (rule 'Silkscreen text' min thickness 0.1500 mm; actual 0.1000 mm)
    Rule: Silkscreen text; warning
    @(186.1820 mm, 127.2669 mm): PCB text '[CAN 2 L]' on F.Silkscreen
[text_thickness]: Text thickness out of range (rule 'Silkscreen text' min thickness 0.1500 mm; actual 0.1000 mm)
    Rule: Silkscreen text; warning
    @(187.4520 mm, 132.0800 mm): PCB text 'GPIO 0' on F.Silkscreen
[text_thickness]: Text thickness out of range (rule 'Silkscreen text' min thickness 0.1500 mm; actual 0.1000 mm)
    Rule: Silkscreen text; warning
    @(187.4520 mm, 134.3660 mm): PCB text 'GPIO 1' on F.Silkscreen
[text_thickness]: Text thickness out of range (rule 'Silkscreen text' min thickness 0.1500 mm; actual 0.1000 mm)
    Rule: Silkscreen text; warning
    @(187.4520 mm, 136.6391 mm): PCB text 'GPIO 3' on F.Silkscreen
[text_thickness]: Text thickness out of range (rule 'Silkscreen text' min thickness 0.1500 mm; actual 0.1000 mm)
    Rule: Silkscreen text; warning
    @(187.4520 mm, 139.4319 mm): PCB text 'GPIO 4' on F.Silkscreen
[text_thickness]: Text thickness out of range (rule 'Silkscreen text' min thickness 0.1500 mm; actual 0.1000 mm)
    Rule: Silkscreen text; warning
    @(188.2932 mm, 164.8319 mm): PCB text 'Vbat' on F.Silkscreen
[text_thickness]: Text thickness out of range (rule 'Silkscreen text' min thickness 0.1500 mm; actual 0.1000 mm)
    Rule: Silkscreen text; warning
    @(188.2932 mm, 167.3731 mm): PCB text 'Vbat' on F.Silkscreen
[text_thickness]: Text thickness out of range (rule 'Silkscreen text' min thickness 0.1500 mm; actual 0.1000 mm)
    Rule: Silkscreen text; warning
    @(188.2932 mm, 170.1671 mm): PCB text 'Vbat' on F.Silkscreen
[text_thickness]: Text thickness out of range (rule 'Silkscreen text' min thickness 0.1500 mm; actual 0.1000 mm)
    Rule: Silkscreen text; warning
    @(188.2932 mm, 172.4531 mm): PCB text 'Vbat' on F.Silkscreen
[text_thickness]: Text thickness out of range (rule 'Silkscreen text' min thickness 0.1500 mm; actual 0.1000 mm)
    Rule: Silkscreen text; warning
    @(188.2932 mm, 174.9931 mm): PCB text 'Vbat' on F.Silkscreen
[text_thickness]: Text thickness out of range (rule 'Silkscreen text' min thickness 0.1500 mm; actual 0.1000 mm)
    Rule: Silkscreen text; warning
    @(188.2932 mm, 177.5331 mm): PCB text 'Vbat' on F.Silkscreen
[text_thickness]: Text thickness out of range (rule 'Silkscreen text' min thickness 0.1500 mm; actual 0.1000 mm)
    Rule: Silkscreen text; warning
    @(188.2932 mm, 180.0731 mm): PCB text 'Vbat' on F.Silkscreen
[text_thickness]: Text thickness out of range (rule 'Silkscreen text' min thickness 0.1500 mm; actual 0.1000 mm)
    Rule: Silkscreen text; warning
    @(188.2932 mm, 182.8671 mm): PCB text 'Vbat' on F.Silkscreen
[text_thickness]: Text thickness out of range (rule 'Silkscreen text' min thickness 0.1500 mm; actual 0.1000 mm)
    Rule: Silkscreen text; warning
    @(188.2932 mm, 185.4071 mm): PCB text 'Vbat' on F.Silkscreen
[text_thickness]: Text thickness out of range (rule 'Silkscreen text' min thickness 0.1500 mm; actual 0.1000 mm)
    Rule: Silkscreen text; warning
    @(188.3885 mm, 187.6931 mm): PCB text 'GND' on F.Silkscreen
[text_thickness]: Text thickness out of range (rule 'Silkscreen text' min thickness 0.1500 mm; actual 0.1000 mm)
    Rule: Silkscreen text; warning
    @(188.4680 mm, 122.4409 mm): PCB text 'GND' on F.Silkscreen
[text_thickness]: Text thickness out of range (rule 'Silkscreen text' min thickness 0.1500 mm; actual 0.1000 mm)
    Rule: Silkscreen text; warning
    @(188.4680 mm, 129.8069 mm): PCB text 'GND' on F.Silkscreen
[text_thickness]: Text thickness out of range (rule 'Silkscreen text' min thickness 0.1500 mm; actual 0.1000 mm)
    Rule: Silkscreen text; warning
    @(188.4691 mm, 109.4728 mm): PCB text 'GND' on F.Silkscreen
[text_thickness]: Text thickness out of range (rule 'Silkscreen text' min thickness 0.1500 mm; actual 0.1000 mm)
    Rule: Silkscreen text; warning
    @(188.5472 mm, 141.9731 mm): PCB text 'GND' on F.Silkscreen
[text_thickness]: Text thickness out of range (rule 'Silkscreen text' min thickness 0.1500 mm; actual 0.1000 mm)
    Rule: Silkscreen text; warning
    @(188.5472 mm, 149.5931 mm): PCB text 'GND' on F.Silkscreen
[text_thickness]: Text thickness out of range (rule 'Silkscreen text' min thickness 0.1500 mm; actual 0.1000 mm)
    Rule: Silkscreen text; warning
    @(188.5472 mm, 152.1331 mm): PCB text 'GND' on F.Silkscreen
[text_thickness]: Text thickness out of range (rule 'Silkscreen text' min thickness 0.1500 mm; actual 0.1000 mm)
    Rule: Silkscreen text; warning
    @(188.5472 mm, 154.6731 mm): PCB text 'GND' on F.Silkscreen
[text_thickness]: Text thickness out of range (rule 'Silkscreen text' min thickness 0.1500 mm; actual 0.1000 mm)
    Rule: Silkscreen text; warning
    @(188.5472 mm, 157.2131 mm): PCB text 'GND' on F.Silkscreen
[text_thickness]: Text thickness out of range (rule 'Silkscreen text' min thickness 0.1500 mm; actual 0.1000 mm)
    Rule: Silkscreen text; warning
    @(188.5472 mm, 159.7531 mm): PCB text 'GND' on F.Silkscreen
[text_thickness]: Text thickness out of range (rule 'Silkscreen text' min thickness 0.1500 mm; actual 0.1000 mm)
    Rule: Silkscreen text; warning
    @(188.5472 mm, 162.2931 mm): PCB text 'GND' on F.Silkscreen
[text_thickness]: Text thickness out of range (rule 'Silkscreen text' min thickness 0.1500 mm; actual 0.1000 mm)
    Rule: Silkscreen text; warning
    @(188.7220 mm, 114.5540 mm): PCB text 'GND' on F.Silkscreen
[text_thickness]: Text thickness out of range (rule 'Silkscreen text' min thickness 0.1500 mm; actual 0.1000 mm)
    Rule: Silkscreen text; warning
    @(188.7377 mm, 144.5119 mm): PCB text '12v' on F.Silkscreen
[text_thickness]: Text thickness out of range (rule 'Silkscreen text' min thickness 0.1500 mm; actual 0.1000 mm)
    Rule: Silkscreen text; warning
    @(188.7377 mm, 147.0519 mm): PCB text '12v' on F.Silkscreen
[text_thickness]: Text thickness out of range (TrueType font characters with insufficient stroke weight)
    Rule: Silkscreen text; warning
    @(170.6880 mm, 97.5516 mm): PCB text 'modularity?simplified!' on F.Silkscreen
[text_height]: Text height out of range (rule 'Silkscreen text' min height 1.0000 mm; actual 0.6000 mm)
    Rule: Silkscreen text; warning
    @(256.3122 mm, 201.7840 mm): PCB text 'REV' on B.Silkscreen
[text_height]: Text height out of range (rule 'Silkscreen text' min height 1.0000 mm; actual 0.6000 mm)
    Rule: Silkscreen text; warning
    @(262.3122 mm, 202.2920 mm): PCB text 'MODULAR MECHANICA
Backplane 6-th sense
ARTEM.H. :)
2026' on B.Silkscreen
[text_height]: Text height out of range (rule 'Silkscreen text' min height 1.0000 mm; actual 0.6000 mm)
    Rule: Silkscreen text; warning
    @(266.7122 mm, 203.4920 mm): PCB text 'DESIGNED IN POLAND' on B.Silkscreen
[text_thickness]: Text thickness out of range (TrueType font characters with insufficient stroke weight)
    Rule: Silkscreen text; warning
    @(270.2571 mm, 103.3778 mm): PCB text 'USB 2.0' on B.Silkscreen
[text_height]: Text height out of range (rule 'Silkscreen text' min height 1.0000 mm; actual 0.8000 mm)
    Rule: Silkscreen text; warning
    @(270.2571 mm, 103.3778 mm): PCB text 'USB 2.0' on B.Silkscreen
[lib_footprint_mismatch]: Footprint 'DIN41612_R_3x32_Male_Vertical_THT' does not match copy in library 'Connector_DIN'
    Local override; warning
    @(218.1861 mm, 108.7123 mm): Footprint J19
[lib_footprint_mismatch]: Footprint 'DIN41612_R_3x32_Male_Vertical_THT' does not match copy in library 'Connector_DIN'
    Local override; warning
    @(197.8660 mm, 108.7120 mm): Footprint J18
[lib_footprint_mismatch]: Footprint 'DIN41612_R_3x32_Male_Vertical_THT' does not match copy in library 'Connector_DIN'
    Local override; warning
    @(238.5060 mm, 108.7124 mm): Footprint J20
[lib_footprint_mismatch]: Footprint 'DIN41612_R_3x32_Male_Vertical_THT' does not match copy in library 'Connector_DIN'
    Local override; warning
    @(157.2271 mm, 108.7108 mm): Footprint J16
[lib_footprint_mismatch]: Footprint 'DIN41612_R_3x32_Male_Vertical_THT' does not match copy in library 'Connector_DIN'
    Local override; warning
    @(177.5461 mm, 108.7121 mm): Footprint J17
[lib_footprint_mismatch]: Footprint 'DIN41612_R_3x32_Male_Vertical_THT' does not match copy in library 'Connector_DIN'
    Local override; warning
    @(258.8257 mm, 108.7123 mm): Footprint J21
[hole_to_hole]: Drilled hole too close to other hole (rule 'Clearance: hole to hole (perimeter), different nets' min 0.4995 mm; actual 0.3500 mm)
    Rule: Clearance: hole to hole (perimeter), different nets; warning
    @(202.4603 mm, 95.7496 mm): Via [/FE2.1/VD33] on F.Cu - B.Cu
    @(202.4380 mm, 95.1000 mm): Via [GND] on F.Cu - B.Cu
[hole_to_hole]: Drilled hole too close to other hole (rule 'Clearance: hole to hole (perimeter), different nets' min 0.4995 mm; actual 0.3200 mm)
    Rule: Clearance: hole to hole (perimeter), different nets; warning
    @(216.4080 mm, 103.8300 mm): Via [/FE2.1/USB_IN.D-] on F.Cu - B.Cu
    @(216.4080 mm, 104.4500 mm): Via [/FE2.1/USB_IN.D+] on F.Cu - B.Cu
[hole_to_hole]: Drilled hole too close to other hole (rule 'Clearance: hole to hole (perimeter), different nets' min 0.4995 mm; actual 0.3200 mm)
    Rule: Clearance: hole to hole (perimeter), different nets; warning
    @(254.8692 mm, 94.6808 mm): Via [/FE2.1/USB_IN.D-] on F.Cu - B.Cu
    @(254.4308 mm, 95.1192 mm): Via [/FE2.1/USB_IN.D+] on F.Cu - B.Cu
[hole_to_hole]: Drilled hole too close to other hole (rule 'Clearance: hole to hole (perimeter), different nets' min 0.4995 mm; actual 0.3200 mm)
    Rule: Clearance: hole to hole (perimeter), different nets; warning
    @(248.1928 mm, 104.1748 mm): Via [/FE2.1/USB4.D-] on F.Cu - B.Cu
    @(248.6312 mm, 104.6132 mm): Via [/FE2.1/USB4.D+] on F.Cu - B.Cu
[hole_to_hole]: Drilled hole too close to other hole (rule 'Clearance: hole to hole (perimeter), different nets' min 0.4995 mm; actual 0.3200 mm)
    Rule: Clearance: hole to hole (perimeter), different nets; warning
    @(248.1928 mm, 102.8352 mm): Via [/FE2.1/USB4.D-] on F.Cu - B.Cu
    @(248.6312 mm, 102.3968 mm): Via [/FE2.1/USB4.D+] on F.Cu - B.Cu
[hole_to_hole]: Drilled hole too close to other hole (rule 'Clearance: hole to hole (perimeter), different nets' min 0.4995 mm; actual 0.3200 mm)
    Rule: Clearance: hole to hole (perimeter), different nets; warning
    @(252.4517 mm, 106.3699 mm): Via [/FE2.1/USB4.D+] on F.Cu - B.Cu
    @(253.0717 mm, 106.3699 mm): Via [/FE2.1/USB4.D-] on F.Cu - B.Cu
[silk_edge_clearance]: Silkscreen clipped by board edge
    Rule: board setup constraints silk; warning
    @(133.5776 mm, 83.7308 mm): Rectangle on Edge.Cuts
    @(295.2296 mm, 102.0823 mm): Segment of J1 on F.Silkscreen
[silk_edge_clearance]: Silkscreen clipped by board edge
    Rule: board setup constraints silk; warning
    @(133.5776 mm, 83.7308 mm): Rectangle on Edge.Cuts
    @(133.6356 mm, 100.8208 mm): Segment of J2 on F.Silkscreen
[silk_edge_clearance]: Silkscreen clipped by board edge
    Rule: board setup constraints silk; warning
    @(133.5776 mm, 83.7308 mm): Rectangle on Edge.Cuts
    @(133.6356 mm, 195.3408 mm): Segment of J2 on F.Silkscreen
[via_dangling]: Via is not connected or connected on only one layer
    Local override; warning
    @(204.9500 mm, 95.9840 mm): Via [GND] on F.Cu - B.Cu
[via_dangling]: Via is not connected or connected on only one layer
    Local override; warning
    @(248.8500 mm, 100.3500 mm): Via [GND] on F.Cu - B.Cu
[via_dangling]: Via is not connected or connected on only one layer
    Local override; warning
    @(218.7000 mm, 92.5000 mm): Via [GND] on F.Cu - B.Cu
[via_dangling]: Via is not connected or connected on only one layer
    Local override; warning
    @(216.2980 mm, 97.0500 mm): Via [GND] on F.Cu - B.Cu
[via_dangling]: Via is not connected or connected on only one layer
    Local override; warning
    @(201.5998 mm, 95.3770 mm): Via [GND] on F.Cu - B.Cu
[via_dangling]: Via is not connected or connected on only one layer
    Local override; warning
    @(202.4380 mm, 95.1000 mm): Via [GND] on F.Cu - B.Cu
[via_dangling]: Via is not connected or connected on only one layer
    Local override; warning
    @(251.8500 mm, 104.2500 mm): Via [GND] on F.Cu - B.Cu
[via_dangling]: Via is not connected or connected on only one layer
    Local override; warning
    @(252.5500 mm, 93.2000 mm): Via [GND] on F.Cu - B.Cu
[via_dangling]: Via is not connected or connected on only one layer
    Local override; warning
    @(250.9000 mm, 96.7500 mm): Via [GND] on F.Cu - B.Cu
[via_dangling]: Via is not connected or connected on only one layer
    Local override; warning
    @(199.5000 mm, 92.8500 mm): Via [GND] on F.Cu - B.Cu
[via_dangling]: Via is not connected or connected on only one layer
    Local override; warning
    @(219.3544 mm, 95.0722 mm): Via [GND] on F.Cu - B.Cu
[via_dangling]: Via is not connected or connected on only one layer
    Local override; warning
    @(250.9000 mm, 97.6500 mm): Via [GND] on F.Cu - B.Cu
[via_dangling]: Via is not connected or connected on only one layer
    Local override; warning
    @(256.4500 mm, 96.2000 mm): Via [GND] on F.Cu - B.Cu
[via_dangling]: Via is not connected or connected on only one layer
    Local override; warning
    @(222.2500 mm, 98.2980 mm): Via [GND] on F.Cu - B.Cu
[via_dangling]: Via is not connected or connected on only one layer
    Local override; warning
    @(211.9800 mm, 101.3519 mm): Via [GND] on F.Cu - B.Cu
[via_dangling]: Via is not connected or connected on only one layer
    Local override; warning
    @(210.6600 mm, 102.3366 mm): Via [GND] on F.Cu - B.Cu
[via_dangling]: Via is not connected or connected on only one layer
    Local override; warning
    @(214.6300 mm, 98.8314 mm): Via [GND] on F.Cu - B.Cu
[via_dangling]: Via is not connected or connected on only one layer
    Local override; warning
    @(215.1380 mm, 101.8286 mm): Via [GND] on F.Cu - B.Cu
[via_dangling]: Via is not connected or connected on only one layer
    Local override; warning
    @(206.5000 mm, 100.1000 mm): Via [GND] on F.Cu - B.Cu
[via_dangling]: Via is not connected or connected on only one layer
    Local override; warning
    @(213.4000 mm, 91.9500 mm): Via [GND] on F.Cu - B.Cu
[track_dangling]: Track has unconnected end
    Local override; warning
    @(265.5397 mm, 96.8134 mm): Track [/Ext-conn-M/USB.D-] on B.Cu, length 13.1853 mm
[track_dangling]: Track has unconnected end
    Local override; warning
    @(279.0900 mm, 106.0900 mm): Track [/Ext-conn-M/USB.D-] on B.Cu, length 3.3400 mm
[track_dangling]: Track has unconnected end
    Local override; warning
    @(265.4072 mm, 97.1334 mm): Track [/Ext-conn-M/USB.D+] on B.Cu, length 13.0528 mm
[track_dangling]: Track has unconnected end
    Local override; warning
    @(277.6600 mm, 106.4100 mm): Track [/Ext-conn-M/USB.D+] on B.Cu, length 1.9100 mm
[isolated_copper]: Isolated copper fill
    Local override; warning
    @(136.7500 mm, 158.2500 mm): Zone '12v' [+12V] on B.Cu, priority 1

** Found 499 unconnected pads **
[unconnected_items]: Missing connection between items
    Local override; error
    @(128.7500 mm, 130.7500 mm): Pad 2 [GND] of C22 on B.Cu
    @(128.7500 mm, 134.6900 mm): Pad 2 [GND] of C24 on B.Cu
[unconnected_items]: Missing connection between items
    Local override; error
    @(128.7500 mm, 134.6900 mm): Pad 2 [GND] of C24 on B.Cu
    @(141.4756 mm, 134.1108 mm): PTH pad b22 [GND] of J2
[unconnected_items]: Missing connection between items
    Local override; error
    @(141.4756 mm, 108.7108 mm): PTH pad b32 [GND] of J2
    @(138.9356 mm, 108.7108 mm): PTH pad a32 [GND] of J2
[unconnected_items]: Missing connection between items
    Local override; error
    @(141.4756 mm, 126.4908 mm): PTH pad b25 [GND] of J2
    @(141.4756 mm, 123.9508 mm): PTH pad b26 [GND] of J2
[unconnected_items]: Missing connection between items
    Local override; error
    @(141.4756 mm, 126.4908 mm): PTH pad b25 [GND] of J2
    @(141.4756 mm, 129.0308 mm): PTH pad b24 [GND] of J2
[unconnected_items]: Missing connection between items
    Local override; error
    @(141.4756 mm, 129.0308 mm): PTH pad b24 [GND] of J2
    @(141.4756 mm, 131.5708 mm): PTH pad b23 [GND] of J2
[unconnected_items]: Missing connection between items
    Local override; error
    @(141.4756 mm, 131.5708 mm): PTH pad b23 [GND] of J2
    @(141.4756 mm, 134.1108 mm): PTH pad b22 [GND] of J2
[unconnected_items]: Missing connection between items
    Local override; error
    @(141.4756 mm, 134.1108 mm): PTH pad b22 [GND] of J2
    @(141.4756 mm, 136.6508 mm): PTH pad b21 [GND] of J2
[unconnected_items]: Missing connection between items
    Local override; error
    @(141.4756 mm, 136.6508 mm): PTH pad b21 [GND] of J2
    @(141.4756 mm, 139.1908 mm): PTH pad b20 [GND] of J2
[unconnected_items]: Missing connection between items
    Local override; error
    @(141.4756 mm, 141.7308 mm): PTH pad b19 [GND] of J2
    @(141.4756 mm, 144.2708 mm): PTH pad b18 [GND] of J2
[unconnected_items]: Missing connection between items
    Local override; error
    @(141.4756 mm, 141.7308 mm): PTH pad b19 [GND] of J2
    @(141.4756 mm, 139.1908 mm): PTH pad b20 [GND] of J2
[unconnected_items]: Missing connection between items
    Local override; error
    @(141.4756 mm, 144.2708 mm): PTH pad b18 [GND] of J2
    @(141.4756 mm, 146.8108 mm): PTH pad b17 [GND] of J2
[unconnected_items]: Missing connection between items
    Local override; error
    @(141.4756 mm, 146.8108 mm): PTH pad b17 [GND] of J2
    @(141.4756 mm, 149.3508 mm): PTH pad b16 [GND] of J2
[unconnected_items]: Missing connection between items
    Local override; error
    @(141.4756 mm, 149.3508 mm): PTH pad b16 [GND] of J2
    @(141.4756 mm, 151.8908 mm): PTH pad b15 [GND] of J2
[unconnected_items]: Missing connection between items
    Local override; error
    @(141.4756 mm, 151.8908 mm): PTH pad b15 [GND] of J2
    @(141.4756 mm, 154.4308 mm): PTH pad b14 [GND] of J2
[unconnected_items]: Missing connection between items
    Local override; error
    @(141.4756 mm, 154.4308 mm): PTH pad b14 [GND] of J2
    @(141.4756 mm, 156.9708 mm): PTH pad b13 [GND] of J2
[unconnected_items]: Missing connection between items
    Local override; error
    @(141.4756 mm, 156.9708 mm): PTH pad b13 [GND] of J2
    @(141.4756 mm, 159.5108 mm): PTH pad b12 [GND] of J2
[unconnected_items]: Missing connection between items
    Local override; error
    @(141.4756 mm, 162.0508 mm): PTH pad b11 [GND] of J2
    @(141.4756 mm, 159.5108 mm): PTH pad b12 [GND] of J2
[unconnected_items]: Missing connection between items
    Local override; error
    @(141.4756 mm, 164.5908 mm): PTH pad b10 [GND] of J2
    @(138.9356 mm, 164.5908 mm): PTH pad a10 [GND] of J2
[unconnected_items]: Missing connection between items
    Local override; error
    @(141.4756 mm, 164.5908 mm): PTH pad b10 [GND] of J2
    @(141.4756 mm, 162.0508 mm): PTH pad b11 [GND] of J2
[unconnected_items]: Missing connection between items
    Local override; error
    @(141.4756 mm, 164.5908 mm): PTH pad b10 [GND] of J2
    @(144.0156 mm, 164.5908 mm): PTH pad c10 [GND] of J2
[unconnected_items]: Missing connection between items
    Local override; error
    @(144.0156 mm, 108.7108 mm): PTH pad c32 [GND] of J2
    @(141.4756 mm, 108.7108 mm): PTH pad b32 [GND] of J2
[unconnected_items]: Missing connection between items
    Local override; error
    @(147.0580 mm, 108.4580 mm): Pad 2 [GND] of R26 on B.Cu
    @(144.0156 mm, 108.7108 mm): PTH pad c32 [GND] of J2
[unconnected_items]: Missing connection between items
    Local override; error
    @(147.0580 mm, 108.4580 mm): Pad 2 [GND] of R26 on B.Cu
    @(157.2271 mm, 108.7108 mm): PTH pad a1 [GND] of J16
[unconnected_items]: Missing connection between items
    Local override; error
    @(150.0000 mm, 166.6500 mm): PTH pad 1 [GND] of J6
    @(144.0156 mm, 164.5908 mm): PTH pad c10 [GND] of J2
[unconnected_items]: Missing connection between items
    Local override; error
    @(150.0000 mm, 166.6500 mm): PTH pad 1 [GND] of J6
    @(287.6022 mm, 187.4790 mm): Zone 'GND' [GND] on In1.Cu and In2.Cu, priority 0
[unconnected_items]: Missing connection between items
    Local override; error
    @(157.2271 mm, 108.7108 mm): PTH pad a1 [GND] of J16
    @(159.7671 mm, 108.7108 mm): PTH pad b1 [GND] of J16
[unconnected_items]: Missing connection between items
    Local override; error
    @(157.2271 mm, 164.5908 mm): PTH pad a23 [GND] of J16
    @(150.0000 mm, 166.6500 mm): PTH pad 1 [GND] of J6
[unconnected_items]: Missing connection between items
    Local override; error
    @(159.7671 mm, 108.7108 mm): PTH pad b1 [GND] of J16
    @(162.3071 mm, 108.7108 mm): PTH pad c1 [GND] of J16
[unconnected_items]: Missing connection between items
    Local override; error
    @(159.7671 mm, 126.4908 mm): PTH pad b8 [GND] of J16
    @(159.7671 mm, 123.9508 mm): PTH pad b7 [GND] of J16
[unconnected_items]: Missing connection between items
    Local override; error
    @(159.7671 mm, 129.0308 mm): PTH pad b9 [GND] of J16
    @(159.7671 mm, 126.4908 mm): PTH pad b8 [GND] of J16
[unconnected_items]: Missing connection between items
    Local override; error
    @(159.7671 mm, 131.5708 mm): PTH pad b10 [GND] of J16
    @(159.7671 mm, 129.0308 mm): PTH pad b9 [GND] of J16
[unconnected_items]: Missing connection between items
    Local override; error
    @(159.7671 mm, 134.1108 mm): PTH pad b11 [GND] of J16
    @(159.7671 mm, 131.5708 mm): PTH pad b10 [GND] of J16
[unconnected_items]: Missing connection between items
    Local override; error
    @(159.7671 mm, 136.6508 mm): PTH pad b12 [GND] of J16
    @(159.7671 mm, 134.1108 mm): PTH pad b11 [GND] of J16
[unconnected_items]: Missing connection between items
    Local override; error
    @(159.7671 mm, 139.1908 mm): PTH pad b13 [GND] of J16
    @(159.7671 mm, 136.6508 mm): PTH pad b12 [GND] of J16
[unconnected_items]: Missing connection between items
    Local override; error
    @(159.7671 mm, 141.7308 mm): PTH pad b14 [GND] of J16
    @(159.7671 mm, 139.1908 mm): PTH pad b13 [GND] of J16
[unconnected_items]: Missing connection between items
    Local override; error
    @(159.7671 mm, 144.2708 mm): PTH pad b15 [GND] of J16
    @(159.7671 mm, 141.7308 mm): PTH pad b14 [GND] of J16
[unconnected_items]: Missing connection between items
    Local override; error
    @(159.7671 mm, 146.8108 mm): PTH pad b16 [GND] of J16
    @(159.7671 mm, 144.2708 mm): PTH pad b15 [GND] of J16
[unconnected_items]: Missing connection between items
    Local override; error
    @(159.7671 mm, 149.3508 mm): PTH pad b17 [GND] of J16
    @(159.7671 mm, 146.8108 mm): PTH pad b16 [GND] of J16
[unconnected_items]: Missing connection between items
    Local override; error
    @(159.7671 mm, 151.8908 mm): PTH pad b18 [GND] of J16
    @(159.7671 mm, 149.3508 mm): PTH pad b17 [GND] of J16
[unconnected_items]: Missing connection between items
    Local override; error
    @(159.7671 mm, 154.4308 mm): PTH pad b19 [GND] of J16
    @(159.7671 mm, 151.8908 mm): PTH pad b18 [GND] of J16
[unconnected_items]: Missing connection between items
    Local override; error
    @(159.7671 mm, 156.9708 mm): PTH pad b20 [GND] of J16
    @(159.7671 mm, 154.4308 mm): PTH pad b19 [GND] of J16
[unconnected_items]: Missing connection between items
    Local override; error
    @(159.7671 mm, 156.9708 mm): PTH pad b20 [GND] of J16
    @(159.7671 mm, 159.5108 mm): PTH pad b21 [GND] of J16
[unconnected_items]: Missing connection between items
    Local override; error
    @(159.7671 mm, 162.0508 mm): PTH pad b22 [GND] of J16
    @(159.7671 mm, 164.5908 mm): PTH pad b23 [GND] of J16
[unconnected_items]: Missing connection between items
    Local override; error
    @(159.7671 mm, 162.0508 mm): PTH pad b22 [GND] of J16
    @(159.7671 mm, 159.5108 mm): PTH pad b21 [GND] of J16
[unconnected_items]: Missing connection between items
    Local override; error
    @(159.7671 mm, 164.5908 mm): PTH pad b23 [GND] of J16
    @(157.2271 mm, 164.5908 mm): PTH pad a23 [GND] of J16
[unconnected_items]: Missing connection between items
    Local override; error
    @(159.7671 mm, 164.5908 mm): PTH pad b23 [GND] of J16
    @(162.3071 mm, 164.5908 mm): PTH pad c23 [GND] of J16
[unconnected_items]: Missing connection between items
    Local override; error
    @(162.3071 mm, 108.7108 mm): PTH pad c1 [GND] of J16
    @(177.5461 mm, 108.7121 mm): PTH pad a1 [GND] of J17
[unconnected_items]: Missing connection between items
    Local override; error
    @(177.5461 mm, 164.5921 mm): PTH pad a23 [GND] of J17
    @(180.0861 mm, 164.5921 mm): PTH pad b23 [GND] of J17
[unconnected_items]: Missing connection between items
    Local override; error
    @(177.5461 mm, 164.5921 mm): PTH pad a23 [GND] of J17
    @(162.3071 mm, 164.5908 mm): PTH pad c23 [GND] of J16
[unconnected_items]: Missing connection between items
    Local override; error
    @(180.0861 mm, 108.7121 mm): PTH pad b1 [GND] of J17
    @(177.5461 mm, 108.7121 mm): PTH pad a1 [GND] of J17
[unconnected_items]: Missing connection between items
    Local override; error
    @(180.0861 mm, 108.7121 mm): PTH pad b1 [GND] of J17
    @(182.6261 mm, 108.7121 mm): PTH pad c1 [GND] of J17
[unconnected_items]: Missing connection between items
    Local override; error
    @(180.0861 mm, 123.9521 mm): PTH pad b7 [GND] of J17
    @(180.0861 mm, 126.4921 mm): PTH pad b8 [GND] of J17
[unconnected_items]: Missing connection between items
    Local override; error
    @(180.0861 mm, 126.4921 mm): PTH pad b8 [GND] of J17
    @(180.0861 mm, 129.0321 mm): PTH pad b9 [GND] of J17
[unconnected_items]: Missing connection between items
    Local override; error
    @(180.0861 mm, 129.0321 mm): PTH pad b9 [GND] of J17
    @(180.0861 mm, 131.5721 mm): PTH pad b10 [GND] of J17
[unconnected_items]: Missing connection between items
    Local override; error
    @(180.0861 mm, 134.1121 mm): PTH pad b11 [GND] of J17
    @(180.0861 mm, 136.6521 mm): PTH pad b12 [GND] of J17
[unconnected_items]: Missing connection between items
    Local override; error
    @(180.0861 mm, 134.1121 mm): PTH pad b11 [GND] of J17
    @(180.0861 mm, 131.5721 mm): PTH pad b10 [GND] of J17
[unconnected_items]: Missing connection between items
    Local override; error
    @(180.0861 mm, 139.1921 mm): PTH pad b13 [GND] of J17
    @(180.0861 mm, 136.6521 mm): PTH pad b12 [GND] of J17
[unconnected_items]: Missing connection between items
    Local override; error
    @(180.0861 mm, 141.7321 mm): PTH pad b14 [GND] of J17
    @(180.0861 mm, 139.1921 mm): PTH pad b13 [GND] of J17
[unconnected_items]: Missing connection between items
    Local override; error
    @(180.0861 mm, 144.2721 mm): PTH pad b15 [GND] of J17
    @(180.0861 mm, 141.7321 mm): PTH pad b14 [GND] of J17
[unconnected_items]: Missing connection between items
    Local override; error
    @(180.0861 mm, 146.8121 mm): PTH pad b16 [GND] of J17
    @(180.0861 mm, 144.2721 mm): PTH pad b15 [GND] of J17
[unconnected_items]: Missing connection between items
    Local override; error
    @(180.0861 mm, 149.3521 mm): PTH pad b17 [GND] of J17
    @(180.0861 mm, 146.8121 mm): PTH pad b16 [GND] of J17
[unconnected_items]: Missing connection between items
    Local override; error
    @(180.0861 mm, 151.8921 mm): PTH pad b18 [GND] of J17
    @(180.0861 mm, 149.3521 mm): PTH pad b17 [GND] of J17
[unconnected_items]: Missing connection between items
    Local override; error
    @(180.0861 mm, 154.4321 mm): PTH pad b19 [GND] of J17
    @(180.0861 mm, 151.8921 mm): PTH pad b18 [GND] of J17
[unconnected_items]: Missing connection between items
    Local override; error
    @(180.0861 mm, 156.9721 mm): PTH pad b20 [GND] of J17
    @(180.0861 mm, 154.4321 mm): PTH pad b19 [GND] of J17
[unconnected_items]: Missing connection between items
    Local override; error
    @(180.0861 mm, 159.5121 mm): PTH pad b21 [GND] of J17
    @(180.0861 mm, 156.9721 mm): PTH pad b20 [GND] of J17
[unconnected_items]: Missing connection between items
    Local override; error
    @(180.0861 mm, 162.0521 mm): PTH pad b22 [GND] of J17
    @(180.0861 mm, 159.5121 mm): PTH pad b21 [GND] of J17
[unconnected_items]: Missing connection between items
    Local override; error
    @(180.0861 mm, 164.5921 mm): PTH pad b23 [GND] of J17
    @(180.0861 mm, 162.0521 mm): PTH pad b22 [GND] of J17
[unconnected_items]: Missing connection between items
    Local override; error
    @(182.6261 mm, 164.5921 mm): PTH pad c23 [GND] of J17
    @(180.0861 mm, 164.5921 mm): PTH pad b23 [GND] of J17
[unconnected_items]: Missing connection between items
    Local override; error
    @(197.8660 mm, 108.7120 mm): PTH pad a1 [GND] of J18
    @(182.6261 mm, 108.7121 mm): PTH pad c1 [GND] of J17
[unconnected_items]: Missing connection between items
    Local override; error
    @(197.8660 mm, 164.5920 mm): PTH pad a23 [GND] of J18
    @(182.6261 mm, 164.5921 mm): PTH pad c23 [GND] of J17
[unconnected_items]: Missing connection between items
    Local override; error
    @(200.4060 mm, 108.7120 mm): PTH pad b1 [GND] of J18
    @(202.9460 mm, 108.7120 mm): PTH pad c1 [GND] of J18
[unconnected_items]: Missing connection between items
    Local override; error
    @(200.4060 mm, 108.7120 mm): PTH pad b1 [GND] of J18
    @(197.8660 mm, 108.7120 mm): PTH pad a1 [GND] of J18
[unconnected_items]: Missing connection between items
    Local override; error
    @(200.4060 mm, 108.7120 mm): PTH pad b1 [GND] of J18
    @(200.4060 mm, 123.9520 mm): PTH pad b7 [GND] of J18
[unconnected_items]: Missing connection between items
    Local override; error
    @(200.4060 mm, 126.4920 mm): PTH pad b8 [GND] of J18
    @(200.4060 mm, 123.9520 mm): PTH pad b7 [GND] of J18
[unconnected_items]: Missing connection between items
    Local override; error
    @(200.4060 mm, 129.0320 mm): PTH pad b9 [GND] of J18
    @(200.4060 mm, 126.4920 mm): PTH pad b8 [GND] of J18
[unconnected_items]: Missing connection between items
    Local override; error
    @(200.4060 mm, 131.5720 mm): PTH pad b10 [GND] of J18
    @(200.4060 mm, 129.0320 mm): PTH pad b9 [GND] of J18
[unconnected_items]: Missing connection between items
    Local override; error
    @(200.4060 mm, 134.1120 mm): PTH pad b11 [GND] of J18
    @(200.4060 mm, 131.5720 mm): PTH pad b10 [GND] of J18
[unconnected_items]: Missing connection between items
    Local override; error
    @(200.4060 mm, 136.6520 mm): PTH pad b12 [GND] of J18
    @(200.4060 mm, 139.1920 mm): PTH pad b13 [GND] of J18
[unconnected_items]: Missing connection between items
    Local override; error
    @(200.4060 mm, 136.6520 mm): PTH pad b12 [GND] of J18
    @(200.4060 mm, 134.1120 mm): PTH pad b11 [GND] of J18
[unconnected_items]: Missing connection between items
    Local override; error
    @(200.4060 mm, 139.1920 mm): PTH pad b13 [GND] of J18
    @(200.4060 mm, 141.7320 mm): PTH pad b14 [GND] of J18
[unconnected_items]: Missing connection between items
    Local override; error
    @(200.4060 mm, 141.7320 mm): PTH pad b14 [GND] of J18
    @(200.4060 mm, 144.2720 mm): PTH pad b15 [GND] of J18
[unconnected_items]: Missing connection between items
    Local override; error
    @(200.4060 mm, 144.2720 mm): PTH pad b15 [GND] of J18
    @(200.4060 mm, 146.8120 mm): PTH pad b16 [GND] of J18
[unconnected_items]: Missing connection between items
    Local override; error
    @(200.4060 mm, 146.8120 mm): PTH pad b16 [GND] of J18
    @(200.4060 mm, 149.3520 mm): PTH pad b17 [GND] of J18
[unconnected_items]: Missing connection between items
    Local override; error
    @(200.4060 mm, 149.3520 mm): PTH pad b17 [GND] of J18
    @(200.4060 mm, 151.8920 mm): PTH pad b18 [GND] of J18
[unconnected_items]: Missing connection between items
    Local override; error
    @(200.4060 mm, 151.8920 mm): PTH pad b18 [GND] of J18
    @(200.4060 mm, 154.4320 mm): PTH pad b19 [GND] of J18
[unconnected_items]: Missing connection between items
    Local override; error
    @(200.4060 mm, 154.4320 mm): PTH pad b19 [GND] of J18
    @(200.4060 mm, 156.9720 mm): PTH pad b20 [GND] of J18
[unconnected_items]: Missing connection between items
    Local override; error
    @(200.4060 mm, 156.9720 mm): PTH pad b20 [GND] of J18
    @(200.4060 mm, 159.5120 mm): PTH pad b21 [GND] of J18
[unconnected_items]: Missing connection between items
    Local override; error
    @(200.4060 mm, 159.5120 mm): PTH pad b21 [GND] of J18
    @(200.4060 mm, 162.0520 mm): PTH pad b22 [GND] of J18
[unconnected_items]: Missing connection between items
    Local override; error
    @(200.4060 mm, 162.0520 mm): PTH pad b22 [GND] of J18
    @(200.4060 mm, 164.5920 mm): PTH pad b23 [GND] of J18
[unconnected_items]: Missing connection between items
    Local override; error
    @(200.4060 mm, 164.5920 mm): PTH pad b23 [GND] of J18
    @(197.8660 mm, 164.5920 mm): PTH pad a23 [GND] of J18
[unconnected_items]: Missing connection between items
    Local override; error
    @(200.4060 mm, 164.5920 mm): PTH pad b23 [GND] of J18
    @(202.9460 mm, 164.5920 mm): PTH pad c23 [GND] of J18
[unconnected_items]: Missing connection between items
    Local override; error
    @(201.6760 mm, 94.2620 mm): Track [GND] on F.Cu, length 1.0388 mm
    @(202.0080 mm, 92.7100 mm): Track [GND] on B.Cu, length 1.5480 mm
[unconnected_items]: Missing connection between items
    Local override; error
    @(201.6760 mm, 95.3008 mm): Track [GND] on F.Cu, length 0.1078 mm
    @(202.4380 mm, 95.1000 mm): Track [GND] on B.Cu, length 0.1205 mm
[unconnected_items]: Missing connection between items
    Local override; error
    @(202.9460 mm, 108.7120 mm): PTH pad c1 [GND] of J18
    @(206.5000 mm, 100.1000 mm): Via [GND] on F.Cu - B.Cu
[unconnected_items]: Missing connection between items
    Local override; error
    @(204.9500 mm, 95.9840 mm): Via [GND] on F.Cu - B.Cu
    @(203.2085 mm, 95.7500 mm): Track [GND] on B.Cu, length 0.0113 mm
[unconnected_items]: Missing connection between items
    Local override; error
    @(207.0105 mm, 100.0765 mm): Track [GND] on B.Cu, length 0.2149 mm
    @(204.9500 mm, 95.9840 mm): Track [GND] on B.Cu, length 1.7100 mm
[unconnected_items]: Missing connection between items
    Local override; error
    @(207.0105 mm, 100.0765 mm): Track [GND] on B.Cu, length 0.2149 mm
    @(210.5660 mm, 101.5920 mm): Track [GND] on B.Cu, length 0.5922 mm
[unconnected_items]: Missing connection between items
    Local override; error
    @(212.0905 mm, 101.2415 mm): Track [GND] on B.Cu, length 0.1562 mm
    @(210.5660 mm, 101.5920 mm): Track [GND] on B.Cu, length 0.5922 mm
[unconnected_items]: Missing connection between items
    Local override; error
    @(214.6220 mm, 101.6660 mm): Track [GND] on B.Cu, length 0.6251 mm
    @(212.0905 mm, 100.8300 mm): Track [GND] on B.Cu, length 0.4115 mm
[unconnected_items]: Missing connection between items
    Local override; error
    @(214.6225 mm, 99.8220 mm): Track [GND] on B.Cu, length 0.9830 mm
    @(214.6220 mm, 100.8380 mm): Track [GND] on B.Cu, length 0.8280 mm
[unconnected_items]: Missing connection between items
    Local override; error
    @(214.1800 mm, 102.1080 mm): Track [GND] on B.Cu, length 0.6786 mm
    @(218.1861 mm, 108.7123 mm): PTH pad a1 [GND] of J19
[unconnected_items]: Missing connection between items
    Local override; error
    @(214.9800 mm, 96.9840 mm): Track [GND] on B.Cu, length 1.2520 mm
    @(214.6225 mm, 98.8389 mm): Track [GND] on B.Cu, length 0.0107 mm
[unconnected_items]: Missing connection between items
    Local override; error
    @(216.2320 mm, 96.9840 mm): Track [GND] on B.Cu, length 0.0933 mm
    @(217.6705 mm, 95.2500 mm): Pad 2 [GND] of C36 on B.Cu
[unconnected_items]: Missing connection between items
    Local override; error
    @(218.1000 mm, 92.4560 mm): Track [GND] on B.Cu, length 0.5560 mm
    @(212.5700 mm, 91.1200 mm): Track [GND] on B.Cu, length 1.1738 mm
[unconnected_items]: Missing connection between items
    Local override; error
    @(218.1861 mm, 108.7123 mm): PTH pad a1 [GND] of J19
    @(220.7261 mm, 108.7123 mm): PTH pad b1 [GND] of J19
[unconnected_items]: Missing connection between items
    Local override; error
    @(218.1861 mm, 164.5923 mm): PTH pad a23 [GND] of J19
    @(220.7261 mm, 164.5923 mm): PTH pad b23 [GND] of J19
[unconnected_items]: Missing connection between items
    Local override; error
    @(219.3544 mm, 95.0722 mm): Via [GND] on F.Cu - B.Cu
    @(218.6560 mm, 92.4560 mm): Track [GND] on B.Cu, length 0.0622 mm
[unconnected_items]: Missing connection between items
    Local override; error
    @(220.7261 mm, 108.7123 mm): PTH pad b1 [GND] of J19
    @(223.2661 mm, 108.7123 mm): PTH pad c1 [GND] of J19
[unconnected_items]: Missing connection between items
    Local override; error
    @(220.7261 mm, 123.9523 mm): PTH pad b7 [GND] of J19
    @(220.7261 mm, 126.4923 mm): PTH pad b8 [GND] of J19
[unconnected_items]: Missing connection between items
    Local override; error
    @(220.7261 mm, 126.4923 mm): PTH pad b8 [GND] of J19
    @(220.7261 mm, 129.0323 mm): PTH pad b9 [GND] of J19
[unconnected_items]: Missing connection between items
    Local override; error
    @(220.7261 mm, 129.0323 mm): PTH pad b9 [GND] of J19
    @(220.7261 mm, 131.5723 mm): PTH pad b10 [GND] of J19
[unconnected_items]: Missing connection between items
    Local override; error
    @(220.7261 mm, 131.5723 mm): PTH pad b10 [GND] of J19
    @(220.7261 mm, 134.1123 mm): PTH pad b11 [GND] of J19
[unconnected_items]: Missing connection between items
    Local override; error
    @(220.7261 mm, 134.1123 mm): PTH pad b11 [GND] of J19
    @(220.7261 mm, 136.6523 mm): PTH pad b12 [GND] of J19
[unconnected_items]: Missing connection between items
    Local override; error
    @(220.7261 mm, 139.1923 mm): PTH pad b13 [GND] of J19
    @(220.7261 mm, 141.7323 mm): PTH pad b14 [GND] of J19
[unconnected_items]: Missing connection between items
    Local override; error
    @(220.7261 mm, 139.1923 mm): PTH pad b13 [GND] of J19
    @(220.7261 mm, 136.6523 mm): PTH pad b12 [GND] of J19
[unconnected_items]: Missing connection between items
    Local override; error
    @(220.7261 mm, 141.7323 mm): PTH pad b14 [GND] of J19
    @(220.7261 mm, 144.2723 mm): PTH pad b15 [GND] of J19
[unconnected_items]: Missing connection between items
    Local override; error
    @(220.7261 mm, 144.2723 mm): PTH pad b15 [GND] of J19
    @(220.7261 mm, 146.8123 mm): PTH pad b16 [GND] of J19
[unconnected_items]: Missing connection between items
    Local override; error
    @(220.7261 mm, 146.8123 mm): PTH pad b16 [GND] of J19
    @(220.7261 mm, 149.3523 mm): PTH pad b17 [GND] of J19
[unconnected_items]: Missing connection between items
    Local override; error
    @(220.7261 mm, 149.3523 mm): PTH pad b17 [GND] of J19
    @(220.7261 mm, 151.8923 mm): PTH pad b18 [GND] of J19
[unconnected_items]: Missing connection between items
    Local override; error
    @(220.7261 mm, 154.4323 mm): PTH pad b19 [GND] of J19
    @(220.7261 mm, 151.8923 mm): PTH pad b18 [GND] of J19
[unconnected_items]: Missing connection between items
    Local override; error
    @(220.7261 mm, 156.9723 mm): PTH pad b20 [GND] of J19
    @(220.7261 mm, 154.4323 mm): PTH pad b19 [GND] of J19
[unconnected_items]: Missing connection between items
    Local override; error
    @(220.7261 mm, 159.5123 mm): PTH pad b21 [GND] of J19
    @(220.7261 mm, 156.9723 mm): PTH pad b20 [GND] of J19
[unconnected_items]: Missing connection between items
    Local override; error
    @(220.7261 mm, 159.5123 mm): PTH pad b21 [GND] of J19
    @(220.7261 mm, 162.0523 mm): PTH pad b22 [GND] of J19
[unconnected_items]: Missing connection between items
    Local override; error
    @(220.7261 mm, 162.0523 mm): PTH pad b22 [GND] of J19
    @(220.7261 mm, 164.5923 mm): PTH pad b23 [GND] of J19
[unconnected_items]: Missing connection between items
    Local override; error
    @(220.7261 mm, 164.5923 mm): PTH pad b23 [GND] of J19
    @(223.2661 mm, 164.5923 mm): PTH pad c23 [GND] of J19
[unconnected_items]: Missing connection between items
    Local override; error
    @(220.4640 mm, 98.4820 mm): Track [GND] on B.Cu, length 0.3818 mm
    @(218.3720 mm, 95.2500 mm): Track [GND] on B.Cu, length 1.0777 mm
[unconnected_items]: Missing connection between items
    Local override; error
    @(223.2661 mm, 164.5923 mm): PTH pad c23 [GND] of J19
    @(238.5060 mm, 164.5924 mm): PTH pad a23 [GND] of J20
[unconnected_items]: Missing connection between items
    Local override; error
    @(238.5060 mm, 108.7124 mm): PTH pad a1 [GND] of J20
    @(223.2661 mm, 108.7123 mm): PTH pad c1 [GND] of J19
[unconnected_items]: Missing connection between items
    Local override; error
    @(238.5060 mm, 164.5924 mm): PTH pad a23 [GND] of J20
    @(241.0460 mm, 164.5924 mm): PTH pad b23 [GND] of J20
[unconnected_items]: Missing connection between items
    Local override; error
    @(241.0460 mm, 108.7124 mm): PTH pad b1 [GND] of J20
    @(238.5060 mm, 108.7124 mm): PTH pad a1 [GND] of J20
[unconnected_items]: Missing connection between items
    Local override; error
    @(241.0460 mm, 108.7124 mm): PTH pad b1 [GND] of J20
    @(243.5860 mm, 108.7124 mm): PTH pad c1 [GND] of J20
[unconnected_items]: Missing connection between items
    Local override; error
    @(241.0460 mm, 123.9524 mm): PTH pad b7 [GND] of J20
    @(241.0460 mm, 126.4924 mm): PTH pad b8 [GND] of J20
[unconnected_items]: Missing connection between items
    Local override; error
    @(241.0460 mm, 126.4924 mm): PTH pad b8 [GND] of J20
    @(241.0460 mm, 129.0324 mm): PTH pad b9 [GND] of J20
[unconnected_items]: Missing connection between items
    Local override; error
    @(241.0460 mm, 129.0324 mm): PTH pad b9 [GND] of J20
    @(241.0460 mm, 131.5724 mm): PTH pad b10 [GND] of J20
[unconnected_items]: Missing connection between items
    Local override; error
    @(241.0460 mm, 131.5724 mm): PTH pad b10 [GND] of J20
    @(241.0460 mm, 134.1124 mm): PTH pad b11 [GND] of J20
[unconnected_items]: Missing connection between items
    Local override; error
    @(241.0460 mm, 134.1124 mm): PTH pad b11 [GND] of J20
    @(241.0460 mm, 136.6524 mm): PTH pad b12 [GND] of J20
[unconnected_items]: Missing connection between items
    Local override; error
    @(241.0460 mm, 136.6524 mm): PTH pad b12 [GND] of J20
    @(241.0460 mm, 139.1924 mm): PTH pad b13 [GND] of J20
[unconnected_items]: Missing connection between items
    Local override; error
    @(241.0460 mm, 141.7324 mm): PTH pad b14 [GND] of J20
    @(241.0460 mm, 139.1924 mm): PTH pad b13 [GND] of J20
[unconnected_items]: Missing connection between items
    Local override; error
    @(241.0460 mm, 144.2724 mm): PTH pad b15 [GND] of J20
    @(241.0460 mm, 141.7324 mm): PTH pad b14 [GND] of J20
[unconnected_items]: Missing connection between items
    Local override; error
    @(241.0460 mm, 146.8124 mm): PTH pad b16 [GND] of J20
    @(241.0460 mm, 144.2724 mm): PTH pad b15 [GND] of J20
[unconnected_items]: Missing connection between items
    Local override; error
    @(241.0460 mm, 149.3524 mm): PTH pad b17 [GND] of J20
    @(241.0460 mm, 146.8124 mm): PTH pad b16 [GND] of J20
[unconnected_items]: Missing connection between items
    Local override; error
    @(241.0460 mm, 149.3524 mm): PTH pad b17 [GND] of J20
    @(241.0460 mm, 151.8924 mm): PTH pad b18 [GND] of J20
[unconnected_items]: Missing connection between items
    Local override; error
    @(241.0460 mm, 154.4324 mm): PTH pad b19 [GND] of J20
    @(241.0460 mm, 151.8924 mm): PTH pad b18 [GND] of J20
[unconnected_items]: Missing connection between items
    Local override; error
    @(241.0460 mm, 156.9724 mm): PTH pad b20 [GND] of J20
    @(241.0460 mm, 159.5124 mm): PTH pad b21 [GND] of J20
[unconnected_items]: Missing connection between items
    Local override; error
    @(241.0460 mm, 156.9724 mm): PTH pad b20 [GND] of J20
    @(241.0460 mm, 154.4324 mm): PTH pad b19 [GND] of J20
[unconnected_items]: Missing connection between items
    Local override; error
    @(241.0460 mm, 159.5124 mm): PTH pad b21 [GND] of J20
    @(241.0460 mm, 162.0524 mm): PTH pad b22 [GND] of J20
[unconnected_items]: Missing connection between items
    Local override; error
    @(241.0460 mm, 162.0524 mm): PTH pad b22 [GND] of J20
    @(241.0460 mm, 164.5924 mm): PTH pad b23 [GND] of J20
[unconnected_items]: Missing connection between items
    Local override; error
    @(241.0460 mm, 164.5924 mm): PTH pad b23 [GND] of J20
    @(243.5860 mm, 164.5924 mm): PTH pad c23 [GND] of J20
[unconnected_items]: Missing connection between items
    Local override; error
    @(243.5860 mm, 108.7124 mm): PTH pad c1 [GND] of J20
    @(251.2525 mm, 104.1949 mm): Track [GND] on B.Cu, length 0.5424 mm
[unconnected_items]: Missing connection between items
    Local override; error
    @(251.7220 mm, 96.7740 mm): Track [GND] on B.Cu, length 0.7980 mm
    @(250.9000 mm, 97.6500 mm): Track [GND] on B.Cu, length 0.0500 mm
[unconnected_items]: Missing connection between items
    Local override; error
    @(251.7220 mm, 96.7740 mm): Track [GND] on B.Cu, length 0.7980 mm
    @(252.4500 mm, 93.9460 mm): Track [GND] on B.Cu, length 0.0481 mm
[unconnected_items]: Missing connection between items
    Local override; error
    @(251.2525 mm, 104.1949 mm): Track [GND] on B.Cu, length 0.5424 mm
    @(251.9680 mm, 100.3460 mm): Track [GND] on B.Cu, length 3.1140 mm
[unconnected_items]: Missing connection between items
    Local override; error
    @(251.9680 mm, 100.3460 mm): Track [GND] on B.Cu, length 3.1140 mm
    @(251.4980 mm, 98.2980 mm): Track [GND] on B.Cu, length 0.9860 mm
[unconnected_items]: Missing connection between items
    Local override; error
    @(251.4980 mm, 98.2980 mm): Track [GND] on B.Cu, length 0.9860 mm
    @(255.5250 mm, 96.3734 mm): Track [GND] on B.Cu, length 0.7515 mm
[unconnected_items]: Missing connection between items
    Local override; error
    @(258.8257 mm, 108.7123 mm): PTH pad a1 [GND] of J21
    @(251.8500 mm, 104.2500 mm): Via [GND] on F.Cu - B.Cu
[unconnected_items]: Missing connection between items
    Local override; error
    @(258.8257 mm, 164.5923 mm): PTH pad a23 [GND] of J21
    @(261.3657 mm, 164.5923 mm): PTH pad b23 [GND] of J21
[unconnected_items]: Missing connection between items
    Local override; error
    @(258.8257 mm, 164.5923 mm): PTH pad a23 [GND] of J21
    @(243.5860 mm, 164.5924 mm): PTH pad c23 [GND] of J20
[unconnected_items]: Missing connection between items
    Local override; error
    @(261.3657 mm, 108.7123 mm): PTH pad b1 [GND] of J21
    @(258.8257 mm, 108.7123 mm): PTH pad a1 [GND] of J21
[unconnected_items]: Missing connection between items
    Local override; error
    @(261.3657 mm, 108.7123 mm): PTH pad b1 [GND] of J21
    @(261.3657 mm, 123.9523 mm): PTH pad b7 [GND] of J21
[unconnected_items]: Missing connection between items
    Local override; error
    @(261.3657 mm, 126.4923 mm): PTH pad b8 [GND] of J21
    @(261.3657 mm, 123.9523 mm): PTH pad b7 [GND] of J21
[unconnected_items]: Missing connection between items
    Local override; error
    @(261.3657 mm, 129.0323 mm): PTH pad b9 [GND] of J21
    @(261.3657 mm, 126.4923 mm): PTH pad b8 [GND] of J21
[unconnected_items]: Missing connection between items
    Local override; error
    @(261.3657 mm, 129.0323 mm): PTH pad b9 [GND] of J21
    @(261.3657 mm, 131.5723 mm): PTH pad b10 [GND] of J21
[unconnected_items]: Missing connection between items
    Local override; error
    @(261.3657 mm, 131.5723 mm): PTH pad b10 [GND] of J21
    @(261.3657 mm, 134.1123 mm): PTH pad b11 [GND] of J21
[unconnected_items]: Missing connection between items
    Local override; error
    @(261.3657 mm, 134.1123 mm): PTH pad b11 [GND] of J21
    @(261.3657 mm, 136.6523 mm): PTH pad b12 [GND] of J21
[unconnected_items]: Missing connection between items
    Local override; error
    @(261.3657 mm, 136.6523 mm): PTH pad b12 [GND] of J21
    @(261.3657 mm, 139.1923 mm): PTH pad b13 [GND] of J21
[unconnected_items]: Missing connection between items
    Local override; error
    @(261.3657 mm, 139.1923 mm): PTH pad b13 [GND] of J21
    @(261.3657 mm, 141.7323 mm): PTH pad b14 [GND] of J21
[unconnected_items]: Missing connection between items
    Local override; error
    @(261.3657 mm, 141.7323 mm): PTH pad b14 [GND] of J21
    @(261.3657 mm, 144.2723 mm): PTH pad b15 [GND] of J21
[unconnected_items]: Missing connection between items
    Local override; error
    @(261.3657 mm, 144.2723 mm): PTH pad b15 [GND] of J21
    @(261.3657 mm, 146.8123 mm): PTH pad b16 [GND] of J21
[unconnected_items]: Missing connection between items
    Local override; error
    @(261.3657 mm, 149.3523 mm): PTH pad b17 [GND] of J21
    @(261.3657 mm, 146.8123 mm): PTH pad b16 [GND] of J21
[unconnected_items]: Missing connection between items
    Local override; error
    @(261.3657 mm, 151.8923 mm): PTH pad b18 [GND] of J21
    @(261.3657 mm, 149.3523 mm): PTH pad b17 [GND] of J21
[unconnected_items]: Missing connection between items
    Local override; error
    @(261.3657 mm, 154.4323 mm): PTH pad b19 [GND] of J21
    @(261.3657 mm, 151.8923 mm): PTH pad b18 [GND] of J21
[unconnected_items]: Missing connection between items
    Local override; error
    @(261.3657 mm, 154.4323 mm): PTH pad b19 [GND] of J21
    @(261.3657 mm, 156.9723 mm): PTH pad b20 [GND] of J21
[unconnected_items]: Missing connection between items
    Local override; error
    @(261.3657 mm, 156.9723 mm): PTH pad b20 [GND] of J21
    @(261.3657 mm, 159.5123 mm): PTH pad b21 [GND] of J21
[unconnected_items]: Missing connection between items
    Local override; error
    @(261.3657 mm, 159.5123 mm): PTH pad b21 [GND] of J21
    @(261.3657 mm, 162.0523 mm): PTH pad b22 [GND] of J21
[unconnected_items]: Missing connection between items
    Local override; error
    @(261.3657 mm, 164.5923 mm): PTH pad b23 [GND] of J21
    @(261.3657 mm, 162.0523 mm): PTH pad b22 [GND] of J21
[unconnected_items]: Missing connection between items
    Local override; error
    @(263.9057 mm, 108.7123 mm): PTH pad c1 [GND] of J21
    @(261.3657 mm, 108.7123 mm): PTH pad b1 [GND] of J21
[unconnected_items]: Missing connection between items
    Local override; error
    @(263.9057 mm, 108.7123 mm): PTH pad c1 [GND] of J21
    @(277.1096 mm, 108.7123 mm): PTH pad C1 [GND] of J1
[unconnected_items]: Missing connection between items
    Local override; error
    @(263.9057 mm, 164.5923 mm): PTH pad c23 [GND] of J21
    @(261.3657 mm, 164.5923 mm): PTH pad b23 [GND] of J21
[unconnected_items]: Missing connection between items
    Local override; error
    @(263.9057 mm, 164.5923 mm): PTH pad c23 [GND] of J21
    @(277.1096 mm, 164.5923 mm): PTH pad C23 [GND] of J1
[unconnected_items]: Missing connection between items
    Local override; error
    @(277.1090 mm, 103.3780 mm): PTH pad 1 [GND] of D3
    @(277.1096 mm, 108.7123 mm): PTH pad C1 [GND] of J1
[unconnected_items]: Missing connection between items
    Local override; error
    @(277.1096 mm, 108.7123 mm): PTH pad C1 [GND] of J1
    @(279.6496 mm, 108.7123 mm): PTH pad B1 [GND] of J1
[unconnected_items]: Missing connection between items
    Local override; error
    @(277.1096 mm, 164.5923 mm): PTH pad C23 [GND] of J1
    @(279.6496 mm, 164.5923 mm): PTH pad B23 [GND] of J1
[unconnected_items]: Missing connection between items
    Local override; error
    @(279.6496 mm, 108.7123 mm): PTH pad B1 [GND] of J1
    @(282.1896 mm, 108.7123 mm): PTH pad A1 [GND] of J1
[unconnected_items]: Missing connection between items
    Local override; error
    @(279.6496 mm, 123.9523 mm): PTH pad B7 [GND] of J1
    @(279.6496 mm, 126.4923 mm): PTH pad B8 [GND] of J1
[unconnected_items]: Missing connection between items
    Local override; error
    @(279.6496 mm, 126.4923 mm): PTH pad B8 [GND] of J1
    @(279.6496 mm, 129.0323 mm): PTH pad B9 [GND] of J1
[unconnected_items]: Missing connection between items
    Local override; error
    @(279.6496 mm, 126.4923 mm): PTH pad B8 [GND] of J1
    @(312.4110 mm, 125.5000 mm): Pad 2 [GND] of C23 on B.Cu
[unconnected_items]: Missing connection between items
    Local override; error
    @(279.6496 mm, 129.0323 mm): PTH pad B9 [GND] of J1
    @(279.6496 mm, 131.5723 mm): PTH pad B10 [GND] of J1
[unconnected_items]: Missing connection between items
    Local override; error
    @(279.6496 mm, 131.5723 mm): PTH pad B10 [GND] of J1
    @(279.6496 mm, 134.1123 mm): PTH pad B11 [GND] of J1
[unconnected_items]: Missing connection between items
    Local override; error
    @(279.6496 mm, 134.1123 mm): PTH pad B11 [GND] of J1
    @(279.6496 mm, 136.6523 mm): PTH pad B12 [GND] of J1
[unconnected_items]: Missing connection between items
    Local override; error
    @(279.6496 mm, 136.6523 mm): PTH pad B12 [GND] of J1
    @(279.6496 mm, 139.1923 mm): PTH pad B13 [GND] of J1
[unconnected_items]: Missing connection between items
    Local override; error
    @(279.6496 mm, 139.1923 mm): PTH pad B13 [GND] of J1
    @(279.6496 mm, 141.7323 mm): PTH pad B14 [GND] of J1
[unconnected_items]: Missing connection between items
    Local override; error
    @(279.6496 mm, 141.7323 mm): PTH pad B14 [GND] of J1
    @(279.6496 mm, 144.2723 mm): PTH pad B15 [GND] of J1
[unconnected_items]: Missing connection between items
    Local override; error
    @(279.6496 mm, 144.2723 mm): PTH pad B15 [GND] of J1
    @(279.6496 mm, 146.8123 mm): PTH pad B16 [GND] of J1
[unconnected_items]: Missing connection between items
    Local override; error
    @(279.6496 mm, 146.8123 mm): PTH pad B16 [GND] of J1
    @(279.6496 mm, 149.3523 mm): PTH pad B17 [GND] of J1
[unconnected_items]: Missing connection between items
    Local override; error
    @(279.6496 mm, 149.3523 mm): PTH pad B17 [GND] of J1
    @(279.6496 mm, 151.8923 mm): PTH pad B18 [GND] of J1
[unconnected_items]: Missing connection between items
    Local override; error
    @(279.6496 mm, 154.4323 mm): PTH pad B19 [GND] of J1
    @(279.6496 mm, 151.8923 mm): PTH pad B18 [GND] of J1
[unconnected_items]: Missing connection between items
    Local override; error
    @(279.6496 mm, 156.9723 mm): PTH pad B20 [GND] of J1
    @(279.6496 mm, 154.4323 mm): PTH pad B19 [GND] of J1
[unconnected_items]: Missing connection between items
    Local override; error
    @(279.6496 mm, 159.5123 mm): PTH pad B21 [GND] of J1
    @(279.6496 mm, 156.9723 mm): PTH pad B20 [GND] of J1
[unconnected_items]: Missing connection between items
    Local override; error
    @(279.6496 mm, 162.0523 mm): PTH pad B22 [GND] of J1
    @(279.6496 mm, 159.5123 mm): PTH pad B21 [GND] of J1
[unconnected_items]: Missing connection between items
    Local override; error
    @(279.6496 mm, 164.5923 mm): PTH pad B23 [GND] of J1
    @(279.6496 mm, 162.0523 mm): PTH pad B22 [GND] of J1
[unconnected_items]: Missing connection between items
    Local override; error
    @(279.6496 mm, 164.5923 mm): PTH pad B23 [GND] of J1
    @(282.1896 mm, 164.5923 mm): PTH pad A23 [GND] of J1
[unconnected_items]: Missing connection between items
    Local override; error
    @(312.4110 mm, 125.5000 mm): Pad 2 [GND] of C23 on B.Cu
    @(312.4110 mm, 121.5600 mm): Pad 2 [GND] of C21 on B.Cu
[unconnected_items]: Missing connection between items
    Local override; error
    @(138.9356 mm, 113.7908 mm): PTH pad a30 [/Can Split Terminators/CAN1.+] of J2
    @(128.9250 mm, 119.6150 mm): Pad 2 [/Can Split Terminators/CAN1.+] of R7 on B.Cu
[unconnected_items]: Missing connection between items
    Local override; error
    @(144.0156 mm, 113.7908 mm): PTH pad c30 [/Can Split Terminators/CAN1.+] of J2
    @(138.9356 mm, 113.7908 mm): PTH pad a30 [/Can Split Terminators/CAN1.+] of J2
[unconnected_items]: Missing connection between items
    Local override; error
    @(157.2271 mm, 113.7908 mm): PTH pad a3 [/Can Split Terminators/CAN1.+] of J16
    @(144.0156 mm, 113.7908 mm): PTH pad c30 [/Can Split Terminators/CAN1.+] of J2
[unconnected_items]: Missing connection between items
    Local override; error
    @(162.3071 mm, 113.7908 mm): PTH pad c3 [/Can Split Terminators/CAN1.+] of J16
    @(157.2271 mm, 113.7908 mm): PTH pad a3 [/Can Split Terminators/CAN1.+] of J16
[unconnected_items]: Missing connection between items
    Local override; error
    @(162.3071 mm, 113.7908 mm): PTH pad c3 [/Can Split Terminators/CAN1.+] of J16
    @(177.5461 mm, 113.7921 mm): PTH pad a3 [/Can Split Terminators/CAN1.+] of J17
[unconnected_items]: Missing connection between items
    Local override; error
    @(182.6261 mm, 113.7921 mm): PTH pad c3 [/Can Split Terminators/CAN1.+] of J17
    @(177.5461 mm, 113.7921 mm): PTH pad a3 [/Can Split Terminators/CAN1.+] of J17
[unconnected_items]: Missing connection between items
    Local override; error
    @(197.8660 mm, 113.7920 mm): PTH pad a3 [/Can Split Terminators/CAN1.+] of J18
    @(182.6261 mm, 113.7921 mm): PTH pad c3 [/Can Split Terminators/CAN1.+] of J17
[unconnected_items]: Missing connection between items
    Local override; error
    @(202.9460 mm, 113.7920 mm): PTH pad c3 [/Can Split Terminators/CAN1.+] of J18
    @(197.8660 mm, 113.7920 mm): PTH pad a3 [/Can Split Terminators/CAN1.+] of J18
[unconnected_items]: Missing connection between items
    Local override; error
    @(202.9460 mm, 113.7920 mm): PTH pad c3 [/Can Split Terminators/CAN1.+] of J18
    @(218.1861 mm, 113.7923 mm): PTH pad a3 [/Can Split Terminators/CAN1.+] of J19
[unconnected_items]: Missing connection between items
    Local override; error
    @(218.1861 mm, 113.7923 mm): PTH pad a3 [/Can Split Terminators/CAN1.+] of J19
    @(223.2661 mm, 113.7923 mm): PTH pad c3 [/Can Split Terminators/CAN1.+] of J19
[unconnected_items]: Missing connection between items
    Local override; error
    @(238.5060 mm, 113.7924 mm): PTH pad a3 [/Can Split Terminators/CAN1.+] of J20
    @(223.2661 mm, 113.7923 mm): PTH pad c3 [/Can Split Terminators/CAN1.+] of J19
[unconnected_items]: Missing connection between items
    Local override; error
    @(243.5860 mm, 113.7924 mm): PTH pad c3 [/Can Split Terminators/CAN1.+] of J20
    @(238.5060 mm, 113.7924 mm): PTH pad a3 [/Can Split Terminators/CAN1.+] of J20
[unconnected_items]: Missing connection between items
    Local override; error
    @(258.8257 mm, 113.7923 mm): PTH pad a3 [/Can Split Terminators/CAN1.+] of J21
    @(243.5860 mm, 113.7924 mm): PTH pad c3 [/Can Split Terminators/CAN1.+] of J20
[unconnected_items]: Missing connection between items
    Local override; error
    @(263.9057 mm, 113.7923 mm): PTH pad c3 [/Can Split Terminators/CAN1.+] of J21
    @(258.8257 mm, 113.7923 mm): PTH pad a3 [/Can Split Terminators/CAN1.+] of J21
[unconnected_items]: Missing connection between items
    Local override; error
    @(277.1096 mm, 113.7923 mm): PTH pad C3 [/Can Split Terminators/CAN1.+] of J1
    @(263.9057 mm, 113.7923 mm): PTH pad c3 [/Can Split Terminators/CAN1.+] of J21
[unconnected_items]: Missing connection between items
    Local override; error
    @(282.1896 mm, 113.7923 mm): PTH pad A3 [/Can Split Terminators/CAN1.+] of J1
    @(277.1096 mm, 113.7923 mm): PTH pad C3 [/Can Split Terminators/CAN1.+] of J1
[unconnected_items]: Missing connection between items
    Local override; error
    @(315.1210 mm, 120.0400 mm): Pad 2 [/Can Split Terminators/CAN1.+] of R4 on B.Cu
    @(282.1896 mm, 113.7923 mm): PTH pad A3 [/Can Split Terminators/CAN1.+] of J1
[unconnected_items]: Missing connection between items
    Local override; error
    @(144.0156 mm, 116.3308 mm): PTH pad c29 [/Can Split Terminators/CAN1.-] of J2
    @(138.9356 mm, 116.3308 mm): PTH pad a29 [/Can Split Terminators/CAN1.-] of J2
[unconnected_items]: Missing connection between items
    Local override; error
    @(144.0156 mm, 116.3308 mm): PTH pad c29 [/Can Split Terminators/CAN1.-] of J2
    @(153.2322 mm, 120.1707 mm): PTH pad 1 [/Can Split Terminators/CAN1.-] of SW5
[unconnected_items]: Missing connection between items
    Local override; error
    @(153.2322 mm, 120.1707 mm): PTH pad 1 [/Can Split Terminators/CAN1.-] of SW5
    @(157.2271 mm, 116.3308 mm): PTH pad a4 [/Can Split Terminators/CAN1.-] of J16
[unconnected_items]: Missing connection between items
    Local override; error
    @(162.3071 mm, 116.3308 mm): PTH pad c4 [/Can Split Terminators/CAN1.-] of J16
    @(157.2271 mm, 116.3308 mm): PTH pad a4 [/Can Split Terminators/CAN1.-] of J16
[unconnected_items]: Missing connection between items
    Local override; error
    @(162.3071 mm, 116.3308 mm): PTH pad c4 [/Can Split Terminators/CAN1.-] of J16
    @(177.5461 mm, 116.3321 mm): PTH pad a4 [/Can Split Terminators/CAN1.-] of J17
[unconnected_items]: Missing connection between items
    Local override; error
    @(177.5461 mm, 116.3321 mm): PTH pad a4 [/Can Split Terminators/CAN1.-] of J17
    @(182.6261 mm, 116.3321 mm): PTH pad c4 [/Can Split Terminators/CAN1.-] of J17
[unconnected_items]: Missing connection between items
    Local override; error
    @(182.6261 mm, 116.3321 mm): PTH pad c4 [/Can Split Terminators/CAN1.-] of J17
    @(197.8660 mm, 116.3320 mm): PTH pad a4 [/Can Split Terminators/CAN1.-] of J18
[unconnected_items]: Missing connection between items
    Local override; error
    @(197.8660 mm, 116.3320 mm): PTH pad a4 [/Can Split Terminators/CAN1.-] of J18
    @(202.9460 mm, 116.3320 mm): PTH pad c4 [/Can Split Terminators/CAN1.-] of J18
[unconnected_items]: Missing connection between items
    Local override; error
    @(218.1861 mm, 116.3323 mm): PTH pad a4 [/Can Split Terminators/CAN1.-] of J19
    @(223.2661 mm, 116.3323 mm): PTH pad c4 [/Can Split Terminators/CAN1.-] of J19
[unconnected_items]: Missing connection between items
    Local override; error
    @(218.1861 mm, 116.3323 mm): PTH pad a4 [/Can Split Terminators/CAN1.-] of J19
    @(202.9460 mm, 116.3320 mm): PTH pad c4 [/Can Split Terminators/CAN1.-] of J18
[unconnected_items]: Missing connection between items
    Local override; error
    @(223.2661 mm, 116.3323 mm): PTH pad c4 [/Can Split Terminators/CAN1.-] of J19
    @(238.5060 mm, 116.3324 mm): PTH pad a4 [/Can Split Terminators/CAN1.-] of J20
[unconnected_items]: Missing connection between items
    Local override; error
    @(238.5060 mm, 116.3324 mm): PTH pad a4 [/Can Split Terminators/CAN1.-] of J20
    @(243.5860 mm, 116.3324 mm): PTH pad c4 [/Can Split Terminators/CAN1.-] of J20
[unconnected_items]: Missing connection between items
    Local override; error
    @(243.5860 mm, 116.3324 mm): PTH pad c4 [/Can Split Terminators/CAN1.-] of J20
    @(258.8257 mm, 116.3323 mm): PTH pad a4 [/Can Split Terminators/CAN1.-] of J21
[unconnected_items]: Missing connection between items
    Local override; error
    @(263.9057 mm, 116.3323 mm): PTH pad c4 [/Can Split Terminators/CAN1.-] of J21
    @(258.8257 mm, 116.3323 mm): PTH pad a4 [/Can Split Terminators/CAN1.-] of J21
[unconnected_items]: Missing connection between items
    Local override; error
    @(275.3828 mm, 115.1157 mm): PTH pad 6 [/Can Split Terminators/CAN1.-] of SW6
    @(277.1096 mm, 116.3323 mm): PTH pad C4 [/Can Split Terminators/CAN1.-] of J1
[unconnected_items]: Missing connection between items
    Local override; error
    @(275.3828 mm, 115.1157 mm): PTH pad 6 [/Can Split Terminators/CAN1.-] of SW6
    @(263.9057 mm, 116.3323 mm): PTH pad c4 [/Can Split Terminators/CAN1.-] of J21
[unconnected_items]: Missing connection between items
    Local override; error
    @(282.1896 mm, 116.3323 mm): PTH pad A4 [/Can Split Terminators/CAN1.-] of J1
    @(277.1096 mm, 116.3323 mm): PTH pad C4 [/Can Split Terminators/CAN1.-] of J1
[unconnected_items]: Missing connection between items
    Local override; error
    @(138.9356 mm, 169.6708 mm): PTH pad a8 [Vbat] of J2
    @(141.4756 mm, 169.6708 mm): PTH pad b8 [Vbat] of J2
[unconnected_items]: Missing connection between items
    Local override; error
    @(138.9356 mm, 169.6708 mm): PTH pad a8 [Vbat] of J2
    @(138.9356 mm, 172.2108 mm): PTH pad a7 [Vbat] of J2
[unconnected_items]: Missing connection between items
    Local override; error
    @(138.9356 mm, 174.7508 mm): PTH pad a6 [Vbat] of J2
    @(138.9356 mm, 177.2908 mm): PTH pad a5 [Vbat] of J2
[unconnected_items]: Missing connection between items
    Local override; error
    @(138.9356 mm, 177.2908 mm): PTH pad a5 [Vbat] of J2
    @(138.9356 mm, 179.8308 mm): PTH pad a4 [Vbat] of J2
[unconnected_items]: Missing connection between items
    Local override; error
    @(138.9356 mm, 179.8308 mm): PTH pad a4 [Vbat] of J2
    @(141.4756 mm, 179.8308 mm): PTH pad b4 [Vbat] of J2
[unconnected_items]: Missing connection between items
    Local override; error
    @(138.9356 mm, 182.3708 mm): PTH pad a3 [Vbat] of J2
    @(138.9356 mm, 184.9108 mm): PTH pad a2 [Vbat] of J2
[unconnected_items]: Missing connection between items
    Local override; error
    @(141.4756 mm, 167.1308 mm): PTH pad b9 [Vbat] of J2
    @(141.4756 mm, 169.6708 mm): PTH pad b8 [Vbat] of J2
[unconnected_items]: Missing connection between items
    Local override; error
    @(141.4756 mm, 167.1308 mm): PTH pad b9 [Vbat] of J2
    @(138.9356 mm, 167.1308 mm): PTH pad a9 [Vbat] of J2
[unconnected_items]: Missing connection between items
    Local override; error
    @(141.4756 mm, 169.6708 mm): PTH pad b8 [Vbat] of J2
    @(141.4756 mm, 172.2108 mm): PTH pad b7 [Vbat] of J2
[unconnected_items]: Missing connection between items
    Local override; error
    @(141.4756 mm, 174.7508 mm): PTH pad b6 [Vbat] of J2
    @(141.4756 mm, 172.2108 mm): PTH pad b7 [Vbat] of J2
[unconnected_items]: Missing connection between items
    Local override; error
    @(141.4756 mm, 177.2908 mm): PTH pad b5 [Vbat] of J2
    @(138.9356 mm, 177.2908 mm): PTH pad a5 [Vbat] of J2
[unconnected_items]: Missing connection between items
    Local override; error
    @(141.4756 mm, 177.2908 mm): PTH pad b5 [Vbat] of J2
    @(141.4756 mm, 174.7508 mm): PTH pad b6 [Vbat] of J2
[unconnected_items]: Missing connection between items
    Local override; error
    @(141.4756 mm, 179.8308 mm): PTH pad b4 [Vbat] of J2
    @(141.4756 mm, 182.3708 mm): PTH pad b3 [Vbat] of J2
[unconnected_items]: Missing connection between items
    Local override; error
    @(141.4756 mm, 182.3708 mm): PTH pad b3 [Vbat] of J2
    @(141.4756 mm, 184.9108 mm): PTH pad b2 [Vbat] of J2
[unconnected_items]: Missing connection between items
    Local override; error
    @(141.4756 mm, 182.3708 mm): PTH pad b3 [Vbat] of J2
    @(144.0156 mm, 182.3708 mm): PTH pad c3 [Vbat] of J2
[unconnected_items]: Missing connection between items
    Local override; error
    @(141.4756 mm, 184.9108 mm): PTH pad b2 [Vbat] of J2
    @(144.0156 mm, 184.9108 mm): PTH pad c2 [Vbat] of J2
[unconnected_items]: Missing connection between items
    Local override; error
    @(141.4756 mm, 184.9108 mm): PTH pad b2 [Vbat] of J2
    @(138.9356 mm, 184.9108 mm): PTH pad a2 [Vbat] of J2
[unconnected_items]: Missing connection between items
    Local override; error
    @(144.0156 mm, 167.1308 mm): PTH pad c9 [Vbat] of J2
    @(141.4756 mm, 167.1308 mm): PTH pad b9 [Vbat] of J2
[unconnected_items]: Missing connection between items
    Local override; error
    @(144.0156 mm, 169.6708 mm): PTH pad c8 [Vbat] of J2
    @(144.0156 mm, 167.1308 mm): PTH pad c9 [Vbat] of J2
[unconnected_items]: Missing connection between items
    Local override; error
    @(144.0156 mm, 172.2108 mm): PTH pad c7 [Vbat] of J2
    @(144.0156 mm, 169.6708 mm): PTH pad c8 [Vbat] of J2
[unconnected_items]: Missing connection between items
    Local override; error
    @(144.0156 mm, 174.7508 mm): PTH pad c6 [Vbat] of J2
    @(150.0000 mm, 173.8500 mm): PTH pad 2 [Vbat] of J6
[unconnected_items]: Missing connection between items
    Local override; error
    @(144.0156 mm, 177.2908 mm): PTH pad c5 [Vbat] of J2
    @(144.0156 mm, 174.7508 mm): PTH pad c6 [Vbat] of J2
[unconnected_items]: Missing connection between items
    Local override; error
    @(144.0156 mm, 179.8308 mm): PTH pad c4 [Vbat] of J2
    @(144.0156 mm, 177.2908 mm): PTH pad c5 [Vbat] of J2
[unconnected_items]: Missing connection between items
    Local override; error
    @(144.0156 mm, 182.3708 mm): PTH pad c3 [Vbat] of J2
    @(144.0156 mm, 179.8308 mm): PTH pad c4 [Vbat] of J2
[unconnected_items]: Missing connection between items
    Local override; error
    @(157.2271 mm, 169.6708 mm): PTH pad a25 [Vbat] of J16
    @(157.2271 mm, 172.2108 mm): PTH pad a26 [Vbat] of J16
[unconnected_items]: Missing connection between items
    Local override; error
    @(157.2271 mm, 169.6708 mm): PTH pad a25 [Vbat] of J16
    @(157.2271 mm, 167.1308 mm): PTH pad a24 [Vbat] of J16
[unconnected_items]: Missing connection between items
    Local override; error
    @(157.2271 mm, 172.2108 mm): PTH pad a26 [Vbat] of J16
    @(159.7671 mm, 172.2108 mm): PTH pad b26 [Vbat] of J16
[unconnected_items]: Missing connection between items
    Local override; error
    @(157.2271 mm, 172.2108 mm): PTH pad a26 [Vbat] of J16
    @(157.2271 mm, 174.7508 mm): PTH pad a27 [Vbat] of J16
[unconnected_items]: Missing connection between items
    Local override; error
    @(157.2271 mm, 174.7508 mm): PTH pad a27 [Vbat] of J16
    @(157.2271 mm, 177.2908 mm): PTH pad a28 [Vbat] of J16
[unconnected_items]: Missing connection between items
    Local override; error
    @(157.2271 mm, 174.7508 mm): PTH pad a27 [Vbat] of J16
    @(159.7671 mm, 174.7508 mm): PTH pad b27 [Vbat] of J16
[unconnected_items]: Missing connection between items
    Local override; error
    @(157.2271 mm, 174.7508 mm): PTH pad a27 [Vbat] of J16
    @(150.0000 mm, 173.8500 mm): PTH pad 2 [Vbat] of J6
[unconnected_items]: Missing connection between items
    Local override; error
    @(157.2271 mm, 179.8308 mm): PTH pad a29 [Vbat] of J16
    @(157.2271 mm, 182.3708 mm): PTH pad a30 [Vbat] of J16
[unconnected_items]: Missing connection between items
    Local override; error
    @(157.2271 mm, 182.3708 mm): PTH pad a30 [Vbat] of J16
    @(157.2271 mm, 184.9108 mm): PTH pad a31 [Vbat] of J16
[unconnected_items]: Missing connection between items
    Local override; error
    @(157.2271 mm, 184.9108 mm): PTH pad a31 [Vbat] of J16
    @(159.7671 mm, 184.9108 mm): PTH pad b31 [Vbat] of J16
[unconnected_items]: Missing connection between items
    Local override; error
    @(159.7671 mm, 169.6708 mm): PTH pad b25 [Vbat] of J16
    @(159.7671 mm, 167.1308 mm): PTH pad b24 [Vbat] of J16
[unconnected_items]: Missing connection between items
    Local override; error
    @(159.7671 mm, 172.2108 mm): PTH pad b26 [Vbat] of J16
    @(159.7671 mm, 169.6708 mm): PTH pad b25 [Vbat] of J16
[unconnected_items]: Missing connection between items
    Local override; error
    @(159.7671 mm, 177.2908 mm): PTH pad b28 [Vbat] of J16
    @(159.7671 mm, 179.8308 mm): PTH pad b29 [Vbat] of J16
[unconnected_items]: Missing connection between items
    Local override; error
    @(159.7671 mm, 177.2908 mm): PTH pad b28 [Vbat] of J16
    @(159.7671 mm, 174.7508 mm): PTH pad b27 [Vbat] of J16
[unconnected_items]: Missing connection between items
    Local override; error
    @(159.7671 mm, 179.8308 mm): PTH pad b29 [Vbat] of J16
    @(162.3071 mm, 179.8308 mm): PTH pad c29 [Vbat] of J16
[unconnected_items]: Missing connection between items
    Local override; error
    @(162.3071 mm, 167.1308 mm): PTH pad c24 [Vbat] of J16
    @(162.3071 mm, 169.6708 mm): PTH pad c25 [Vbat] of J16
[unconnected_items]: Missing connection between items
    Local override; error
    @(162.3071 mm, 169.6708 mm): PTH pad c25 [Vbat] of J16
    @(162.3071 mm, 172.2108 mm): PTH pad c26 [Vbat] of J16
[unconnected_items]: Missing connection between items
    Local override; error
    @(162.3071 mm, 172.2108 mm): PTH pad c26 [Vbat] of J16
    @(162.3071 mm, 174.7508 mm): PTH pad c27 [Vbat] of J16
[unconnected_items]: Missing connection between items
    Local override; error
    @(162.3071 mm, 174.7508 mm): PTH pad c27 [Vbat] of J16
    @(162.3071 mm, 177.2908 mm): PTH pad c28 [Vbat] of J16
[unconnected_items]: Missing connection between items
    Local override; error
    @(162.3071 mm, 179.8308 mm): PTH pad c29 [Vbat] of J16
    @(162.3071 mm, 182.3708 mm): PTH pad c30 [Vbat] of J16
[unconnected_items]: Missing connection between items
    Local override; error
    @(162.3071 mm, 179.8308 mm): PTH pad c29 [Vbat] of J16
    @(162.3071 mm, 177.2908 mm): PTH pad c28 [Vbat] of J16
[unconnected_items]: Missing connection between items
    Local override; error
    @(162.3071 mm, 182.3708 mm): PTH pad c30 [Vbat] of J16
    @(159.7671 mm, 182.3708 mm): PTH pad b30 [Vbat] of J16
[unconnected_items]: Missing connection between items
    Local override; error
    @(162.3071 mm, 184.9108 mm): PTH pad c31 [Vbat] of J16
    @(162.3071 mm, 182.3708 mm): PTH pad c30 [Vbat] of J16
[unconnected_items]: Missing connection between items
    Local override; error
    @(162.3071 mm, 184.9108 mm): PTH pad c31 [Vbat] of J16
    @(159.7671 mm, 184.9108 mm): PTH pad b31 [Vbat] of J16
[unconnected_items]: Missing connection between items
    Local override; error
    @(177.5461 mm, 169.6721 mm): PTH pad a25 [Vbat] of J17
    @(177.5461 mm, 167.1321 mm): PTH pad a24 [Vbat] of J17
[unconnected_items]: Missing connection between items
    Local override; error
    @(177.5461 mm, 169.6721 mm): PTH pad a25 [Vbat] of J17
    @(162.3071 mm, 169.6708 mm): PTH pad c25 [Vbat] of J16
[unconnected_items]: Missing connection between items
    Local override; error
    @(177.5461 mm, 172.2121 mm): PTH pad a26 [Vbat] of J17
    @(177.5461 mm, 169.6721 mm): PTH pad a25 [Vbat] of J17
[unconnected_items]: Missing connection between items
    Local override; error
    @(177.5461 mm, 174.7521 mm): PTH pad a27 [Vbat] of J17
    @(177.5461 mm, 177.2921 mm): PTH pad a28 [Vbat] of J17
[unconnected_items]: Missing connection between items
    Local override; error
    @(177.5461 mm, 174.7521 mm): PTH pad a27 [Vbat] of J17
    @(177.5461 mm, 172.2121 mm): PTH pad a26 [Vbat] of J17
[unconnected_items]: Missing connection between items
    Local override; error
    @(177.5461 mm, 177.2921 mm): PTH pad a28 [Vbat] of J17
    @(180.0861 mm, 177.2921 mm): PTH pad b28 [Vbat] of J17
[unconnected_items]: Missing connection between items
    Local override; error
    @(177.5461 mm, 179.8321 mm): PTH pad a29 [Vbat] of J17
    @(177.5461 mm, 182.3721 mm): PTH pad a30 [Vbat] of J17
[unconnected_items]: Missing connection between items
    Local override; error
    @(177.5461 mm, 184.9121 mm): PTH pad a31 [Vbat] of J17
    @(180.0861 mm, 184.9121 mm): PTH pad b31 [Vbat] of J17
[unconnected_items]: Missing connection between items
    Local override; error
    @(180.0861 mm, 169.6721 mm): PTH pad b25 [Vbat] of J17
    @(180.0861 mm, 172.2121 mm): PTH pad b26 [Vbat] of J17
[unconnected_items]: Missing connection between items
    Local override; error
    @(180.0861 mm, 169.6721 mm): PTH pad b25 [Vbat] of J17
    @(180.0861 mm, 167.1321 mm): PTH pad b24 [Vbat] of J17
[unconnected_items]: Missing connection between items
    Local override; error
    @(180.0861 mm, 172.2121 mm): PTH pad b26 [Vbat] of J17
    @(182.6261 mm, 172.2121 mm): PTH pad c26 [Vbat] of J17
[unconnected_items]: Missing connection between items
    Local override; error
    @(180.0861 mm, 172.2121 mm): PTH pad b26 [Vbat] of J17
    @(180.0861 mm, 174.7521 mm): PTH pad b27 [Vbat] of J17
[unconnected_items]: Missing connection between items
    Local override; error
    @(180.0861 mm, 174.7521 mm): PTH pad b27 [Vbat] of J17
    @(177.5461 mm, 174.7521 mm): PTH pad a27 [Vbat] of J17
[unconnected_items]: Missing connection between items
    Local override; error
    @(180.0861 mm, 179.8321 mm): PTH pad b29 [Vbat] of J17
    @(180.0861 mm, 177.2921 mm): PTH pad b28 [Vbat] of J17
[unconnected_items]: Missing connection between items
    Local override; error
    @(180.0861 mm, 179.8321 mm): PTH pad b29 [Vbat] of J17
    @(177.5461 mm, 179.8321 mm): PTH pad a29 [Vbat] of J17
[unconnected_items]: Missing connection between items
    Local override; error
    @(180.0861 mm, 179.8321 mm): PTH pad b29 [Vbat] of J17
    @(182.6261 mm, 179.8321 mm): PTH pad c29 [Vbat] of J17
[unconnected_items]: Missing connection between items
    Local override; error
    @(180.0861 mm, 184.9121 mm): PTH pad b31 [Vbat] of J17
    @(182.6261 mm, 184.9121 mm): PTH pad c31 [Vbat] of J17
[unconnected_items]: Missing connection between items
    Local override; error
    @(182.6261 mm, 167.1321 mm): PTH pad c24 [Vbat] of J17
    @(182.6261 mm, 169.6721 mm): PTH pad c25 [Vbat] of J17
[unconnected_items]: Missing connection between items
    Local override; error
    @(182.6261 mm, 169.6721 mm): PTH pad c25 [Vbat] of J17
    @(180.0861 mm, 169.6721 mm): PTH pad b25 [Vbat] of J17
[unconnected_items]: Missing connection between items
    Local override; error
    @(182.6261 mm, 174.7521 mm): PTH pad c27 [Vbat] of J17
    @(182.6261 mm, 177.2921 mm): PTH pad c28 [Vbat] of J17
[unconnected_items]: Missing connection between items
    Local override; error
    @(182.6261 mm, 179.8321 mm): PTH pad c29 [Vbat] of J17
    @(182.6261 mm, 177.2921 mm): PTH pad c28 [Vbat] of J17
[unconnected_items]: Missing connection between items
    Local override; error
    @(182.6261 mm, 182.3721 mm): PTH pad c30 [Vbat] of J17
    @(180.0861 mm, 182.3721 mm): PTH pad b30 [Vbat] of J17
[unconnected_items]: Missing connection between items
    Local override; error
    @(182.6261 mm, 182.3721 mm): PTH pad c30 [Vbat] of J17
    @(182.6261 mm, 179.8321 mm): PTH pad c29 [Vbat] of J17
[unconnected_items]: Missing connection between items
    Local override; error
    @(182.6261 mm, 182.3721 mm): PTH pad c30 [Vbat] of J17
    @(197.8660 mm, 182.3720 mm): PTH pad a30 [Vbat] of J18
[unconnected_items]: Missing connection between items
    Local override; error
    @(182.6261 mm, 184.9121 mm): PTH pad c31 [Vbat] of J17
    @(182.6261 mm, 182.3721 mm): PTH pad c30 [Vbat] of J17
[unconnected_items]: Missing connection between items
    Local override; error
    @(197.8660 mm, 169.6720 mm): PTH pad a25 [Vbat] of J18
    @(200.4060 mm, 169.6720 mm): PTH pad b25 [Vbat] of J18
[unconnected_items]: Missing connection between items
    Local override; error
    @(197.8660 mm, 169.6720 mm): PTH pad a25 [Vbat] of J18
    @(197.8660 mm, 172.2120 mm): PTH pad a26 [Vbat] of J18
[unconnected_items]: Missing connection between items
    Local override; error
    @(197.8660 mm, 172.2120 mm): PTH pad a26 [Vbat] of J18
    @(200.4060 mm, 172.2120 mm): PTH pad b26 [Vbat] of J18
[unconnected_items]: Missing connection between items
    Local override; error
    @(197.8660 mm, 172.2120 mm): PTH pad a26 [Vbat] of J18
    @(197.8660 mm, 174.7520 mm): PTH pad a27 [Vbat] of J18
[unconnected_items]: Missing connection between items
    Local override; error
    @(197.8660 mm, 174.7520 mm): PTH pad a27 [Vbat] of J18
    @(200.4060 mm, 174.7520 mm): PTH pad b27 [Vbat] of J18
[unconnected_items]: Missing connection between items
    Local override; error
    @(197.8660 mm, 177.2920 mm): PTH pad a28 [Vbat] of J18
    @(197.8660 mm, 174.7520 mm): PTH pad a27 [Vbat] of J18
[unconnected_items]: Missing connection between items
    Local override; error
    @(197.8660 mm, 179.8320 mm): PTH pad a29 [Vbat] of J18
    @(197.8660 mm, 177.2920 mm): PTH pad a28 [Vbat] of J18
[unconnected_items]: Missing connection between items
    Local override; error
    @(197.8660 mm, 182.3720 mm): PTH pad a30 [Vbat] of J18
    @(197.8660 mm, 184.9120 mm): PTH pad a31 [Vbat] of J18
[unconnected_items]: Missing connection between items
    Local override; error
    @(197.8660 mm, 182.3720 mm): PTH pad a30 [Vbat] of J18
    @(197.8660 mm, 179.8320 mm): PTH pad a29 [Vbat] of J18
[unconnected_items]: Missing connection between items
    Local override; error
    @(197.8660 mm, 184.9120 mm): PTH pad a31 [Vbat] of J18
    @(200.4060 mm, 184.9120 mm): PTH pad b31 [Vbat] of J18
[unconnected_items]: Missing connection between items
    Local override; error
    @(200.4060 mm, 167.1320 mm): PTH pad b24 [Vbat] of J18
    @(197.8660 mm, 167.1320 mm): PTH pad a24 [Vbat] of J18
[unconnected_items]: Missing connection between items
    Local override; error
    @(200.4060 mm, 169.6720 mm): PTH pad b25 [Vbat] of J18
    @(200.4060 mm, 167.1320 mm): PTH pad b24 [Vbat] of J18
[unconnected_items]: Missing connection between items
    Local override; error
    @(200.4060 mm, 169.6720 mm): PTH pad b25 [Vbat] of J18
    @(202.9460 mm, 169.6720 mm): PTH pad c25 [Vbat] of J18
[unconnected_items]: Missing connection between items
    Local override; error
    @(200.4060 mm, 172.2120 mm): PTH pad b26 [Vbat] of J18
    @(202.9460 mm, 172.2120 mm): PTH pad c26 [Vbat] of J18
[unconnected_items]: Missing connection between items
    Local override; error
    @(200.4060 mm, 177.2920 mm): PTH pad b28 [Vbat] of J18
    @(202.9460 mm, 177.2920 mm): PTH pad c28 [Vbat] of J18
[unconnected_items]: Missing connection between items
    Local override; error
    @(200.4060 mm, 179.8320 mm): PTH pad b29 [Vbat] of J18
    @(200.4060 mm, 182.3720 mm): PTH pad b30 [Vbat] of J18
[unconnected_items]: Missing connection between items
    Local override; error
    @(200.4060 mm, 179.8320 mm): PTH pad b29 [Vbat] of J18
    @(202.9460 mm, 179.8320 mm): PTH pad c29 [Vbat] of J18
[unconnected_items]: Missing connection between items
    Local override; error
    @(202.9460 mm, 169.6720 mm): PTH pad c25 [Vbat] of J18
    @(202.9460 mm, 167.1320 mm): PTH pad c24 [Vbat] of J18
[unconnected_items]: Missing connection between items
    Local override; error
    @(202.9460 mm, 174.7520 mm): PTH pad c27 [Vbat] of J18
    @(202.9460 mm, 172.2120 mm): PTH pad c26 [Vbat] of J18
[unconnected_items]: Missing connection between items
    Local override; error
    @(202.9460 mm, 174.7520 mm): PTH pad c27 [Vbat] of J18
    @(202.9460 mm, 177.2920 mm): PTH pad c28 [Vbat] of J18
[unconnected_items]: Missing connection between items
    Local override; error
    @(202.9460 mm, 174.7520 mm): PTH pad c27 [Vbat] of J18
    @(218.1861 mm, 174.7523 mm): PTH pad a27 [Vbat] of J19
[unconnected_items]: Missing connection between items
    Local override; error
    @(202.9460 mm, 179.8320 mm): PTH pad c29 [Vbat] of J18
    @(202.9460 mm, 182.3720 mm): PTH pad c30 [Vbat] of J18
[unconnected_items]: Missing connection between items
    Local override; error
    @(202.9460 mm, 182.3720 mm): PTH pad c30 [Vbat] of J18
    @(202.9460 mm, 184.9120 mm): PTH pad c31 [Vbat] of J18
[unconnected_items]: Missing connection between items
    Local override; error
    @(202.9460 mm, 184.9120 mm): PTH pad c31 [Vbat] of J18
    @(200.4060 mm, 184.9120 mm): PTH pad b31 [Vbat] of J18
[unconnected_items]: Missing connection between items
    Local override; error
    @(218.1861 mm, 167.1323 mm): PTH pad a24 [Vbat] of J19
    @(220.7261 mm, 167.1323 mm): PTH pad b24 [Vbat] of J19
[unconnected_items]: Missing connection between items
    Local override; error
    @(218.1861 mm, 172.2123 mm): PTH pad a26 [Vbat] of J19
    @(218.1861 mm, 169.6723 mm): PTH pad a25 [Vbat] of J19
[unconnected_items]: Missing connection between items
    Local override; error
    @(218.1861 mm, 174.7523 mm): PTH pad a27 [Vbat] of J19
    @(218.1861 mm, 172.2123 mm): PTH pad a26 [Vbat] of J19
[unconnected_items]: Missing connection between items
    Local override; error
    @(218.1861 mm, 177.2923 mm): PTH pad a28 [Vbat] of J19
    @(218.1861 mm, 174.7523 mm): PTH pad a27 [Vbat] of J19
[unconnected_items]: Missing connection between items
    Local override; error
    @(218.1861 mm, 179.8323 mm): PTH pad a29 [Vbat] of J19
    @(218.1861 mm, 177.2923 mm): PTH pad a28 [Vbat] of J19
[unconnected_items]: Missing connection between items
    Local override; error
    @(218.1861 mm, 182.3723 mm): PTH pad a30 [Vbat] of J19
    @(218.1861 mm, 179.8323 mm): PTH pad a29 [Vbat] of J19
[unconnected_items]: Missing connection between items
    Local override; error
    @(218.1861 mm, 182.3723 mm): PTH pad a30 [Vbat] of J19
    @(220.7261 mm, 182.3723 mm): PTH pad b30 [Vbat] of J19
[unconnected_items]: Missing connection between items
    Local override; error
    @(218.1861 mm, 184.9123 mm): PTH pad a31 [Vbat] of J19
    @(218.1861 mm, 182.3723 mm): PTH pad a30 [Vbat] of J19
[unconnected_items]: Missing connection between items
    Local override; error
    @(220.7261 mm, 167.1323 mm): PTH pad b24 [Vbat] of J19
    @(223.2661 mm, 167.1323 mm): PTH pad c24 [Vbat] of J19
[unconnected_items]: Missing connection between items
    Local override; error
    @(220.7261 mm, 169.6723 mm): PTH pad b25 [Vbat] of J19
    @(220.7261 mm, 172.2123 mm): PTH pad b26 [Vbat] of J19
[unconnected_items]: Missing connection between items
    Local override; error
    @(220.7261 mm, 169.6723 mm): PTH pad b25 [Vbat] of J19
    @(220.7261 mm, 167.1323 mm): PTH pad b24 [Vbat] of J19
[unconnected_items]: Missing connection between items
    Local override; error
    @(220.7261 mm, 169.6723 mm): PTH pad b25 [Vbat] of J19
    @(223.2661 mm, 169.6723 mm): PTH pad c25 [Vbat] of J19
[unconnected_items]: Missing connection between items
    Local override; error
    @(220.7261 mm, 172.2123 mm): PTH pad b26 [Vbat] of J19
    @(223.2661 mm, 172.2123 mm): PTH pad c26 [Vbat] of J19
[unconnected_items]: Missing connection between items
    Local override; error
    @(220.7261 mm, 172.2123 mm): PTH pad b26 [Vbat] of J19
    @(220.7261 mm, 174.7523 mm): PTH pad b27 [Vbat] of J19
[unconnected_items]: Missing connection between items
    Local override; error
    @(220.7261 mm, 174.7523 mm): PTH pad b27 [Vbat] of J19
    @(223.2661 mm, 174.7523 mm): PTH pad c27 [Vbat] of J19
[unconnected_items]: Missing connection between items
    Local override; error
    @(220.7261 mm, 174.7523 mm): PTH pad b27 [Vbat] of J19
    @(220.7261 mm, 177.2923 mm): PTH pad b28 [Vbat] of J19
[unconnected_items]: Missing connection between items
    Local override; error
    @(220.7261 mm, 179.8323 mm): PTH pad b29 [Vbat] of J19
    @(220.7261 mm, 182.3723 mm): PTH pad b30 [Vbat] of J19
[unconnected_items]: Missing connection between items
    Local override; error
    @(220.7261 mm, 182.3723 mm): PTH pad b30 [Vbat] of J19
    @(220.7261 mm, 184.9123 mm): PTH pad b31 [Vbat] of J19
[unconnected_items]: Missing connection between items
    Local override; error
    @(220.7261 mm, 184.9123 mm): PTH pad b31 [Vbat] of J19
    @(223.2661 mm, 184.9123 mm): PTH pad c31 [Vbat] of J19
[unconnected_items]: Missing connection between items
    Local override; error
    @(223.2661 mm, 167.1323 mm): PTH pad c24 [Vbat] of J19
    @(238.5060 mm, 167.1324 mm): PTH pad a24 [Vbat] of J20
[unconnected_items]: Missing connection between items
    Local override; error
    @(223.2661 mm, 177.2923 mm): PTH pad c28 [Vbat] of J19
    @(220.7261 mm, 177.2923 mm): PTH pad b28 [Vbat] of J19
[unconnected_items]: Missing connection between items
    Local override; error
    @(223.2661 mm, 179.8323 mm): PTH pad c29 [Vbat] of J19
    @(220.7261 mm, 179.8323 mm): PTH pad b29 [Vbat] of J19
[unconnected_items]: Missing connection between items
    Local override; error
    @(223.2661 mm, 179.8323 mm): PTH pad c29 [Vbat] of J19
    @(223.2661 mm, 177.2923 mm): PTH pad c28 [Vbat] of J19
[unconnected_items]: Missing connection between items
    Local override; error
    @(223.2661 mm, 182.3723 mm): PTH pad c30 [Vbat] of J19
    @(223.2661 mm, 179.8323 mm): PTH pad c29 [Vbat] of J19
[unconnected_items]: Missing connection between items
    Local override; error
    @(238.5060 mm, 167.1324 mm): PTH pad a24 [Vbat] of J20
    @(238.5060 mm, 169.6724 mm): PTH pad a25 [Vbat] of J20
[unconnected_items]: Missing connection between items
    Local override; error
    @(238.5060 mm, 167.1324 mm): PTH pad a24 [Vbat] of J20
    @(241.0460 mm, 167.1324 mm): PTH pad b24 [Vbat] of J20
[unconnected_items]: Missing connection between items
    Local override; error
    @(238.5060 mm, 169.6724 mm): PTH pad a25 [Vbat] of J20
    @(241.0460 mm, 169.6724 mm): PTH pad b25 [Vbat] of J20
[unconnected_items]: Missing connection between items
    Local override; error
    @(238.5060 mm, 169.6724 mm): PTH pad a25 [Vbat] of J20
    @(238.5060 mm, 172.2124 mm): PTH pad a26 [Vbat] of J20
[unconnected_items]: Missing connection between items
    Local override; error
    @(238.5060 mm, 172.2124 mm): PTH pad a26 [Vbat] of J20
    @(241.0460 mm, 172.2124 mm): PTH pad b26 [Vbat] of J20
[unconnected_items]: Missing connection between items
    Local override; error
    @(238.5060 mm, 172.2124 mm): PTH pad a26 [Vbat] of J20
    @(238.5060 mm, 174.7524 mm): PTH pad a27 [Vbat] of J20
[unconnected_items]: Missing connection between items
    Local override; error
    @(238.5060 mm, 179.8324 mm): PTH pad a29 [Vbat] of J20
    @(238.5060 mm, 182.3724 mm): PTH pad a30 [Vbat] of J20
[unconnected_items]: Missing connection between items
    Local override; error
    @(238.5060 mm, 182.3724 mm): PTH pad a30 [Vbat] of J20
    @(241.0460 mm, 182.3724 mm): PTH pad b30 [Vbat] of J20
[unconnected_items]: Missing connection between items
    Local override; error
    @(238.5060 mm, 184.9124 mm): PTH pad a31 [Vbat] of J20
    @(241.0460 mm, 184.9124 mm): PTH pad b31 [Vbat] of J20
[unconnected_items]: Missing connection between items
    Local override; error
    @(241.0460 mm, 167.1324 mm): PTH pad b24 [Vbat] of J20
    @(243.5860 mm, 167.1324 mm): PTH pad c24 [Vbat] of J20
[unconnected_items]: Missing connection between items
    Local override; error
    @(241.0460 mm, 174.7524 mm): PTH pad b27 [Vbat] of J20
    @(238.5060 mm, 174.7524 mm): PTH pad a27 [Vbat] of J20
[unconnected_items]: Missing connection between items
    Local override; error
    @(241.0460 mm, 177.2924 mm): PTH pad b28 [Vbat] of J20
    @(238.5060 mm, 177.2924 mm): PTH pad a28 [Vbat] of J20
[unconnected_items]: Missing connection between items
    Local override; error
    @(241.0460 mm, 177.2924 mm): PTH pad b28 [Vbat] of J20
    @(241.0460 mm, 174.7524 mm): PTH pad b27 [Vbat] of J20
[unconnected_items]: Missing connection between items
    Local override; error
    @(241.0460 mm, 179.8324 mm): PTH pad b29 [Vbat] of J20
    @(241.0460 mm, 177.2924 mm): PTH pad b28 [Vbat] of J20
[unconnected_items]: Missing connection between items
    Local override; error
    @(241.0460 mm, 182.3724 mm): PTH pad b30 [Vbat] of J20
    @(241.0460 mm, 179.8324 mm): PTH pad b29 [Vbat] of J20
[unconnected_items]: Missing connection between items
    Local override; error
    @(241.0460 mm, 184.9124 mm): PTH pad b31 [Vbat] of J20
    @(241.0460 mm, 182.3724 mm): PTH pad b30 [Vbat] of J20
[unconnected_items]: Missing connection between items
    Local override; error
    @(243.5860 mm, 167.1324 mm): PTH pad c24 [Vbat] of J20
    @(243.5860 mm, 169.6724 mm): PTH pad c25 [Vbat] of J20
[unconnected_items]: Missing connection between items
    Local override; error
    @(243.5860 mm, 169.6724 mm): PTH pad c25 [Vbat] of J20
    @(243.5860 mm, 172.2124 mm): PTH pad c26 [Vbat] of J20
[unconnected_items]: Missing connection between items
    Local override; error
    @(243.5860 mm, 172.2124 mm): PTH pad c26 [Vbat] of J20
    @(243.5860 mm, 174.7524 mm): PTH pad c27 [Vbat] of J20
[unconnected_items]: Missing connection between items
    Local override; error
    @(243.5860 mm, 174.7524 mm): PTH pad c27 [Vbat] of J20
    @(243.5860 mm, 177.2924 mm): PTH pad c28 [Vbat] of J20
[unconnected_items]: Missing connection between items
    Local override; error
    @(243.5860 mm, 177.2924 mm): PTH pad c28 [Vbat] of J20
    @(243.5860 mm, 179.8324 mm): PTH pad c29 [Vbat] of J20
[unconnected_items]: Missing connection between items
    Local override; error
    @(243.5860 mm, 179.8324 mm): PTH pad c29 [Vbat] of J20
    @(243.5860 mm, 182.3724 mm): PTH pad c30 [Vbat] of J20
[unconnected_items]: Missing connection between items
    Local override; error
    @(243.5860 mm, 182.3724 mm): PTH pad c30 [Vbat] of J20
    @(243.5860 mm, 184.9124 mm): PTH pad c31 [Vbat] of J20
[unconnected_items]: Missing connection between items
    Local override; error
    @(258.8257 mm, 167.1323 mm): PTH pad a24 [Vbat] of J21
    @(261.3657 mm, 167.1323 mm): PTH pad b24 [Vbat] of J21
[unconnected_items]: Missing connection between items
    Local override; error
    @(258.8257 mm, 172.2123 mm): PTH pad a26 [Vbat] of J21
    @(258.8257 mm, 174.7523 mm): PTH pad a27 [Vbat] of J21
[unconnected_items]: Missing connection between items
    Local override; error
    @(258.8257 mm, 177.2923 mm): PTH pad a28 [Vbat] of J21
    @(258.8257 mm, 179.8323 mm): PTH pad a29 [Vbat] of J21
[unconnected_items]: Missing connection between items
    Local override; error
    @(258.8257 mm, 179.8323 mm): PTH pad a29 [Vbat] of J21
    @(261.3657 mm, 179.8323 mm): PTH pad b29 [Vbat] of J21
[unconnected_items]: Missing connection between items
    Local override; error
    @(258.8257 mm, 182.3723 mm): PTH pad a30 [Vbat] of J21
    @(258.8257 mm, 184.9123 mm): PTH pad a31 [Vbat] of J21
[unconnected_items]: Missing connection between items
    Local override; error
    @(258.8257 mm, 184.9123 mm): PTH pad a31 [Vbat] of J21
    @(243.5860 mm, 184.9124 mm): PTH pad c31 [Vbat] of J20
[unconnected_items]: Missing connection between items
    Local override; error
    @(261.3657 mm, 167.1323 mm): PTH pad b24 [Vbat] of J21
    @(261.3657 mm, 169.6723 mm): PTH pad b25 [Vbat] of J21
[unconnected_items]: Missing connection between items
    Local override; error
    @(261.3657 mm, 167.1323 mm): PTH pad b24 [Vbat] of J21
    @(263.9057 mm, 167.1323 mm): PTH pad c24 [Vbat] of J21
[unconnected_items]: Missing connection between items
    Local override; error
    @(261.3657 mm, 169.6723 mm): PTH pad b25 [Vbat] of J21
    @(263.9057 mm, 169.6723 mm): PTH pad c25 [Vbat] of J21
[unconnected_items]: Missing connection between items
    Local override; error
    @(261.3657 mm, 169.6723 mm): PTH pad b25 [Vbat] of J21
    @(261.3657 mm, 172.2123 mm): PTH pad b26 [Vbat] of J21
[unconnected_items]: Missing connection between items
    Local override; error
    @(261.3657 mm, 169.6723 mm): PTH pad b25 [Vbat] of J21
    @(258.8257 mm, 169.6723 mm): PTH pad a25 [Vbat] of J21
[unconnected_items]: Missing connection between items
    Local override; error
    @(261.3657 mm, 172.2123 mm): PTH pad b26 [Vbat] of J21
    @(261.3657 mm, 174.7523 mm): PTH pad b27 [Vbat] of J21
[unconnected_items]: Missing connection between items
    Local override; error
    @(261.3657 mm, 172.2123 mm): PTH pad b26 [Vbat] of J21
    @(263.9057 mm, 172.2123 mm): PTH pad c26 [Vbat] of J21
[unconnected_items]: Missing connection between items
    Local override; error
    @(261.3657 mm, 172.2123 mm): PTH pad b26 [Vbat] of J21
    @(258.8257 mm, 172.2123 mm): PTH pad a26 [Vbat] of J21
[unconnected_items]: Missing connection between items
    Local override; error
    @(261.3657 mm, 174.7523 mm): PTH pad b27 [Vbat] of J21
    @(261.3657 mm, 177.2923 mm): PTH pad b28 [Vbat] of J21
[unconnected_items]: Missing connection between items
    Local override; error
    @(261.3657 mm, 174.7523 mm): PTH pad b27 [Vbat] of J21
    @(263.9057 mm, 174.7523 mm): PTH pad c27 [Vbat] of J21
[unconnected_items]: Missing connection between items
    Local override; error
    @(261.3657 mm, 177.2923 mm): PTH pad b28 [Vbat] of J21
    @(261.3657 mm, 179.8323 mm): PTH pad b29 [Vbat] of J21
[unconnected_items]: Missing connection between items
    Local override; error
    @(261.3657 mm, 182.3723 mm): PTH pad b30 [Vbat] of J21
    @(261.3657 mm, 184.9123 mm): PTH pad b31 [Vbat] of J21
[unconnected_items]: Missing connection between items
    Local override; error
    @(261.3657 mm, 184.9123 mm): PTH pad b31 [Vbat] of J21
    @(258.8257 mm, 184.9123 mm): PTH pad a31 [Vbat] of J21
[unconnected_items]: Missing connection between items
    Local override; error
    @(263.9057 mm, 177.2923 mm): PTH pad c28 [Vbat] of J21
    @(261.3657 mm, 177.2923 mm): PTH pad b28 [Vbat] of J21
[unconnected_items]: Missing connection between items
    Local override; error
    @(263.9057 mm, 177.2923 mm): PTH pad c28 [Vbat] of J21
    @(277.1096 mm, 177.2923 mm): PTH pad C28 [Vbat] of J1
[unconnected_items]: Missing connection between items
    Local override; error
    @(263.9057 mm, 179.8323 mm): PTH pad c29 [Vbat] of J21
    @(263.9057 mm, 177.2923 mm): PTH pad c28 [Vbat] of J21
[unconnected_items]: Missing connection between items
    Local override; error
    @(263.9057 mm, 182.3723 mm): PTH pad c30 [Vbat] of J21
    @(263.9057 mm, 179.8323 mm): PTH pad c29 [Vbat] of J21
[unconnected_items]: Missing connection between items
    Local override; error
    @(263.9057 mm, 184.9123 mm): PTH pad c31 [Vbat] of J21
    @(261.3657 mm, 184.9123 mm): PTH pad b31 [Vbat] of J21
[unconnected_items]: Missing connection between items
    Local override; error
    @(263.9057 mm, 184.9123 mm): PTH pad c31 [Vbat] of J21
    @(263.9057 mm, 182.3723 mm): PTH pad c30 [Vbat] of J21
[unconnected_items]: Missing connection between items
    Local override; error
    @(277.1096 mm, 167.1323 mm): PTH pad C24 [Vbat] of J1
    @(279.6496 mm, 167.1323 mm): PTH pad B24 [Vbat] of J1
[unconnected_items]: Missing connection between items
    Local override; error
    @(277.1096 mm, 177.2923 mm): PTH pad C28 [Vbat] of J1
    @(277.1096 mm, 179.8323 mm): PTH pad C29 [Vbat] of J1
[unconnected_items]: Missing connection between items
    Local override; error
    @(277.1096 mm, 179.8323 mm): PTH pad C29 [Vbat] of J1
    @(277.1096 mm, 182.3723 mm): PTH pad C30 [Vbat] of J1
[unconnected_items]: Missing connection between items
    Local override; error
    @(277.1096 mm, 182.3723 mm): PTH pad C30 [Vbat] of J1
    @(277.1096 mm, 184.9123 mm): PTH pad C31 [Vbat] of J1
[unconnected_items]: Missing connection between items
    Local override; error
    @(277.1096 mm, 184.9123 mm): PTH pad C31 [Vbat] of J1
    @(279.6496 mm, 184.9123 mm): PTH pad B31 [Vbat] of J1
[unconnected_items]: Missing connection between items
    Local override; error
    @(279.6496 mm, 167.1323 mm): PTH pad B24 [Vbat] of J1
    @(282.1896 mm, 167.1323 mm): PTH pad A24 [Vbat] of J1
[unconnected_items]: Missing connection between items
    Local override; error
    @(279.6496 mm, 169.6723 mm): PTH pad B25 [Vbat] of J1
    @(277.1096 mm, 169.6723 mm): PTH pad C25 [Vbat] of J1
[unconnected_items]: Missing connection between items
    Local override; error
    @(279.6496 mm, 172.2123 mm): PTH pad B26 [Vbat] of J1
    @(282.1896 mm, 172.2123 mm): PTH pad A26 [Vbat] of J1
[unconnected_items]: Missing connection between items
    Local override; error
    @(279.6496 mm, 172.2123 mm): PTH pad B26 [Vbat] of J1
    @(277.1096 mm, 172.2123 mm): PTH pad C26 [Vbat] of J1
[unconnected_items]: Missing connection between items
    Local override; error
    @(279.6496 mm, 174.7523 mm): PTH pad B27 [Vbat] of J1
    @(279.6496 mm, 172.2123 mm): PTH pad B26 [Vbat] of J1
[unconnected_items]: Missing connection between items
    Local override; error
    @(279.6496 mm, 174.7523 mm): PTH pad B27 [Vbat] of J1
    @(277.1096 mm, 174.7523 mm): PTH pad C27 [Vbat] of J1
[unconnected_items]: Missing connection between items
    Local override; error
    @(279.6496 mm, 177.2923 mm): PTH pad B28 [Vbat] of J1
    @(279.6496 mm, 174.7523 mm): PTH pad B27 [Vbat] of J1
[unconnected_items]: Missing connection between items
    Local override; error
    @(279.6496 mm, 179.8323 mm): PTH pad B29 [Vbat] of J1
    @(279.6496 mm, 177.2923 mm): PTH pad B28 [Vbat] of J1
[unconnected_items]: Missing connection between items
    Local override; error
    @(279.6496 mm, 182.3723 mm): PTH pad B30 [Vbat] of J1
    @(279.6496 mm, 179.8323 mm): PTH pad B29 [Vbat] of J1
[unconnected_items]: Missing connection between items
    Local override; error
    @(279.6496 mm, 184.9123 mm): PTH pad B31 [Vbat] of J1
    @(279.6496 mm, 182.3723 mm): PTH pad B30 [Vbat] of J1
[unconnected_items]: Missing connection between items
    Local override; error
    @(279.6496 mm, 184.9123 mm): PTH pad B31 [Vbat] of J1
    @(282.1896 mm, 184.9123 mm): PTH pad A31 [Vbat] of J1
[unconnected_items]: Missing connection between items
    Local override; error
    @(282.1896 mm, 169.6723 mm): PTH pad A25 [Vbat] of J1
    @(282.1896 mm, 167.1323 mm): PTH pad A24 [Vbat] of J1
[unconnected_items]: Missing connection between items
    Local override; error
    @(282.1896 mm, 169.6723 mm): PTH pad A25 [Vbat] of J1
    @(279.6496 mm, 169.6723 mm): PTH pad B25 [Vbat] of J1
[unconnected_items]: Missing connection between items
    Local override; error
    @(282.1896 mm, 172.2123 mm): PTH pad A26 [Vbat] of J1
    @(282.1896 mm, 169.6723 mm): PTH pad A25 [Vbat] of J1
[unconnected_items]: Missing connection between items
    Local override; error
    @(282.1896 mm, 174.7523 mm): PTH pad A27 [Vbat] of J1
    @(282.1896 mm, 172.2123 mm): PTH pad A26 [Vbat] of J1
[unconnected_items]: Missing connection between items
    Local override; error
    @(282.1896 mm, 177.2923 mm): PTH pad A28 [Vbat] of J1
    @(282.1896 mm, 174.7523 mm): PTH pad A27 [Vbat] of J1
[unconnected_items]: Missing connection between items
    Local override; error
    @(282.1896 mm, 179.8323 mm): PTH pad A29 [Vbat] of J1
    @(279.6496 mm, 179.8323 mm): PTH pad B29 [Vbat] of J1
[unconnected_items]: Missing connection between items
    Local override; error
    @(282.1896 mm, 182.3723 mm): PTH pad A30 [Vbat] of J1
    @(279.6496 mm, 182.3723 mm): PTH pad B30 [Vbat] of J1
[unconnected_items]: Missing connection between items
    Local override; error
    @(141.4756 mm, 113.7908 mm): PTH pad b30 [/Can Split Terminators/Strobe1.+] of J2
    @(153.2322 mm, 115.0907 mm): PTH pad 3 [/Can Split Terminators/Strobe1.+] of SW5
[unconnected_items]: Missing connection between items
    Local override; error
    @(159.7671 mm, 113.7908 mm): PTH pad b3 [/Can Split Terminators/Strobe1.+] of J16
    @(153.2322 mm, 115.0907 mm): PTH pad 3 [/Can Split Terminators/Strobe1.+] of SW5
[unconnected_items]: Missing connection between items
    Local override; error
    @(180.0861 mm, 113.7921 mm): PTH pad b3 [/Can Split Terminators/Strobe1.+] of J17
    @(159.7671 mm, 113.7908 mm): PTH pad b3 [/Can Split Terminators/Strobe1.+] of J16
[unconnected_items]: Missing connection between items
    Local override; error
    @(200.4060 mm, 113.7920 mm): PTH pad b3 [/Can Split Terminators/Strobe1.+] of J18
    @(180.0861 mm, 113.7921 mm): PTH pad b3 [/Can Split Terminators/Strobe1.+] of J17
[unconnected_items]: Missing connection between items
    Local override; error
    @(220.7261 mm, 113.7923 mm): PTH pad b3 [/Can Split Terminators/Strobe1.+] of J19
    @(200.4060 mm, 113.7920 mm): PTH pad b3 [/Can Split Terminators/Strobe1.+] of J18
[unconnected_items]: Missing connection between items
    Local override; error
    @(241.0460 mm, 113.7924 mm): PTH pad b3 [/Can Split Terminators/Strobe1.+] of J20
    @(261.3657 mm, 113.7923 mm): PTH pad b3 [/Can Split Terminators/Strobe1.+] of J21
[unconnected_items]: Missing connection between items
    Local override; error
    @(241.0460 mm, 113.7924 mm): PTH pad b3 [/Can Split Terminators/Strobe1.+] of J20
    @(220.7261 mm, 113.7923 mm): PTH pad b3 [/Can Split Terminators/Strobe1.+] of J19
[unconnected_items]: Missing connection between items
    Local override; error
    @(275.3828 mm, 120.1957 mm): PTH pad 4 [/Can Split Terminators/Strobe1.+] of SW6
    @(279.6496 mm, 113.7923 mm): PTH pad B3 [/Can Split Terminators/Strobe1.+] of J1
[unconnected_items]: Missing connection between items
    Local override; error
    @(275.3828 mm, 120.1957 mm): PTH pad 4 [/Can Split Terminators/Strobe1.+] of SW6
    @(261.3657 mm, 113.7923 mm): PTH pad b3 [/Can Split Terminators/Strobe1.+] of J21
[unconnected_items]: Missing connection between items
    Local override; error
    @(141.4756 mm, 116.3308 mm): PTH pad b29 [/Can Split Terminators/Strobe1.-] of J2
    @(128.0550 mm, 127.1150 mm): Pad 2 [/Can Split Terminators/Strobe1.-] of R24 on B.Cu
[unconnected_items]: Missing connection between items
    Local override; error
    @(159.7671 mm, 116.3308 mm): PTH pad b4 [/Can Split Terminators/Strobe1.-] of J16
    @(141.4756 mm, 116.3308 mm): PTH pad b29 [/Can Split Terminators/Strobe1.-] of J2
[unconnected_items]: Missing connection between items
    Local override; error
    @(180.0861 mm, 116.3321 mm): PTH pad b4 [/Can Split Terminators/Strobe1.-] of J17
    @(159.7671 mm, 116.3308 mm): PTH pad b4 [/Can Split Terminators/Strobe1.-] of J16
[unconnected_items]: Missing connection between items
    Local override; error
    @(180.0861 mm, 116.3321 mm): PTH pad b4 [/Can Split Terminators/Strobe1.-] of J17
    @(200.4060 mm, 116.3320 mm): PTH pad b4 [/Can Split Terminators/Strobe1.-] of J18
[unconnected_items]: Missing connection between items
    Local override; error
    @(200.4060 mm, 116.3320 mm): PTH pad b4 [/Can Split Terminators/Strobe1.-] of J18
    @(220.7261 mm, 116.3323 mm): PTH pad b4 [/Can Split Terminators/Strobe1.-] of J19
[unconnected_items]: Missing connection between items
    Local override; error
    @(220.7261 mm, 116.3323 mm): PTH pad b4 [/Can Split Terminators/Strobe1.-] of J19
    @(241.0460 mm, 116.3324 mm): PTH pad b4 [/Can Split Terminators/Strobe1.-] of J20
[unconnected_items]: Missing connection between items
    Local override; error
    @(241.0460 mm, 116.3324 mm): PTH pad b4 [/Can Split Terminators/Strobe1.-] of J20
    @(261.3657 mm, 116.3323 mm): PTH pad b4 [/Can Split Terminators/Strobe1.-] of J21
[unconnected_items]: Missing connection between items
    Local override; error
    @(261.3657 mm, 116.3323 mm): PTH pad b4 [/Can Split Terminators/Strobe1.-] of J21
    @(279.6496 mm, 116.3323 mm): PTH pad B4 [/Can Split Terminators/Strobe1.-] of J1
[unconnected_items]: Missing connection between items
    Local override; error
    @(306.1450 mm, 163.3750 mm): Pad 2 [/Can Split Terminators/Strobe1.-] of R22 on F.Cu
    @(279.6496 mm, 116.3323 mm): PTH pad B4 [/Can Split Terminators/Strobe1.-] of J1
[unconnected_items]: Missing connection between items
    Local override; error
    @(144.0156 mm, 118.8708 mm): PTH pad c28 [/Can Split Terminators/CAN2.+] of J2
    @(138.9356 mm, 118.8708 mm): PTH pad a28 [/Can Split Terminators/CAN2.+] of J2
[unconnected_items]: Missing connection between items
    Local override; error
    @(144.0156 mm, 118.8708 mm): PTH pad c28 [/Can Split Terminators/CAN2.+] of J2
    @(153.2322 mm, 117.6307 mm): PTH pad 2 [/Can Split Terminators/CAN2.+] of SW5
[unconnected_items]: Missing connection between items
    Local override; error
    @(157.2271 mm, 118.8708 mm): PTH pad a5 [/Can Split Terminators/CAN2.+] of J16
    @(153.2322 mm, 117.6307 mm): PTH pad 2 [/Can Split Terminators/CAN2.+] of SW5
[unconnected_items]: Missing connection between items
    Local override; error
    @(157.2271 mm, 118.8708 mm): PTH pad a5 [/Can Split Terminators/CAN2.+] of J16
    @(162.3071 mm, 118.8708 mm): PTH pad c5 [/Can Split Terminators/CAN2.+] of J16
[unconnected_items]: Missing connection between items
    Local override; error
    @(162.3071 mm, 118.8708 mm): PTH pad c5 [/Can Split Terminators/CAN2.+] of J16
    @(177.5461 mm, 118.8721 mm): PTH pad a5 [/Can Split Terminators/CAN2.+] of J17
[unconnected_items]: Missing connection between items
    Local override; error
    @(182.6261 mm, 118.8721 mm): PTH pad c5 [/Can Split Terminators/CAN2.+] of J17
    @(177.5461 mm, 118.8721 mm): PTH pad a5 [/Can Split Terminators/CAN2.+] of J17
[unconnected_items]: Missing connection between items
    Local override; error
    @(197.8660 mm, 118.8720 mm): PTH pad a5 [/Can Split Terminators/CAN2.+] of J18
    @(202.9460 mm, 118.8720 mm): PTH pad c5 [/Can Split Terminators/CAN2.+] of J18
[unconnected_items]: Missing connection between items
    Local override; error
    @(197.8660 mm, 118.8720 mm): PTH pad a5 [/Can Split Terminators/CAN2.+] of J18
    @(182.6261 mm, 118.8721 mm): PTH pad c5 [/Can Split Terminators/CAN2.+] of J17
[unconnected_items]: Missing connection between items
    Local override; error
    @(202.9460 mm, 118.8720 mm): PTH pad c5 [/Can Split Terminators/CAN2.+] of J18
    @(218.1861 mm, 118.8723 mm): PTH pad a5 [/Can Split Terminators/CAN2.+] of J19
[unconnected_items]: Missing connection between items
    Local override; error
    @(223.2661 mm, 118.8723 mm): PTH pad c5 [/Can Split Terminators/CAN2.+] of J19
    @(218.1861 mm, 118.8723 mm): PTH pad a5 [/Can Split Terminators/CAN2.+] of J19
[unconnected_items]: Missing connection between items
    Local override; error
    @(238.5060 mm, 118.8724 mm): PTH pad a5 [/Can Split Terminators/CAN2.+] of J20
    @(243.5860 mm, 118.8724 mm): PTH pad c5 [/Can Split Terminators/CAN2.+] of J20
[unconnected_items]: Missing connection between items
    Local override; error
    @(238.5060 mm, 118.8724 mm): PTH pad a5 [/Can Split Terminators/CAN2.+] of J20
    @(223.2661 mm, 118.8723 mm): PTH pad c5 [/Can Split Terminators/CAN2.+] of J19
[unconnected_items]: Missing connection between items
    Local override; error
    @(243.5860 mm, 118.8724 mm): PTH pad c5 [/Can Split Terminators/CAN2.+] of J20
    @(258.8257 mm, 118.8723 mm): PTH pad a5 [/Can Split Terminators/CAN2.+] of J21
[unconnected_items]: Missing connection between items
    Local override; error
    @(258.8257 mm, 118.8723 mm): PTH pad a5 [/Can Split Terminators/CAN2.+] of J21
    @(263.9057 mm, 118.8723 mm): PTH pad c5 [/Can Split Terminators/CAN2.+] of J21
[unconnected_items]: Missing connection between items
    Local override; error
    @(263.9057 mm, 118.8723 mm): PTH pad c5 [/Can Split Terminators/CAN2.+] of J21
    @(275.3828 mm, 117.6557 mm): PTH pad 5 [/Can Split Terminators/CAN2.+] of SW6
[unconnected_items]: Missing connection between items
    Local override; error
    @(275.3828 mm, 117.6557 mm): PTH pad 5 [/Can Split Terminators/CAN2.+] of SW6
    @(277.1096 mm, 118.8723 mm): PTH pad C5 [/Can Split Terminators/CAN2.+] of J1
[unconnected_items]: Missing connection between items
    Local override; error
    @(282.1896 mm, 118.8723 mm): PTH pad A5 [/Can Split Terminators/CAN2.+] of J1
    @(277.1096 mm, 118.8723 mm): PTH pad C5 [/Can Split Terminators/CAN2.+] of J1
[unconnected_items]: Missing connection between items
    Local override; error
    @(138.9356 mm, 121.4108 mm): PTH pad a27 [/Can Split Terminators/CAN2.-] of J2
    @(128.6750 mm, 124.8650 mm): Pad 2 [/Can Split Terminators/CAN2.-] of R11 on B.Cu
[unconnected_items]: Missing connection between items
    Local override; error
    @(144.0156 mm, 121.4108 mm): PTH pad c27 [/Can Split Terminators/CAN2.-] of J2
    @(138.9356 mm, 121.4108 mm): PTH pad a27 [/Can Split Terminators/CAN2.-] of J2
[unconnected_items]: Missing connection between items
    Local override; error
    @(157.2271 mm, 121.4108 mm): PTH pad a6 [/Can Split Terminators/CAN2.-] of J16
    @(144.0156 mm, 121.4108 mm): PTH pad c27 [/Can Split Terminators/CAN2.-] of J2
[unconnected_items]: Missing connection between items
    Local override; error
    @(162.3071 mm, 121.4108 mm): PTH pad c6 [/Can Split Terminators/CAN2.-] of J16
    @(157.2271 mm, 121.4108 mm): PTH pad a6 [/Can Split Terminators/CAN2.-] of J16
[unconnected_items]: Missing connection between items
    Local override; error
    @(177.5461 mm, 121.4121 mm): PTH pad a6 [/Can Split Terminators/CAN2.-] of J17
    @(162.3071 mm, 121.4108 mm): PTH pad c6 [/Can Split Terminators/CAN2.-] of J16
[unconnected_items]: Missing connection between items
    Local override; error
    @(182.6261 mm, 121.4121 mm): PTH pad c6 [/Can Split Terminators/CAN2.-] of J17
    @(177.5461 mm, 121.4121 mm): PTH pad a6 [/Can Split Terminators/CAN2.-] of J17
[unconnected_items]: Missing connection between items
    Local override; error
    @(182.6261 mm, 121.4121 mm): PTH pad c6 [/Can Split Terminators/CAN2.-] of J17
    @(197.8660 mm, 121.4120 mm): PTH pad a6 [/Can Split Terminators/CAN2.-] of J18
[unconnected_items]: Missing connection between items
    Local override; error
    @(202.9460 mm, 121.4120 mm): PTH pad c6 [/Can Split Terminators/CAN2.-] of J18
    @(197.8660 mm, 121.4120 mm): PTH pad a6 [/Can Split Terminators/CAN2.-] of J18
[unconnected_items]: Missing connection between items
    Local override; error
    @(218.1861 mm, 121.4123 mm): PTH pad a6 [/Can Split Terminators/CAN2.-] of J19
    @(223.2661 mm, 121.4123 mm): PTH pad c6 [/Can Split Terminators/CAN2.-] of J19
[unconnected_items]: Missing connection between items
    Local override; error
    @(218.1861 mm, 121.4123 mm): PTH pad a6 [/Can Split Terminators/CAN2.-] of J19
    @(202.9460 mm, 121.4120 mm): PTH pad c6 [/Can Split Terminators/CAN2.-] of J18
[unconnected_items]: Missing connection between items
    Local override; error
    @(223.2661 mm, 121.4123 mm): PTH pad c6 [/Can Split Terminators/CAN2.-] of J19
    @(238.5060 mm, 121.4124 mm): PTH pad a6 [/Can Split Terminators/CAN2.-] of J20
[unconnected_items]: Missing connection between items
    Local override; error
    @(238.5060 mm, 121.4124 mm): PTH pad a6 [/Can Split Terminators/CAN2.-] of J20
    @(243.5860 mm, 121.4124 mm): PTH pad c6 [/Can Split Terminators/CAN2.-] of J20
[unconnected_items]: Missing connection between items
    Local override; error
    @(258.8257 mm, 121.4123 mm): PTH pad a6 [/Can Split Terminators/CAN2.-] of J21
    @(243.5860 mm, 121.4124 mm): PTH pad c6 [/Can Split Terminators/CAN2.-] of J20
[unconnected_items]: Missing connection between items
    Local override; error
    @(263.9057 mm, 121.4123 mm): PTH pad c6 [/Can Split Terminators/CAN2.-] of J21
    @(258.8257 mm, 121.4123 mm): PTH pad a6 [/Can Split Terminators/CAN2.-] of J21
[unconnected_items]: Missing connection between items
    Local override; error
    @(277.1096 mm, 121.4123 mm): PTH pad C6 [/Can Split Terminators/CAN2.-] of J1
    @(282.1896 mm, 121.4123 mm): PTH pad A6 [/Can Split Terminators/CAN2.-] of J1
[unconnected_items]: Missing connection between items
    Local override; error
    @(277.1096 mm, 121.4123 mm): PTH pad C6 [/Can Split Terminators/CAN2.-] of J1
    @(263.9057 mm, 121.4123 mm): PTH pad c6 [/Can Split Terminators/CAN2.-] of J21
[unconnected_items]: Missing connection between items
    Local override; error
    @(315.1210 mm, 128.0000 mm): Pad 2 [/Can Split Terminators/CAN2.-] of R8 on B.Cu
    @(282.1896 mm, 121.4123 mm): PTH pad A6 [/Can Split Terminators/CAN2.-] of J1
[unconnected_items]: Missing connection between items
    Local override; error
    @(223.2661 mm, 123.9523 mm): PTH pad c7 [/Port4/GPIOR0] of J19
    @(238.5060 mm, 123.9524 mm): PTH pad a7 [/Port4/GPIOR0] of J20
[unconnected_items]: Missing connection between items
    Local override; error
    @(223.2661 mm, 126.4923 mm): PTH pad c8 [/Port4/GPIOR1] of J19
    @(238.5060 mm, 126.4924 mm): PTH pad a8 [/Port4/GPIOR1] of J20
[unconnected_items]: Missing connection between items
    Local override; error
    @(223.2661 mm, 129.0323 mm): PTH pad c9 [/Port4/GPIOR2] of J19
    @(238.5060 mm, 129.0324 mm): PTH pad a9 [/Port4/GPIOR2] of J20
[unconnected_items]: Missing connection between items
    Local override; error
    @(223.2661 mm, 131.5723 mm): PTH pad c10 [/Port4/GPIOR3] of J19
    @(238.5060 mm, 131.5724 mm): PTH pad a10 [/Port4/GPIOR3] of J20
[unconnected_items]: Missing connection between items
    Local override; error
    @(223.2661 mm, 134.1123 mm): PTH pad c11 [/Port4/GPIOR4] of J19
    @(238.5060 mm, 134.1124 mm): PTH pad a11 [/Port4/GPIOR4] of J20
[unconnected_items]: Missing connection between items
    Local override; error
    @(223.2661 mm, 136.6523 mm): PTH pad c12 [/Port4/GPIOR5] of J19
    @(238.5060 mm, 136.6524 mm): PTH pad a12 [/Port4/GPIOR5] of J20
[unconnected_items]: Missing connection between items
    Local override; error
    @(223.2661 mm, 139.1923 mm): PTH pad c13 [/Port4/GPIOR6] of J19
    @(238.5060 mm, 139.1924 mm): PTH pad a13 [/Port4/GPIOR6] of J20
[unconnected_items]: Missing connection between items
    Local override; error
    @(223.2661 mm, 141.7323 mm): PTH pad c14 [/Port4/GPIOR7] of J19
    @(238.5060 mm, 141.7324 mm): PTH pad a14 [/Port4/GPIOR7] of J20
[unconnected_items]: Missing connection between items
    Local override; error
    @(223.2661 mm, 144.2723 mm): PTH pad c15 [/Port4/GPIOR8] of J19
    @(238.5060 mm, 144.2724 mm): PTH pad a15 [/Port4/GPIOR8] of J20
[unconnected_items]: Missing connection between items
    Local override; error
    @(223.2661 mm, 146.8123 mm): PTH pad c16 [/Port4/GPIOR9] of J19
    @(238.5060 mm, 146.8124 mm): PTH pad a16 [/Port4/GPIOR9] of J20
[unconnected_items]: Missing connection between items
    Local override; error
    @(223.2661 mm, 149.3523 mm): PTH pad c17 [/Port4/GPIOR10] of J19
    @(238.5060 mm, 149.3524 mm): PTH pad a17 [/Port4/GPIOR10] of J20
[unconnected_items]: Missing connection between items
    Local override; error
    @(223.2661 mm, 151.8923 mm): PTH pad c18 [/Port4/GPIOR11] of J19
    @(238.5060 mm, 151.8924 mm): PTH pad a18 [/Port4/GPIOR11] of J20
[unconnected_items]: Missing connection between items
    Local override; error
    @(223.2661 mm, 154.4323 mm): PTH pad c19 [/Port4/GPIOR12] of J19
    @(238.5060 mm, 154.4324 mm): PTH pad a19 [/Port4/GPIOR12] of J20
[unconnected_items]: Missing connection between items
    Local override; error
    @(223.2661 mm, 156.9723 mm): PTH pad c20 [/Port4/GPIOR13] of J19
    @(238.5060 mm, 156.9724 mm): PTH pad a20 [/Port4/GPIOR13] of J20
[unconnected_items]: Missing connection between items
    Local override; error
    @(223.2661 mm, 159.5123 mm): PTH pad c21 [/Port4/GPIOR14] of J19
    @(238.5060 mm, 159.5124 mm): PTH pad a21 [/Port4/GPIOR14] of J20
[unconnected_items]: Missing connection between items
    Local override; error
    @(223.2661 mm, 162.0523 mm): PTH pad c22 [/Port4/GPIOR15] of J19
    @(238.5060 mm, 162.0524 mm): PTH pad a22 [/Port4/GPIOR15] of J20
[unconnected_items]: Missing connection between items
    Local override; error
    @(202.9460 mm, 123.9520 mm): PTH pad c7 [/Port3/GPIOR0] of J18
    @(218.1861 mm, 123.9523 mm): PTH pad a7 [/Port3/GPIOR0] of J19
[unconnected_items]: Missing connection between items
    Local override; error
    @(202.9460 mm, 126.4920 mm): PTH pad c8 [/Port3/GPIOR1] of J18
    @(218.1861 mm, 126.4923 mm): PTH pad a8 [/Port3/GPIOR1] of J19

** Found 0 Footprint errors **

** Ignored checks **
    - Footprint has no courtyard defined
    - Track endpoint not centered on via
    - Tuning profile track geometries
    - Footprint doesn't match symbol's footprint filters
    - Footprint component type doesn't match footprint pads

** End of Report **
